record_id,line,product_variant,unit_id,date,defect_found,defect_type
D000286,Line A,Standard,LineA-STA-00286,2026-04-01,FALSE,
D000360,Line A,Standard,LineA-STA-00360,2026-04-01,FALSE,
D000453,Line A,Standard,LineA-STA-00453,2026-04-01,FALSE,
D000493,Line A,Standard,LineA-STA-00493,2026-04-01,FALSE,
D000694,Line A,Standard,LineA-STA-00694,2026-04-01,FALSE,
D000716,Line A,Standard,LineA-STA-00716,2026-04-01,FALSE,
D000851,Line A,Standard,LineA-STA-00851,2026-04-01,FALSE,
D000912,Line A,Standard,LineA-STA-00912,2026-04-01,FALSE,
D001083,Line A,Standard,LineA-STA-01083,2026-04-01,FALSE,
D001277,Line A,Standard,LineA-STA-01277,2026-04-01,FALSE,
D001312,Line A,Standard,LineA-STA-01312,2026-04-01,FALSE,
D001339,Line A,Standard,LineA-STA-01339,2026-04-01,FALSE,
D001541,Line A,Standard,LineA-STA-01541,2026-04-01,FALSE,
D001595,Line A,Standard,LineA-STA-01595,2026-04-01,FALSE,
D001605,Line A,Standard,LineA-STA-01605,2026-04-01,FALSE,
D001836,Line A,Standard,LineA-STA-01836,2026-04-01,FALSE,
D001885,Line A,Standard,LineA-STA-01885,2026-04-01,FALSE,
D001922,Line A,Standard,LineA-STA-01922,2026-04-01,FALSE,
D001991,Line A,Standard,LineA-STA-01991,2026-04-01,FALSE,
D002305,Line A,Pro,LineA-PRO-00055,2026-04-01,FALSE,
D002557,Line A,Pro,LineA-PRO-00307,2026-04-01,FALSE,
D002567,Line A,Pro,LineA-PRO-00317,2026-04-01,FALSE,
D002576,Line A,Pro,LineA-PRO-00326,2026-04-01,FALSE,
D002708,Line A,Pro,LineA-PRO-00458,2026-04-01,FALSE,
D002709,Line A,Pro,LineA-PRO-00459,2026-04-01,FALSE,
D002737,Line A,Pro,LineA-PRO-00487,2026-04-01,FALSE,
D002905,Line A,Pro,LineA-PRO-00655,2026-04-01,FALSE,
D003081,Line A,Pro,LineA-PRO-00831,2026-04-01,FALSE,
D003169,Line A,Pro,LineA-PRO-00919,2026-04-01,TRUE,capacitor_leak
D003191,Line A,Pro,LineA-PRO-00941,2026-04-01,FALSE,
D003365,Line A,Pro,LineA-PRO-01115,2026-04-01,FALSE,
D003846,Line A,Pro,LineA-PRO-01596,2026-04-01,FALSE,
D003966,Line A,Pro,LineA-PRO-01716,2026-04-01,FALSE,
D004052,Line A,Pro,LineA-PRO-01802,2026-04-01,FALSE,
D004084,Line A,Pro,LineA-PRO-01834,2026-04-01,FALSE,
D004217,Line A,Pro,LineA-PRO-01967,2026-04-01,FALSE,
D004421,Line A,Pro,LineA-PRO-02171,2026-04-01,FALSE,
D004533,Line A,Pro,LineA-PRO-02283,2026-04-01,FALSE,
D004636,Line A,Pro,LineA-PRO-02386,2026-04-01,FALSE,
D004802,Line A,Pro,LineA-PRO-02552,2026-04-01,FALSE,
D004808,Line A,Pro,LineA-PRO-02558,2026-04-01,FALSE,
D004855,Line A,Pro,LineA-PRO-02605,2026-04-01,FALSE,
D004858,Line A,Pro,LineA-PRO-02608,2026-04-01,FALSE,
D004909,Line A,Pro,LineA-PRO-02659,2026-04-01,FALSE,
D004949,Line A,Pro,LineA-PRO-02699,2026-04-01,FALSE,
D004971,Line A,Pro,LineA-PRO-02721,2026-04-01,FALSE,
D005075,Line B,Standard,LineB-STA-00075,2026-04-01,FALSE,
D005144,Line B,Standard,LineB-STA-00144,2026-04-01,FALSE,
D005220,Line B,Standard,LineB-STA-00220,2026-04-01,FALSE,
D005471,Line B,Standard,LineB-STA-00471,2026-04-01,FALSE,
D005551,Line B,Standard,LineB-STA-00551,2026-04-01,FALSE,
D005615,Line B,Standard,LineB-STA-00615,2026-04-01,FALSE,
D005624,Line B,Standard,LineB-STA-00624,2026-04-01,FALSE,
D005687,Line B,Standard,LineB-STA-00687,2026-04-01,FALSE,
D005776,Line B,Standard,LineB-STA-00776,2026-04-01,FALSE,
D005956,Line B,Standard,LineB-STA-00956,2026-04-01,FALSE,
D005973,Line B,Standard,LineB-STA-00973,2026-04-01,FALSE,
D006014,Line B,Standard,LineB-STA-01014,2026-04-01,FALSE,
D006091,Line B,Standard,LineB-STA-01091,2026-04-01,FALSE,
D006204,Line B,Standard,LineB-STA-01204,2026-04-01,FALSE,
D006328,Line B,Standard,LineB-STA-01328,2026-04-01,FALSE,
D006403,Line B,Standard,LineB-STA-01403,2026-04-01,FALSE,
D006626,Line B,Standard,LineB-STA-01626,2026-04-01,FALSE,
D006654,Line B,Standard,LineB-STA-01654,2026-04-01,FALSE,
D006719,Line B,Standard,LineB-STA-01719,2026-04-01,FALSE,
D006882,Line B,Standard,LineB-STA-01882,2026-04-01,FALSE,
D006972,Line B,Standard,LineB-STA-01972,2026-04-01,FALSE,
D007063,Line B,Standard,LineB-STA-02063,2026-04-01,FALSE,
D007228,Line B,Standard,LineB-STA-02228,2026-04-01,FALSE,
D007602,Line B,Standard,LineB-STA-02602,2026-04-01,FALSE,
D007668,Line B,Standard,LineB-STA-02668,2026-04-01,FALSE,
D007671,Line B,Standard,LineB-STA-02671,2026-04-01,FALSE,
D007833,Line B,Standard,LineB-STA-02833,2026-04-01,FALSE,
D007990,Line B,Standard,LineB-STA-02990,2026-04-01,FALSE,
D007992,Line B,Standard,LineB-STA-02992,2026-04-01,FALSE,
D008325,Line B,Standard,LineB-STA-03325,2026-04-01,FALSE,
D008352,Line B,Standard,LineB-STA-03352,2026-04-01,FALSE,
D008383,Line B,Standard,LineB-STA-03383,2026-04-01,FALSE,
D008572,Line B,Standard,LineB-STA-03572,2026-04-01,FALSE,
D008742,Line B,Standard,LineB-STA-03742,2026-04-01,FALSE,
D008754,Line B,Standard,LineB-STA-03754,2026-04-01,FALSE,
D008830,Line B,Standard,LineB-STA-03830,2026-04-01,FALSE,
D008835,Line B,Standard,LineB-STA-03835,2026-04-01,FALSE,
D008912,Line B,Standard,LineB-STA-03912,2026-04-01,FALSE,
D008990,Line B,Standard,LineB-STA-03990,2026-04-01,FALSE,
D009021,Line B,Standard,LineB-STA-04021,2026-04-01,FALSE,
D009159,Line B,Standard,LineB-STA-04159,2026-04-01,FALSE,
D009348,Line B,Pro,LineB-PRO-00098,2026-04-01,TRUE,component_misalignment
D009372,Line B,Pro,LineB-PRO-00122,2026-04-01,FALSE,
D009421,Line B,Pro,LineB-PRO-00171,2026-04-01,FALSE,
D009428,Line B,Pro,LineB-PRO-00178,2026-04-01,FALSE,
D009488,Line B,Pro,LineB-PRO-00238,2026-04-01,FALSE,
D009556,Line B,Pro,LineB-PRO-00306,2026-04-01,FALSE,
D009565,Line B,Pro,LineB-PRO-00315,2026-04-01,FALSE,
D009654,Line B,Pro,LineB-PRO-00404,2026-04-01,FALSE,
D009682,Line B,Pro,LineB-PRO-00432,2026-04-01,FALSE,
D009715,Line B,Pro,LineB-PRO-00465,2026-04-01,FALSE,
D009741,Line B,Pro,LineB-PRO-00491,2026-04-01,FALSE,
D009781,Line B,Pro,LineB-PRO-00531,2026-04-01,FALSE,
D009852,Line B,Pro,LineB-PRO-00602,2026-04-01,FALSE,
D009861,Line B,Pro,LineB-PRO-00611,2026-04-01,FALSE,
D009962,Line B,Pro,LineB-PRO-00712,2026-04-01,FALSE,
D010008,Line B,Pro,LineB-PRO-00758,2026-04-01,FALSE,
D000089,Line A,Standard,LineA-STA-00089,2026-04-02,FALSE,
D000314,Line A,Standard,LineA-STA-00314,2026-04-02,FALSE,
D000338,Line A,Standard,LineA-STA-00338,2026-04-02,FALSE,
D000370,Line A,Standard,LineA-STA-00370,2026-04-02,FALSE,
D000619,Line A,Standard,LineA-STA-00619,2026-04-02,FALSE,
D000702,Line A,Standard,LineA-STA-00702,2026-04-02,FALSE,
D000720,Line A,Standard,LineA-STA-00720,2026-04-02,FALSE,
D000765,Line A,Standard,LineA-STA-00765,2026-04-02,FALSE,
D000874,Line A,Standard,LineA-STA-00874,2026-04-02,FALSE,
D001158,Line A,Standard,LineA-STA-01158,2026-04-02,FALSE,
D001349,Line A,Standard,LineA-STA-01349,2026-04-02,FALSE,
D001350,Line A,Standard,LineA-STA-01350,2026-04-02,FALSE,
D001375,Line A,Standard,LineA-STA-01375,2026-04-02,FALSE,
D001446,Line A,Standard,LineA-STA-01446,2026-04-02,FALSE,
D001498,Line A,Standard,LineA-STA-01498,2026-04-02,FALSE,
D001502,Line A,Standard,LineA-STA-01502,2026-04-02,FALSE,
D001543,Line A,Standard,LineA-STA-01543,2026-04-02,FALSE,
D001579,Line A,Standard,LineA-STA-01579,2026-04-02,FALSE,
D001603,Line A,Standard,LineA-STA-01603,2026-04-02,FALSE,
D001702,Line A,Standard,LineA-STA-01702,2026-04-02,FALSE,
D001913,Line A,Standard,LineA-STA-01913,2026-04-02,FALSE,
D002090,Line A,Standard,LineA-STA-02090,2026-04-02,FALSE,
D002226,Line A,Standard,LineA-STA-02226,2026-04-02,FALSE,
D002230,Line A,Standard,LineA-STA-02230,2026-04-02,FALSE,
D002278,Line A,Pro,LineA-PRO-00028,2026-04-02,FALSE,
D002344,Line A,Pro,LineA-PRO-00094,2026-04-02,FALSE,
D002383,Line A,Pro,LineA-PRO-00133,2026-04-02,FALSE,
D002433,Line A,Pro,LineA-PRO-00183,2026-04-02,FALSE,
D002467,Line A,Pro,LineA-PRO-00217,2026-04-02,FALSE,
D002469,Line A,Pro,LineA-PRO-00219,2026-04-02,FALSE,
D002471,Line A,Pro,LineA-PRO-00221,2026-04-02,FALSE,
D002657,Line A,Pro,LineA-PRO-00407,2026-04-02,FALSE,
D002849,Line A,Pro,LineA-PRO-00599,2026-04-02,FALSE,
D002876,Line A,Pro,LineA-PRO-00626,2026-04-02,FALSE,
D003140,Line A,Pro,LineA-PRO-00890,2026-04-02,FALSE,
D003270,Line A,Pro,LineA-PRO-01020,2026-04-02,FALSE,
D003358,Line A,Pro,LineA-PRO-01108,2026-04-02,FALSE,
D003420,Line A,Pro,LineA-PRO-01170,2026-04-02,FALSE,
D003806,Line A,Pro,LineA-PRO-01556,2026-04-02,FALSE,
D003902,Line A,Pro,LineA-PRO-01652,2026-04-02,FALSE,
D003939,Line A,Pro,LineA-PRO-01689,2026-04-02,FALSE,
D004220,Line A,Pro,LineA-PRO-01970,2026-04-02,FALSE,
D004242,Line A,Pro,LineA-PRO-01992,2026-04-02,FALSE,
D004280,Line A,Pro,LineA-PRO-02030,2026-04-02,FALSE,
D004448,Line A,Pro,LineA-PRO-02198,2026-04-02,FALSE,
D004859,Line A,Pro,LineA-PRO-02609,2026-04-02,TRUE,component_misalignment
D004881,Line A,Pro,LineA-PRO-02631,2026-04-02,FALSE,
D004887,Line A,Pro,LineA-PRO-02637,2026-04-02,TRUE,firmware_flash_fail
D005199,Line B,Standard,LineB-STA-00199,2026-04-02,FALSE,
D005351,Line B,Standard,LineB-STA-00351,2026-04-02,FALSE,
D005383,Line B,Standard,LineB-STA-00383,2026-04-02,FALSE,
D005495,Line B,Standard,LineB-STA-00495,2026-04-02,FALSE,
D005513,Line B,Standard,LineB-STA-00513,2026-04-02,FALSE,
D005544,Line B,Standard,LineB-STA-00544,2026-04-02,FALSE,
D005574,Line B,Standard,LineB-STA-00574,2026-04-02,FALSE,
D005681,Line B,Standard,LineB-STA-00681,2026-04-02,FALSE,
D005695,Line B,Standard,LineB-STA-00695,2026-04-02,FALSE,
D005754,Line B,Standard,LineB-STA-00754,2026-04-02,FALSE,
D005800,Line B,Standard,LineB-STA-00800,2026-04-02,FALSE,
D005892,Line B,Standard,LineB-STA-00892,2026-04-02,FALSE,
D006055,Line B,Standard,LineB-STA-01055,2026-04-02,TRUE,component_misalignment
D006063,Line B,Standard,LineB-STA-01063,2026-04-02,FALSE,
D006238,Line B,Standard,LineB-STA-01238,2026-04-02,FALSE,
D006502,Line B,Standard,LineB-STA-01502,2026-04-02,FALSE,
D006528,Line B,Standard,LineB-STA-01528,2026-04-02,FALSE,
D006545,Line B,Standard,LineB-STA-01545,2026-04-02,FALSE,
D006615,Line B,Standard,LineB-STA-01615,2026-04-02,FALSE,
D006886,Line B,Standard,LineB-STA-01886,2026-04-02,FALSE,
D006999,Line B,Standard,LineB-STA-01999,2026-04-02,FALSE,
D007050,Line B,Standard,LineB-STA-02050,2026-04-02,FALSE,
D007119,Line B,Standard,LineB-STA-02119,2026-04-02,FALSE,
D007127,Line B,Standard,LineB-STA-02127,2026-04-02,FALSE,
D007329,Line B,Standard,LineB-STA-02329,2026-04-02,FALSE,
D007496,Line B,Standard,LineB-STA-02496,2026-04-02,FALSE,
D007670,Line B,Standard,LineB-STA-02670,2026-04-02,FALSE,
D007826,Line B,Standard,LineB-STA-02826,2026-04-02,FALSE,
D007861,Line B,Standard,LineB-STA-02861,2026-04-02,FALSE,
D007870,Line B,Standard,LineB-STA-02870,2026-04-02,FALSE,
D007938,Line B,Standard,LineB-STA-02938,2026-04-02,FALSE,
D008133,Line B,Standard,LineB-STA-03133,2026-04-02,FALSE,
D008253,Line B,Standard,LineB-STA-03253,2026-04-02,FALSE,
D008302,Line B,Standard,LineB-STA-03302,2026-04-02,FALSE,
D008303,Line B,Standard,LineB-STA-03303,2026-04-02,FALSE,
D008447,Line B,Standard,LineB-STA-03447,2026-04-02,FALSE,
D008495,Line B,Standard,LineB-STA-03495,2026-04-02,FALSE,
D008601,Line B,Standard,LineB-STA-03601,2026-04-02,FALSE,
D008808,Line B,Standard,LineB-STA-03808,2026-04-02,FALSE,
D008867,Line B,Standard,LineB-STA-03867,2026-04-02,FALSE,
D008896,Line B,Standard,LineB-STA-03896,2026-04-02,FALSE,
D009054,Line B,Standard,LineB-STA-04054,2026-04-02,FALSE,
D009120,Line B,Standard,LineB-STA-04120,2026-04-02,FALSE,
D009241,Line B,Standard,LineB-STA-04241,2026-04-02,FALSE,
D009245,Line B,Standard,LineB-STA-04245,2026-04-02,FALSE,
D009366,Line B,Pro,LineB-PRO-00116,2026-04-02,FALSE,
D009459,Line B,Pro,LineB-PRO-00209,2026-04-02,FALSE,
D009746,Line B,Pro,LineB-PRO-00496,2026-04-02,FALSE,
D009797,Line B,Pro,LineB-PRO-00547,2026-04-02,FALSE,
D009924,Line B,Pro,LineB-PRO-00674,2026-04-02,FALSE,
D000071,Line A,Standard,LineA-STA-00071,2026-04-03,FALSE,
D000156,Line A,Standard,LineA-STA-00156,2026-04-03,FALSE,
D000190,Line A,Standard,LineA-STA-00190,2026-04-03,FALSE,
D000450,Line A,Standard,LineA-STA-00450,2026-04-03,FALSE,
D000494,Line A,Standard,LineA-STA-00494,2026-04-03,FALSE,
D000514,Line A,Standard,LineA-STA-00514,2026-04-03,FALSE,
D000655,Line A,Standard,LineA-STA-00655,2026-04-03,FALSE,
D000715,Line A,Standard,LineA-STA-00715,2026-04-03,FALSE,
D000721,Line A,Standard,LineA-STA-00721,2026-04-03,FALSE,
D000726,Line A,Standard,LineA-STA-00726,2026-04-03,FALSE,
D000791,Line A,Standard,LineA-STA-00791,2026-04-03,FALSE,
D001052,Line A,Standard,LineA-STA-01052,2026-04-03,FALSE,
D001307,Line A,Standard,LineA-STA-01307,2026-04-03,FALSE,
D001443,Line A,Standard,LineA-STA-01443,2026-04-03,FALSE,
D001717,Line A,Standard,LineA-STA-01717,2026-04-03,FALSE,
D001768,Line A,Standard,LineA-STA-01768,2026-04-03,FALSE,
D001833,Line A,Standard,LineA-STA-01833,2026-04-03,FALSE,
D001845,Line A,Standard,LineA-STA-01845,2026-04-03,FALSE,
D001944,Line A,Standard,LineA-STA-01944,2026-04-03,FALSE,
D002135,Line A,Standard,LineA-STA-02135,2026-04-03,FALSE,
D002224,Line A,Standard,LineA-STA-02224,2026-04-03,FALSE,
D002552,Line A,Pro,LineA-PRO-00302,2026-04-03,FALSE,
D002629,Line A,Pro,LineA-PRO-00379,2026-04-03,FALSE,
D002649,Line A,Pro,LineA-PRO-00399,2026-04-03,FALSE,
D002705,Line A,Pro,LineA-PRO-00455,2026-04-03,FALSE,
D002886,Line A,Pro,LineA-PRO-00636,2026-04-03,FALSE,
D002999,Line A,Pro,LineA-PRO-00749,2026-04-03,FALSE,
D003009,Line A,Pro,LineA-PRO-00759,2026-04-03,FALSE,
D003013,Line A,Pro,LineA-PRO-00763,2026-04-03,FALSE,
D003117,Line A,Pro,LineA-PRO-00867,2026-04-03,FALSE,
D003226,Line A,Pro,LineA-PRO-00976,2026-04-03,FALSE,
D003292,Line A,Pro,LineA-PRO-01042,2026-04-03,FALSE,
D003502,Line A,Pro,LineA-PRO-01252,2026-04-03,FALSE,
D003579,Line A,Pro,LineA-PRO-01329,2026-04-03,FALSE,
D003593,Line A,Pro,LineA-PRO-01343,2026-04-03,FALSE,
D003660,Line A,Pro,LineA-PRO-01410,2026-04-03,FALSE,
D003728,Line A,Pro,LineA-PRO-01478,2026-04-03,FALSE,
D003787,Line A,Pro,LineA-PRO-01537,2026-04-03,FALSE,
D003880,Line A,Pro,LineA-PRO-01630,2026-04-03,TRUE,solder_joint
D004108,Line A,Pro,LineA-PRO-01858,2026-04-03,FALSE,
D004191,Line A,Pro,LineA-PRO-01941,2026-04-03,FALSE,
D004216,Line A,Pro,LineA-PRO-01966,2026-04-03,FALSE,
D004245,Line A,Pro,LineA-PRO-01995,2026-04-03,FALSE,
D004265,Line A,Pro,LineA-PRO-02015,2026-04-03,FALSE,
D004271,Line A,Pro,LineA-PRO-02021,2026-04-03,FALSE,
D004301,Line A,Pro,LineA-PRO-02051,2026-04-03,FALSE,
D004319,Line A,Pro,LineA-PRO-02069,2026-04-03,FALSE,
D004363,Line A,Pro,LineA-PRO-02113,2026-04-03,TRUE,housing_crack
D004511,Line A,Pro,LineA-PRO-02261,2026-04-03,FALSE,
D004696,Line A,Pro,LineA-PRO-02446,2026-04-03,FALSE,
D004701,Line A,Pro,LineA-PRO-02451,2026-04-03,FALSE,
D004715,Line A,Pro,LineA-PRO-02465,2026-04-03,FALSE,
D004775,Line A,Pro,LineA-PRO-02525,2026-04-03,FALSE,
D004851,Line A,Pro,LineA-PRO-02601,2026-04-03,FALSE,
D004888,Line A,Pro,LineA-PRO-02638,2026-04-03,FALSE,
D004940,Line A,Pro,LineA-PRO-02690,2026-04-03,FALSE,
D005323,Line B,Standard,LineB-STA-00323,2026-04-03,FALSE,
D005324,Line B,Standard,LineB-STA-00324,2026-04-03,FALSE,
D005353,Line B,Standard,LineB-STA-00353,2026-04-03,FALSE,
D005382,Line B,Standard,LineB-STA-00382,2026-04-03,FALSE,
D005395,Line B,Standard,LineB-STA-00395,2026-04-03,FALSE,
D005420,Line B,Standard,LineB-STA-00420,2026-04-03,FALSE,
D005745,Line B,Standard,LineB-STA-00745,2026-04-03,FALSE,
D005798,Line B,Standard,LineB-STA-00798,2026-04-03,FALSE,
D005907,Line B,Standard,LineB-STA-00907,2026-04-03,FALSE,
D006125,Line B,Standard,LineB-STA-01125,2026-04-03,FALSE,
D006170,Line B,Standard,LineB-STA-01170,2026-04-03,FALSE,
D006207,Line B,Standard,LineB-STA-01207,2026-04-03,FALSE,
D006220,Line B,Standard,LineB-STA-01220,2026-04-03,FALSE,
D006281,Line B,Standard,LineB-STA-01281,2026-04-03,FALSE,
D006354,Line B,Standard,LineB-STA-01354,2026-04-03,FALSE,
D006365,Line B,Standard,LineB-STA-01365,2026-04-03,FALSE,
D006728,Line B,Standard,LineB-STA-01728,2026-04-03,FALSE,
D006803,Line B,Standard,LineB-STA-01803,2026-04-03,FALSE,
D006824,Line B,Standard,LineB-STA-01824,2026-04-03,FALSE,
D006836,Line B,Standard,LineB-STA-01836,2026-04-03,FALSE,
D006878,Line B,Standard,LineB-STA-01878,2026-04-03,FALSE,
D006885,Line B,Standard,LineB-STA-01885,2026-04-03,FALSE,
D006971,Line B,Standard,LineB-STA-01971,2026-04-03,FALSE,
D006991,Line B,Standard,LineB-STA-01991,2026-04-03,FALSE,
D007187,Line B,Standard,LineB-STA-02187,2026-04-03,FALSE,
D007443,Line B,Standard,LineB-STA-02443,2026-04-03,FALSE,
D007499,Line B,Standard,LineB-STA-02499,2026-04-03,FALSE,
D007560,Line B,Standard,LineB-STA-02560,2026-04-03,FALSE,
D007659,Line B,Standard,LineB-STA-02659,2026-04-03,FALSE,
D007980,Line B,Standard,LineB-STA-02980,2026-04-03,FALSE,
D008004,Line B,Standard,LineB-STA-03004,2026-04-03,FALSE,
D008037,Line B,Standard,LineB-STA-03037,2026-04-03,FALSE,
D008132,Line B,Standard,LineB-STA-03132,2026-04-03,FALSE,
D008184,Line B,Standard,LineB-STA-03184,2026-04-03,FALSE,
D008193,Line B,Standard,LineB-STA-03193,2026-04-03,FALSE,
D008219,Line B,Standard,LineB-STA-03219,2026-04-03,FALSE,
D008255,Line B,Standard,LineB-STA-03255,2026-04-03,FALSE,
D008456,Line B,Standard,LineB-STA-03456,2026-04-03,TRUE,capacitor_leak
D008462,Line B,Standard,LineB-STA-03462,2026-04-03,FALSE,
D008517,Line B,Standard,LineB-STA-03517,2026-04-03,FALSE,
D008548,Line B,Standard,LineB-STA-03548,2026-04-03,TRUE,housing_crack
D008635,Line B,Standard,LineB-STA-03635,2026-04-03,FALSE,
D008724,Line B,Standard,LineB-STA-03724,2026-04-03,FALSE,
D008853,Line B,Standard,LineB-STA-03853,2026-04-03,TRUE,connector_seating
D008877,Line B,Standard,LineB-STA-03877,2026-04-03,FALSE,
D009038,Line B,Standard,LineB-STA-04038,2026-04-03,FALSE,
D009187,Line B,Standard,LineB-STA-04187,2026-04-03,FALSE,
D009436,Line B,Pro,LineB-PRO-00186,2026-04-03,FALSE,
D009465,Line B,Pro,LineB-PRO-00215,2026-04-03,FALSE,
D009514,Line B,Pro,LineB-PRO-00264,2026-04-03,FALSE,
D009559,Line B,Pro,LineB-PRO-00309,2026-04-03,FALSE,
D009608,Line B,Pro,LineB-PRO-00358,2026-04-03,FALSE,
D009674,Line B,Pro,LineB-PRO-00424,2026-04-03,FALSE,
D009817,Line B,Pro,LineB-PRO-00567,2026-04-03,FALSE,
D009836,Line B,Pro,LineB-PRO-00586,2026-04-03,FALSE,
D009854,Line B,Pro,LineB-PRO-00604,2026-04-03,FALSE,
D009898,Line B,Pro,LineB-PRO-00648,2026-04-03,FALSE,
D000001,Line A,Standard,LineA-STA-00001,2026-04-04,FALSE,
D000013,Line A,Standard,LineA-STA-00013,2026-04-04,TRUE,screen_dead_pixel
D000166,Line A,Standard,LineA-STA-00166,2026-04-04,FALSE,
D000822,Line A,Standard,LineA-STA-00822,2026-04-04,FALSE,
D000867,Line A,Standard,LineA-STA-00867,2026-04-04,FALSE,
D000953,Line A,Standard,LineA-STA-00953,2026-04-04,FALSE,
D001025,Line A,Standard,LineA-STA-01025,2026-04-04,FALSE,
D001076,Line A,Standard,LineA-STA-01076,2026-04-04,FALSE,
D001177,Line A,Standard,LineA-STA-01177,2026-04-04,FALSE,
D001409,Line A,Standard,LineA-STA-01409,2026-04-04,FALSE,
D001514,Line A,Standard,LineA-STA-01514,2026-04-04,FALSE,
D001597,Line A,Standard,LineA-STA-01597,2026-04-04,FALSE,
D001691,Line A,Standard,LineA-STA-01691,2026-04-04,FALSE,
D001733,Line A,Standard,LineA-STA-01733,2026-04-04,FALSE,
D001781,Line A,Standard,LineA-STA-01781,2026-04-04,FALSE,
D001785,Line A,Standard,LineA-STA-01785,2026-04-04,FALSE,
D001813,Line A,Standard,LineA-STA-01813,2026-04-04,FALSE,
D001961,Line A,Standard,LineA-STA-01961,2026-04-04,FALSE,
D002001,Line A,Standard,LineA-STA-02001,2026-04-04,FALSE,
D002172,Line A,Standard,LineA-STA-02172,2026-04-04,FALSE,
D002192,Line A,Standard,LineA-STA-02192,2026-04-04,FALSE,
D002209,Line A,Standard,LineA-STA-02209,2026-04-04,FALSE,
D002370,Line A,Pro,LineA-PRO-00120,2026-04-04,FALSE,
D002484,Line A,Pro,LineA-PRO-00234,2026-04-04,FALSE,
D002620,Line A,Pro,LineA-PRO-00370,2026-04-04,TRUE,label_misprint
D002777,Line A,Pro,LineA-PRO-00527,2026-04-04,FALSE,
D002893,Line A,Pro,LineA-PRO-00643,2026-04-04,FALSE,
D003102,Line A,Pro,LineA-PRO-00852,2026-04-04,FALSE,
D003190,Line A,Pro,LineA-PRO-00940,2026-04-04,FALSE,
D003206,Line A,Pro,LineA-PRO-00956,2026-04-04,FALSE,
D003304,Line A,Pro,LineA-PRO-01054,2026-04-04,FALSE,
D003343,Line A,Pro,LineA-PRO-01093,2026-04-04,FALSE,
D003470,Line A,Pro,LineA-PRO-01220,2026-04-04,FALSE,
D003476,Line A,Pro,LineA-PRO-01226,2026-04-04,FALSE,
D003549,Line A,Pro,LineA-PRO-01299,2026-04-04,FALSE,
D003555,Line A,Pro,LineA-PRO-01305,2026-04-04,FALSE,
D003707,Line A,Pro,LineA-PRO-01457,2026-04-04,FALSE,
D003720,Line A,Pro,LineA-PRO-01470,2026-04-04,TRUE,connector_seating
D003838,Line A,Pro,LineA-PRO-01588,2026-04-04,FALSE,
D003926,Line A,Pro,LineA-PRO-01676,2026-04-04,FALSE,
D004062,Line A,Pro,LineA-PRO-01812,2026-04-04,FALSE,
D004073,Line A,Pro,LineA-PRO-01823,2026-04-04,FALSE,
D004248,Line A,Pro,LineA-PRO-01998,2026-04-04,FALSE,
D004446,Line A,Pro,LineA-PRO-02196,2026-04-04,TRUE,screen_dead_pixel
D004512,Line A,Pro,LineA-PRO-02262,2026-04-04,FALSE,
D004625,Line A,Pro,LineA-PRO-02375,2026-04-04,FALSE,
D004676,Line A,Pro,LineA-PRO-02426,2026-04-04,FALSE,
D004720,Line A,Pro,LineA-PRO-02470,2026-04-04,FALSE,
D004743,Line A,Pro,LineA-PRO-02493,2026-04-04,FALSE,
D004771,Line A,Pro,LineA-PRO-02521,2026-04-04,FALSE,
D004869,Line A,Pro,LineA-PRO-02619,2026-04-04,FALSE,
D004977,Line A,Pro,LineA-PRO-02727,2026-04-04,FALSE,
D004991,Line A,Pro,LineA-PRO-02741,2026-04-04,FALSE,
D004994,Line A,Pro,LineA-PRO-02744,2026-04-04,FALSE,
D005038,Line B,Standard,LineB-STA-00038,2026-04-04,FALSE,
D005138,Line B,Standard,LineB-STA-00138,2026-04-04,FALSE,
D005146,Line B,Standard,LineB-STA-00146,2026-04-04,FALSE,
D005284,Line B,Standard,LineB-STA-00284,2026-04-04,FALSE,
D005363,Line B,Standard,LineB-STA-00363,2026-04-04,FALSE,
D005429,Line B,Standard,LineB-STA-00429,2026-04-04,FALSE,
D005670,Line B,Standard,LineB-STA-00670,2026-04-04,FALSE,
D005711,Line B,Standard,LineB-STA-00711,2026-04-04,FALSE,
D005724,Line B,Standard,LineB-STA-00724,2026-04-04,FALSE,
D006118,Line B,Standard,LineB-STA-01118,2026-04-04,FALSE,
D006271,Line B,Standard,LineB-STA-01271,2026-04-04,FALSE,
D006344,Line B,Standard,LineB-STA-01344,2026-04-04,FALSE,
D006383,Line B,Standard,LineB-STA-01383,2026-04-04,FALSE,
D006419,Line B,Standard,LineB-STA-01419,2026-04-04,FALSE,
D006471,Line B,Standard,LineB-STA-01471,2026-04-04,FALSE,
D006496,Line B,Standard,LineB-STA-01496,2026-04-04,FALSE,
D006736,Line B,Standard,LineB-STA-01736,2026-04-04,FALSE,
D006910,Line B,Standard,LineB-STA-01910,2026-04-04,FALSE,
D006931,Line B,Standard,LineB-STA-01931,2026-04-04,FALSE,
D006936,Line B,Standard,LineB-STA-01936,2026-04-04,FALSE,
D007024,Line B,Standard,LineB-STA-02024,2026-04-04,FALSE,
D007034,Line B,Standard,LineB-STA-02034,2026-04-04,FALSE,
D007035,Line B,Standard,LineB-STA-02035,2026-04-04,FALSE,
D007037,Line B,Standard,LineB-STA-02037,2026-04-04,FALSE,
D007163,Line B,Standard,LineB-STA-02163,2026-04-04,FALSE,
D007379,Line B,Standard,LineB-STA-02379,2026-04-04,FALSE,
D007383,Line B,Standard,LineB-STA-02383,2026-04-04,FALSE,
D007389,Line B,Standard,LineB-STA-02389,2026-04-04,FALSE,
D007486,Line B,Standard,LineB-STA-02486,2026-04-04,FALSE,
D007577,Line B,Standard,LineB-STA-02577,2026-04-04,FALSE,
D007619,Line B,Standard,LineB-STA-02619,2026-04-04,FALSE,
D007675,Line B,Standard,LineB-STA-02675,2026-04-04,FALSE,
D007702,Line B,Standard,LineB-STA-02702,2026-04-04,FALSE,
D007770,Line B,Standard,LineB-STA-02770,2026-04-04,FALSE,
D007796,Line B,Standard,LineB-STA-02796,2026-04-04,FALSE,
D007961,Line B,Standard,LineB-STA-02961,2026-04-04,FALSE,
D008102,Line B,Standard,LineB-STA-03102,2026-04-04,FALSE,
D008229,Line B,Standard,LineB-STA-03229,2026-04-04,FALSE,
D008441,Line B,Standard,LineB-STA-03441,2026-04-04,FALSE,
D008606,Line B,Standard,LineB-STA-03606,2026-04-04,FALSE,
D008607,Line B,Standard,LineB-STA-03607,2026-04-04,FALSE,
D008646,Line B,Standard,LineB-STA-03646,2026-04-04,FALSE,
D008705,Line B,Standard,LineB-STA-03705,2026-04-04,FALSE,
D008728,Line B,Standard,LineB-STA-03728,2026-04-04,FALSE,
D008775,Line B,Standard,LineB-STA-03775,2026-04-04,FALSE,
D008806,Line B,Standard,LineB-STA-03806,2026-04-04,FALSE,
D008831,Line B,Standard,LineB-STA-03831,2026-04-04,FALSE,
D008864,Line B,Standard,LineB-STA-03864,2026-04-04,FALSE,
D008889,Line B,Standard,LineB-STA-03889,2026-04-04,FALSE,
D008905,Line B,Standard,LineB-STA-03905,2026-04-04,FALSE,
D009037,Line B,Standard,LineB-STA-04037,2026-04-04,FALSE,
D009039,Line B,Standard,LineB-STA-04039,2026-04-04,FALSE,
D009077,Line B,Standard,LineB-STA-04077,2026-04-04,FALSE,
D009091,Line B,Standard,LineB-STA-04091,2026-04-04,FALSE,
D009125,Line B,Standard,LineB-STA-04125,2026-04-04,FALSE,
D009181,Line B,Standard,LineB-STA-04181,2026-04-04,FALSE,
D009214,Line B,Standard,LineB-STA-04214,2026-04-04,FALSE,
D009529,Line B,Pro,LineB-PRO-00279,2026-04-04,FALSE,
D009609,Line B,Pro,LineB-PRO-00359,2026-04-04,FALSE,
D009971,Line B,Pro,LineB-PRO-00721,2026-04-04,FALSE,
D000130,Line A,Standard,LineA-STA-00130,2026-04-05,FALSE,
D000185,Line A,Standard,LineA-STA-00185,2026-04-05,FALSE,
D000305,Line A,Standard,LineA-STA-00305,2026-04-05,FALSE,
D000309,Line A,Standard,LineA-STA-00309,2026-04-05,FALSE,
D000313,Line A,Standard,LineA-STA-00313,2026-04-05,FALSE,
D000466,Line A,Standard,LineA-STA-00466,2026-04-05,FALSE,
D000510,Line A,Standard,LineA-STA-00510,2026-04-05,FALSE,
D000520,Line A,Standard,LineA-STA-00520,2026-04-05,FALSE,
D000690,Line A,Standard,LineA-STA-00690,2026-04-05,FALSE,
D000757,Line A,Standard,LineA-STA-00757,2026-04-05,FALSE,
D000982,Line A,Standard,LineA-STA-00982,2026-04-05,FALSE,
D001180,Line A,Standard,LineA-STA-01180,2026-04-05,FALSE,
D001207,Line A,Standard,LineA-STA-01207,2026-04-05,FALSE,
D001550,Line A,Standard,LineA-STA-01550,2026-04-05,FALSE,
D001745,Line A,Standard,LineA-STA-01745,2026-04-05,FALSE,
D001827,Line A,Standard,LineA-STA-01827,2026-04-05,FALSE,
D001890,Line A,Standard,LineA-STA-01890,2026-04-05,FALSE,
D001942,Line A,Standard,LineA-STA-01942,2026-04-05,FALSE,
D002055,Line A,Standard,LineA-STA-02055,2026-04-05,FALSE,
D002118,Line A,Standard,LineA-STA-02118,2026-04-05,FALSE,
D002127,Line A,Standard,LineA-STA-02127,2026-04-05,FALSE,
D002178,Line A,Standard,LineA-STA-02178,2026-04-05,FALSE,
D002314,Line A,Pro,LineA-PRO-00064,2026-04-05,TRUE,solder_joint
D002355,Line A,Pro,LineA-PRO-00105,2026-04-05,FALSE,
D002399,Line A,Pro,LineA-PRO-00149,2026-04-05,FALSE,
D002483,Line A,Pro,LineA-PRO-00233,2026-04-05,FALSE,
D002546,Line A,Pro,LineA-PRO-00296,2026-04-05,FALSE,
D002558,Line A,Pro,LineA-PRO-00308,2026-04-05,FALSE,
D002618,Line A,Pro,LineA-PRO-00368,2026-04-05,FALSE,
D002630,Line A,Pro,LineA-PRO-00380,2026-04-05,FALSE,
D002645,Line A,Pro,LineA-PRO-00395,2026-04-05,FALSE,
D002730,Line A,Pro,LineA-PRO-00480,2026-04-05,FALSE,
D002822,Line A,Pro,LineA-PRO-00572,2026-04-05,FALSE,
D002865,Line A,Pro,LineA-PRO-00615,2026-04-05,FALSE,
D002912,Line A,Pro,LineA-PRO-00662,2026-04-05,FALSE,
D003065,Line A,Pro,LineA-PRO-00815,2026-04-05,FALSE,
D003324,Line A,Pro,LineA-PRO-01074,2026-04-05,FALSE,
D003503,Line A,Pro,LineA-PRO-01253,2026-04-05,FALSE,
D003512,Line A,Pro,LineA-PRO-01262,2026-04-05,FALSE,
D003513,Line A,Pro,LineA-PRO-01263,2026-04-05,FALSE,
D003582,Line A,Pro,LineA-PRO-01332,2026-04-05,FALSE,
D003790,Line A,Pro,LineA-PRO-01540,2026-04-05,TRUE,solder_joint
D003818,Line A,Pro,LineA-PRO-01568,2026-04-05,FALSE,
D004022,Line A,Pro,LineA-PRO-01772,2026-04-05,TRUE,screen_dead_pixel
D004289,Line A,Pro,LineA-PRO-02039,2026-04-05,FALSE,
D004370,Line A,Pro,LineA-PRO-02120,2026-04-05,FALSE,
D004459,Line A,Pro,LineA-PRO-02209,2026-04-05,FALSE,
D004495,Line A,Pro,LineA-PRO-02245,2026-04-05,FALSE,
D004604,Line A,Pro,LineA-PRO-02354,2026-04-05,FALSE,
D004902,Line A,Pro,LineA-PRO-02652,2026-04-05,FALSE,
D005036,Line B,Standard,LineB-STA-00036,2026-04-05,FALSE,
D005186,Line B,Standard,LineB-STA-00186,2026-04-05,FALSE,
D005196,Line B,Standard,LineB-STA-00196,2026-04-05,FALSE,
D005229,Line B,Standard,LineB-STA-00229,2026-04-05,FALSE,
D005352,Line B,Standard,LineB-STA-00352,2026-04-05,FALSE,
D005368,Line B,Standard,LineB-STA-00368,2026-04-05,FALSE,
D005465,Line B,Standard,LineB-STA-00465,2026-04-05,FALSE,
D005502,Line B,Standard,LineB-STA-00502,2026-04-05,FALSE,
D005698,Line B,Standard,LineB-STA-00698,2026-04-05,FALSE,
D005722,Line B,Standard,LineB-STA-00722,2026-04-05,FALSE,
D005844,Line B,Standard,LineB-STA-00844,2026-04-05,FALSE,
D005870,Line B,Standard,LineB-STA-00870,2026-04-05,FALSE,
D005886,Line B,Standard,LineB-STA-00886,2026-04-05,FALSE,
D006130,Line B,Standard,LineB-STA-01130,2026-04-05,FALSE,
D006134,Line B,Standard,LineB-STA-01134,2026-04-05,FALSE,
D006159,Line B,Standard,LineB-STA-01159,2026-04-05,FALSE,
D006255,Line B,Standard,LineB-STA-01255,2026-04-05,TRUE,label_misprint
D006404,Line B,Standard,LineB-STA-01404,2026-04-05,FALSE,
D006466,Line B,Standard,LineB-STA-01466,2026-04-05,FALSE,
D006551,Line B,Standard,LineB-STA-01551,2026-04-05,FALSE,
D006839,Line B,Standard,LineB-STA-01839,2026-04-05,FALSE,
D007006,Line B,Standard,LineB-STA-02006,2026-04-05,FALSE,
D007039,Line B,Standard,LineB-STA-02039,2026-04-05,FALSE,
D007113,Line B,Standard,LineB-STA-02113,2026-04-05,FALSE,
D007122,Line B,Standard,LineB-STA-02122,2026-04-05,FALSE,
D007374,Line B,Standard,LineB-STA-02374,2026-04-05,FALSE,
D007704,Line B,Standard,LineB-STA-02704,2026-04-05,FALSE,
D007911,Line B,Standard,LineB-STA-02911,2026-04-05,FALSE,
D007917,Line B,Standard,LineB-STA-02917,2026-04-05,FALSE,
D007985,Line B,Standard,LineB-STA-02985,2026-04-05,FALSE,
D008000,Line B,Standard,LineB-STA-03000,2026-04-05,FALSE,
D008127,Line B,Standard,LineB-STA-03127,2026-04-05,FALSE,
D008250,Line B,Standard,LineB-STA-03250,2026-04-05,FALSE,
D008262,Line B,Standard,LineB-STA-03262,2026-04-05,FALSE,
D008655,Line B,Standard,LineB-STA-03655,2026-04-05,FALSE,
D008737,Line B,Standard,LineB-STA-03737,2026-04-05,FALSE,
D008854,Line B,Standard,LineB-STA-03854,2026-04-05,FALSE,
D008890,Line B,Standard,LineB-STA-03890,2026-04-05,FALSE,
D009073,Line B,Standard,LineB-STA-04073,2026-04-05,FALSE,
D009093,Line B,Standard,LineB-STA-04093,2026-04-05,FALSE,
D009110,Line B,Standard,LineB-STA-04110,2026-04-05,FALSE,
D009197,Line B,Standard,LineB-STA-04197,2026-04-05,FALSE,
D009272,Line B,Pro,LineB-PRO-00022,2026-04-05,FALSE,
D009292,Line B,Pro,LineB-PRO-00042,2026-04-05,FALSE,
D009321,Line B,Pro,LineB-PRO-00071,2026-04-05,FALSE,
D009328,Line B,Pro,LineB-PRO-00078,2026-04-05,FALSE,
D009365,Line B,Pro,LineB-PRO-00115,2026-04-05,FALSE,
D009415,Line B,Pro,LineB-PRO-00165,2026-04-05,FALSE,
D009553,Line B,Pro,LineB-PRO-00303,2026-04-05,FALSE,
D009581,Line B,Pro,LineB-PRO-00331,2026-04-05,FALSE,
D009589,Line B,Pro,LineB-PRO-00339,2026-04-05,FALSE,
D009922,Line B,Pro,LineB-PRO-00672,2026-04-05,FALSE,
D009994,Line B,Pro,LineB-PRO-00744,2026-04-05,FALSE,
D010011,Line B,Pro,LineB-PRO-00761,2026-04-05,FALSE,
D000003,Line A,Standard,LineA-STA-00003,2026-04-06,FALSE,
D000097,Line A,Standard,LineA-STA-00097,2026-04-06,FALSE,
D000128,Line A,Standard,LineA-STA-00128,2026-04-06,FALSE,
D000129,Line A,Standard,LineA-STA-00129,2026-04-06,FALSE,
D000254,Line A,Standard,LineA-STA-00254,2026-04-06,FALSE,
D000457,Line A,Standard,LineA-STA-00457,2026-04-06,FALSE,
D000527,Line A,Standard,LineA-STA-00527,2026-04-06,FALSE,
D000608,Line A,Standard,LineA-STA-00608,2026-04-06,FALSE,
D000651,Line A,Standard,LineA-STA-00651,2026-04-06,FALSE,
D000776,Line A,Standard,LineA-STA-00776,2026-04-06,FALSE,
D000783,Line A,Standard,LineA-STA-00783,2026-04-06,FALSE,
D000997,Line A,Standard,LineA-STA-00997,2026-04-06,FALSE,
D001049,Line A,Standard,LineA-STA-01049,2026-04-06,FALSE,
D001198,Line A,Standard,LineA-STA-01198,2026-04-06,FALSE,
D001303,Line A,Standard,LineA-STA-01303,2026-04-06,FALSE,
D001449,Line A,Standard,LineA-STA-01449,2026-04-06,FALSE,
D001542,Line A,Standard,LineA-STA-01542,2026-04-06,FALSE,
D001545,Line A,Standard,LineA-STA-01545,2026-04-06,FALSE,
D001569,Line A,Standard,LineA-STA-01569,2026-04-06,FALSE,
D001619,Line A,Standard,LineA-STA-01619,2026-04-06,FALSE,
D001678,Line A,Standard,LineA-STA-01678,2026-04-06,FALSE,
D001726,Line A,Standard,LineA-STA-01726,2026-04-06,FALSE,
D002023,Line A,Standard,LineA-STA-02023,2026-04-06,FALSE,
D002070,Line A,Standard,LineA-STA-02070,2026-04-06,FALSE,
D002440,Line A,Pro,LineA-PRO-00190,2026-04-06,TRUE,cosmetic_scratch
D002601,Line A,Pro,LineA-PRO-00351,2026-04-06,FALSE,
D002633,Line A,Pro,LineA-PRO-00383,2026-04-06,FALSE,
D002652,Line A,Pro,LineA-PRO-00402,2026-04-06,FALSE,
D002684,Line A,Pro,LineA-PRO-00434,2026-04-06,FALSE,
D002698,Line A,Pro,LineA-PRO-00448,2026-04-06,FALSE,
D002771,Line A,Pro,LineA-PRO-00521,2026-04-06,FALSE,
D002861,Line A,Pro,LineA-PRO-00611,2026-04-06,FALSE,
D002862,Line A,Pro,LineA-PRO-00612,2026-04-06,FALSE,
D002935,Line A,Pro,LineA-PRO-00685,2026-04-06,FALSE,
D003055,Line A,Pro,LineA-PRO-00805,2026-04-06,FALSE,
D003096,Line A,Pro,LineA-PRO-00846,2026-04-06,FALSE,
D003183,Line A,Pro,LineA-PRO-00933,2026-04-06,FALSE,
D003321,Line A,Pro,LineA-PRO-01071,2026-04-06,FALSE,
D003331,Line A,Pro,LineA-PRO-01081,2026-04-06,FALSE,
D003398,Line A,Pro,LineA-PRO-01148,2026-04-06,FALSE,
D003551,Line A,Pro,LineA-PRO-01301,2026-04-06,FALSE,
D003726,Line A,Pro,LineA-PRO-01476,2026-04-06,FALSE,
D003965,Line A,Pro,LineA-PRO-01715,2026-04-06,FALSE,
D003977,Line A,Pro,LineA-PRO-01727,2026-04-06,FALSE,
D003995,Line A,Pro,LineA-PRO-01745,2026-04-06,FALSE,
D004030,Line A,Pro,LineA-PRO-01780,2026-04-06,FALSE,
D004145,Line A,Pro,LineA-PRO-01895,2026-04-06,TRUE,battery_swell
D004175,Line A,Pro,LineA-PRO-01925,2026-04-06,FALSE,
D004196,Line A,Pro,LineA-PRO-01946,2026-04-06,FALSE,
D004383,Line A,Pro,LineA-PRO-02133,2026-04-06,FALSE,
D004399,Line A,Pro,LineA-PRO-02149,2026-04-06,FALSE,
D004616,Line A,Pro,LineA-PRO-02366,2026-04-06,FALSE,
D004640,Line A,Pro,LineA-PRO-02390,2026-04-06,TRUE,capacitor_leak
D004669,Line A,Pro,LineA-PRO-02419,2026-04-06,FALSE,
D004713,Line A,Pro,LineA-PRO-02463,2026-04-06,FALSE,
D004801,Line A,Pro,LineA-PRO-02551,2026-04-06,FALSE,
D004820,Line A,Pro,LineA-PRO-02570,2026-04-06,FALSE,
D004964,Line A,Pro,LineA-PRO-02714,2026-04-06,FALSE,
D005058,Line B,Standard,LineB-STA-00058,2026-04-06,FALSE,
D005106,Line B,Standard,LineB-STA-00106,2026-04-06,FALSE,
D005140,Line B,Standard,LineB-STA-00140,2026-04-06,FALSE,
D005308,Line B,Standard,LineB-STA-00308,2026-04-06,FALSE,
D005359,Line B,Standard,LineB-STA-00359,2026-04-06,FALSE,
D005704,Line B,Standard,LineB-STA-00704,2026-04-06,FALSE,
D005769,Line B,Standard,LineB-STA-00769,2026-04-06,FALSE,
D005925,Line B,Standard,LineB-STA-00925,2026-04-06,FALSE,
D006024,Line B,Standard,LineB-STA-01024,2026-04-06,FALSE,
D006104,Line B,Standard,LineB-STA-01104,2026-04-06,FALSE,
D006155,Line B,Standard,LineB-STA-01155,2026-04-06,FALSE,
D006197,Line B,Standard,LineB-STA-01197,2026-04-06,FALSE,
D006425,Line B,Standard,LineB-STA-01425,2026-04-06,FALSE,
D006576,Line B,Standard,LineB-STA-01576,2026-04-06,FALSE,
D006757,Line B,Standard,LineB-STA-01757,2026-04-06,FALSE,
D006913,Line B,Standard,LineB-STA-01913,2026-04-06,FALSE,
D007042,Line B,Standard,LineB-STA-02042,2026-04-06,FALSE,
D007290,Line B,Standard,LineB-STA-02290,2026-04-06,TRUE,capacitor_leak
D007351,Line B,Standard,LineB-STA-02351,2026-04-06,FALSE,
D007367,Line B,Standard,LineB-STA-02367,2026-04-06,FALSE,
D007480,Line B,Standard,LineB-STA-02480,2026-04-06,FALSE,
D007738,Line B,Standard,LineB-STA-02738,2026-04-06,FALSE,
D007785,Line B,Standard,LineB-STA-02785,2026-04-06,FALSE,
D007812,Line B,Standard,LineB-STA-02812,2026-04-06,FALSE,
D007827,Line B,Standard,LineB-STA-02827,2026-04-06,FALSE,
D007842,Line B,Standard,LineB-STA-02842,2026-04-06,FALSE,
D007874,Line B,Standard,LineB-STA-02874,2026-04-06,FALSE,
D007930,Line B,Standard,LineB-STA-02930,2026-04-06,FALSE,
D007936,Line B,Standard,LineB-STA-02936,2026-04-06,FALSE,
D008041,Line B,Standard,LineB-STA-03041,2026-04-06,FALSE,
D008178,Line B,Standard,LineB-STA-03178,2026-04-06,TRUE,component_misalignment
D008242,Line B,Standard,LineB-STA-03242,2026-04-06,FALSE,
D008426,Line B,Standard,LineB-STA-03426,2026-04-06,FALSE,
D008661,Line B,Standard,LineB-STA-03661,2026-04-06,FALSE,
D008711,Line B,Standard,LineB-STA-03711,2026-04-06,FALSE,
D008712,Line B,Standard,LineB-STA-03712,2026-04-06,FALSE,
D008734,Line B,Standard,LineB-STA-03734,2026-04-06,FALSE,
D008785,Line B,Standard,LineB-STA-03785,2026-04-06,FALSE,
D008898,Line B,Standard,LineB-STA-03898,2026-04-06,FALSE,
D008914,Line B,Standard,LineB-STA-03914,2026-04-06,FALSE,
D008986,Line B,Standard,LineB-STA-03986,2026-04-06,FALSE,
D009070,Line B,Standard,LineB-STA-04070,2026-04-06,FALSE,
D009147,Line B,Standard,LineB-STA-04147,2026-04-06,FALSE,
D009164,Line B,Standard,LineB-STA-04164,2026-04-06,FALSE,
D009233,Line B,Standard,LineB-STA-04233,2026-04-06,FALSE,
D009355,Line B,Pro,LineB-PRO-00105,2026-04-06,FALSE,
D009391,Line B,Pro,LineB-PRO-00141,2026-04-06,FALSE,
D009423,Line B,Pro,LineB-PRO-00173,2026-04-06,FALSE,
D009552,Line B,Pro,LineB-PRO-00302,2026-04-06,FALSE,
D009644,Line B,Pro,LineB-PRO-00394,2026-04-06,FALSE,
D009656,Line B,Pro,LineB-PRO-00406,2026-04-06,FALSE,
D009729,Line B,Pro,LineB-PRO-00479,2026-04-06,FALSE,
D009732,Line B,Pro,LineB-PRO-00482,2026-04-06,FALSE,
D009887,Line B,Pro,LineB-PRO-00637,2026-04-06,FALSE,
D009906,Line B,Pro,LineB-PRO-00656,2026-04-06,FALSE,
D009980,Line B,Pro,LineB-PRO-00730,2026-04-06,FALSE,
D000054,Line A,Standard,LineA-STA-00054,2026-04-07,FALSE,
D000080,Line A,Standard,LineA-STA-00080,2026-04-07,FALSE,
D000081,Line A,Standard,LineA-STA-00081,2026-04-07,TRUE,connector_seating
D000099,Line A,Standard,LineA-STA-00099,2026-04-07,FALSE,
D000174,Line A,Standard,LineA-STA-00174,2026-04-07,FALSE,
D000278,Line A,Standard,LineA-STA-00278,2026-04-07,FALSE,
D000525,Line A,Standard,LineA-STA-00525,2026-04-07,FALSE,
D000562,Line A,Standard,LineA-STA-00562,2026-04-07,FALSE,
D000602,Line A,Standard,LineA-STA-00602,2026-04-07,FALSE,
D000693,Line A,Standard,LineA-STA-00693,2026-04-07,FALSE,
D000812,Line A,Standard,LineA-STA-00812,2026-04-07,FALSE,
D001156,Line A,Standard,LineA-STA-01156,2026-04-07,FALSE,
D001302,Line A,Standard,LineA-STA-01302,2026-04-07,FALSE,
D001328,Line A,Standard,LineA-STA-01328,2026-04-07,FALSE,
D001420,Line A,Standard,LineA-STA-01420,2026-04-07,FALSE,
D001565,Line A,Standard,LineA-STA-01565,2026-04-07,FALSE,
D001687,Line A,Standard,LineA-STA-01687,2026-04-07,FALSE,
D001728,Line A,Standard,LineA-STA-01728,2026-04-07,FALSE,
D001923,Line A,Standard,LineA-STA-01923,2026-04-07,FALSE,
D001968,Line A,Standard,LineA-STA-01968,2026-04-07,FALSE,
D001983,Line A,Standard,LineA-STA-01983,2026-04-07,FALSE,
D001989,Line A,Standard,LineA-STA-01989,2026-04-07,FALSE,
D002132,Line A,Standard,LineA-STA-02132,2026-04-07,FALSE,
D002180,Line A,Standard,LineA-STA-02180,2026-04-07,FALSE,
D002211,Line A,Standard,LineA-STA-02211,2026-04-07,FALSE,
D002341,Line A,Pro,LineA-PRO-00091,2026-04-07,FALSE,
D002366,Line A,Pro,LineA-PRO-00116,2026-04-07,FALSE,
D002411,Line A,Pro,LineA-PRO-00161,2026-04-07,FALSE,
D002415,Line A,Pro,LineA-PRO-00165,2026-04-07,FALSE,
D002660,Line A,Pro,LineA-PRO-00410,2026-04-07,FALSE,
D002754,Line A,Pro,LineA-PRO-00504,2026-04-07,FALSE,
D002763,Line A,Pro,LineA-PRO-00513,2026-04-07,TRUE,housing_crack
D002773,Line A,Pro,LineA-PRO-00523,2026-04-07,FALSE,
D002805,Line A,Pro,LineA-PRO-00555,2026-04-07,FALSE,
D002929,Line A,Pro,LineA-PRO-00679,2026-04-07,FALSE,
D002963,Line A,Pro,LineA-PRO-00713,2026-04-07,FALSE,
D003038,Line A,Pro,LineA-PRO-00788,2026-04-07,TRUE,component_misalignment
D003238,Line A,Pro,LineA-PRO-00988,2026-04-07,FALSE,
D003244,Line A,Pro,LineA-PRO-00994,2026-04-07,FALSE,
D003472,Line A,Pro,LineA-PRO-01222,2026-04-07,FALSE,
D003839,Line A,Pro,LineA-PRO-01589,2026-04-07,FALSE,
D003891,Line A,Pro,LineA-PRO-01641,2026-04-07,FALSE,
D003956,Line A,Pro,LineA-PRO-01706,2026-04-07,FALSE,
D004016,Line A,Pro,LineA-PRO-01766,2026-04-07,FALSE,
D004019,Line A,Pro,LineA-PRO-01769,2026-04-07,FALSE,
D004093,Line A,Pro,LineA-PRO-01843,2026-04-07,FALSE,
D004172,Line A,Pro,LineA-PRO-01922,2026-04-07,FALSE,
D004278,Line A,Pro,LineA-PRO-02028,2026-04-07,FALSE,
D004362,Line A,Pro,LineA-PRO-02112,2026-04-07,FALSE,
D004527,Line A,Pro,LineA-PRO-02277,2026-04-07,FALSE,
D004630,Line A,Pro,LineA-PRO-02380,2026-04-07,FALSE,
D004691,Line A,Pro,LineA-PRO-02441,2026-04-07,TRUE,label_misprint
D004755,Line A,Pro,LineA-PRO-02505,2026-04-07,FALSE,
D004954,Line A,Pro,LineA-PRO-02704,2026-04-07,FALSE,
D004966,Line A,Pro,LineA-PRO-02716,2026-04-07,FALSE,
D005093,Line B,Standard,LineB-STA-00093,2026-04-07,FALSE,
D005302,Line B,Standard,LineB-STA-00302,2026-04-07,FALSE,
D005333,Line B,Standard,LineB-STA-00333,2026-04-07,FALSE,
D005627,Line B,Standard,LineB-STA-00627,2026-04-07,FALSE,
D005812,Line B,Standard,LineB-STA-00812,2026-04-07,FALSE,
D005948,Line B,Standard,LineB-STA-00948,2026-04-07,FALSE,
D006069,Line B,Standard,LineB-STA-01069,2026-04-07,FALSE,
D006101,Line B,Standard,LineB-STA-01101,2026-04-07,FALSE,
D006109,Line B,Standard,LineB-STA-01109,2026-04-07,FALSE,
D006185,Line B,Standard,LineB-STA-01185,2026-04-07,FALSE,
D006596,Line B,Standard,LineB-STA-01596,2026-04-07,FALSE,
D006831,Line B,Standard,LineB-STA-01831,2026-04-07,FALSE,
D006940,Line B,Standard,LineB-STA-01940,2026-04-07,FALSE,
D007116,Line B,Standard,LineB-STA-02116,2026-04-07,FALSE,
D007196,Line B,Standard,LineB-STA-02196,2026-04-07,FALSE,
D007219,Line B,Standard,LineB-STA-02219,2026-04-07,FALSE,
D007399,Line B,Standard,LineB-STA-02399,2026-04-07,FALSE,
D007551,Line B,Standard,LineB-STA-02551,2026-04-07,FALSE,
D007604,Line B,Standard,LineB-STA-02604,2026-04-07,FALSE,
D007794,Line B,Standard,LineB-STA-02794,2026-04-07,FALSE,
D007797,Line B,Standard,LineB-STA-02797,2026-04-07,TRUE,connector_seating
D007802,Line B,Standard,LineB-STA-02802,2026-04-07,FALSE,
D008090,Line B,Standard,LineB-STA-03090,2026-04-07,FALSE,
D008134,Line B,Standard,LineB-STA-03134,2026-04-07,FALSE,
D008233,Line B,Standard,LineB-STA-03233,2026-04-07,FALSE,
D008330,Line B,Standard,LineB-STA-03330,2026-04-07,FALSE,
D008637,Line B,Standard,LineB-STA-03637,2026-04-07,FALSE,
D008706,Line B,Standard,LineB-STA-03706,2026-04-07,FALSE,
D008798,Line B,Standard,LineB-STA-03798,2026-04-07,FALSE,
D008833,Line B,Standard,LineB-STA-03833,2026-04-07,TRUE,solder_joint
D008842,Line B,Standard,LineB-STA-03842,2026-04-07,FALSE,
D008920,Line B,Standard,LineB-STA-03920,2026-04-07,FALSE,
D009327,Line B,Pro,LineB-PRO-00077,2026-04-07,FALSE,
D009430,Line B,Pro,LineB-PRO-00180,2026-04-07,FALSE,
D009442,Line B,Pro,LineB-PRO-00192,2026-04-07,FALSE,
D009629,Line B,Pro,LineB-PRO-00379,2026-04-07,FALSE,
D009650,Line B,Pro,LineB-PRO-00400,2026-04-07,FALSE,
D009779,Line B,Pro,LineB-PRO-00529,2026-04-07,FALSE,
D000026,Line A,Standard,LineA-STA-00026,2026-04-08,FALSE,
D000202,Line A,Standard,LineA-STA-00202,2026-04-08,FALSE,
D000299,Line A,Standard,LineA-STA-00299,2026-04-08,FALSE,
D000376,Line A,Standard,LineA-STA-00376,2026-04-08,FALSE,
D000419,Line A,Standard,LineA-STA-00419,2026-04-08,FALSE,
D000438,Line A,Standard,LineA-STA-00438,2026-04-08,FALSE,
D000445,Line A,Standard,LineA-STA-00445,2026-04-08,FALSE,
D000463,Line A,Standard,LineA-STA-00463,2026-04-08,FALSE,
D000533,Line A,Standard,LineA-STA-00533,2026-04-08,FALSE,
D000553,Line A,Standard,LineA-STA-00553,2026-04-08,FALSE,
D000583,Line A,Standard,LineA-STA-00583,2026-04-08,FALSE,
D000688,Line A,Standard,LineA-STA-00688,2026-04-08,FALSE,
D000707,Line A,Standard,LineA-STA-00707,2026-04-08,FALSE,
D000763,Line A,Standard,LineA-STA-00763,2026-04-08,FALSE,
D001227,Line A,Standard,LineA-STA-01227,2026-04-08,FALSE,
D001246,Line A,Standard,LineA-STA-01246,2026-04-08,FALSE,
D001450,Line A,Standard,LineA-STA-01450,2026-04-08,FALSE,
D001485,Line A,Standard,LineA-STA-01485,2026-04-08,FALSE,
D001493,Line A,Standard,LineA-STA-01493,2026-04-08,TRUE,connector_seating
D001528,Line A,Standard,LineA-STA-01528,2026-04-08,FALSE,
D001615,Line A,Standard,LineA-STA-01615,2026-04-08,FALSE,
D001635,Line A,Standard,LineA-STA-01635,2026-04-08,FALSE,
D001703,Line A,Standard,LineA-STA-01703,2026-04-08,FALSE,
D001756,Line A,Standard,LineA-STA-01756,2026-04-08,FALSE,
D001787,Line A,Standard,LineA-STA-01787,2026-04-08,FALSE,
D001800,Line A,Standard,LineA-STA-01800,2026-04-08,FALSE,
D001829,Line A,Standard,LineA-STA-01829,2026-04-08,FALSE,
D001844,Line A,Standard,LineA-STA-01844,2026-04-08,FALSE,
D002031,Line A,Standard,LineA-STA-02031,2026-04-08,FALSE,
D002042,Line A,Standard,LineA-STA-02042,2026-04-08,FALSE,
D002161,Line A,Standard,LineA-STA-02161,2026-04-08,FALSE,
D002176,Line A,Standard,LineA-STA-02176,2026-04-08,FALSE,
D002361,Line A,Pro,LineA-PRO-00111,2026-04-08,FALSE,
D002487,Line A,Pro,LineA-PRO-00237,2026-04-08,FALSE,
D002520,Line A,Pro,LineA-PRO-00270,2026-04-08,FALSE,
D002523,Line A,Pro,LineA-PRO-00273,2026-04-08,FALSE,
D002825,Line A,Pro,LineA-PRO-00575,2026-04-08,FALSE,
D002925,Line A,Pro,LineA-PRO-00675,2026-04-08,FALSE,
D003108,Line A,Pro,LineA-PRO-00858,2026-04-08,FALSE,
D003131,Line A,Pro,LineA-PRO-00881,2026-04-08,FALSE,
D003230,Line A,Pro,LineA-PRO-00980,2026-04-08,FALSE,
D003327,Line A,Pro,LineA-PRO-01077,2026-04-08,FALSE,
D003538,Line A,Pro,LineA-PRO-01288,2026-04-08,FALSE,
D003548,Line A,Pro,LineA-PRO-01298,2026-04-08,FALSE,
D003564,Line A,Pro,LineA-PRO-01314,2026-04-08,FALSE,
D003677,Line A,Pro,LineA-PRO-01427,2026-04-08,FALSE,
D003729,Line A,Pro,LineA-PRO-01479,2026-04-08,FALSE,
D003769,Line A,Pro,LineA-PRO-01519,2026-04-08,FALSE,
D003955,Line A,Pro,LineA-PRO-01705,2026-04-08,FALSE,
D004097,Line A,Pro,LineA-PRO-01847,2026-04-08,FALSE,
D004299,Line A,Pro,LineA-PRO-02049,2026-04-08,FALSE,
D004457,Line A,Pro,LineA-PRO-02207,2026-04-08,FALSE,
D004464,Line A,Pro,LineA-PRO-02214,2026-04-08,FALSE,
D004566,Line A,Pro,LineA-PRO-02316,2026-04-08,FALSE,
D004739,Line A,Pro,LineA-PRO-02489,2026-04-08,FALSE,
D004744,Line A,Pro,LineA-PRO-02494,2026-04-08,FALSE,
D004765,Line A,Pro,LineA-PRO-02515,2026-04-08,FALSE,
D004809,Line A,Pro,LineA-PRO-02559,2026-04-08,TRUE,screen_dead_pixel
D005290,Line B,Standard,LineB-STA-00290,2026-04-08,FALSE,
D005458,Line B,Standard,LineB-STA-00458,2026-04-08,FALSE,
D005562,Line B,Standard,LineB-STA-00562,2026-04-08,FALSE,
D005710,Line B,Standard,LineB-STA-00710,2026-04-08,TRUE,label_misprint
D005733,Line B,Standard,LineB-STA-00733,2026-04-08,FALSE,
D005737,Line B,Standard,LineB-STA-00737,2026-04-08,FALSE,
D005760,Line B,Standard,LineB-STA-00760,2026-04-08,FALSE,
D006422,Line B,Standard,LineB-STA-01422,2026-04-08,FALSE,
D006562,Line B,Standard,LineB-STA-01562,2026-04-08,FALSE,
D006587,Line B,Standard,LineB-STA-01587,2026-04-08,FALSE,
D006721,Line B,Standard,LineB-STA-01721,2026-04-08,FALSE,
D006768,Line B,Standard,LineB-STA-01768,2026-04-08,FALSE,
D006770,Line B,Standard,LineB-STA-01770,2026-04-08,FALSE,
D006833,Line B,Standard,LineB-STA-01833,2026-04-08,FALSE,
D007007,Line B,Standard,LineB-STA-02007,2026-04-08,FALSE,
D007315,Line B,Standard,LineB-STA-02315,2026-04-08,FALSE,
D007565,Line B,Standard,LineB-STA-02565,2026-04-08,FALSE,
D007661,Line B,Standard,LineB-STA-02661,2026-04-08,FALSE,
D007663,Line B,Standard,LineB-STA-02663,2026-04-08,FALSE,
D007740,Line B,Standard,LineB-STA-02740,2026-04-08,FALSE,
D007783,Line B,Standard,LineB-STA-02783,2026-04-08,FALSE,
D007947,Line B,Standard,LineB-STA-02947,2026-04-08,FALSE,
D007973,Line B,Standard,LineB-STA-02973,2026-04-08,FALSE,
D007994,Line B,Standard,LineB-STA-02994,2026-04-08,FALSE,
D008317,Line B,Standard,LineB-STA-03317,2026-04-08,FALSE,
D008348,Line B,Standard,LineB-STA-03348,2026-04-08,FALSE,
D008390,Line B,Standard,LineB-STA-03390,2026-04-08,FALSE,
D008394,Line B,Standard,LineB-STA-03394,2026-04-08,FALSE,
D008479,Line B,Standard,LineB-STA-03479,2026-04-08,FALSE,
D008567,Line B,Standard,LineB-STA-03567,2026-04-08,FALSE,
D008592,Line B,Standard,LineB-STA-03592,2026-04-08,FALSE,
D008663,Line B,Standard,LineB-STA-03663,2026-04-08,FALSE,
D008685,Line B,Standard,LineB-STA-03685,2026-04-08,FALSE,
D008701,Line B,Standard,LineB-STA-03701,2026-04-08,FALSE,
D009243,Line B,Standard,LineB-STA-04243,2026-04-08,FALSE,
D009294,Line B,Pro,LineB-PRO-00044,2026-04-08,FALSE,
D009591,Line B,Pro,LineB-PRO-00341,2026-04-08,TRUE,connector_seating
D009691,Line B,Pro,LineB-PRO-00441,2026-04-08,FALSE,
D009785,Line B,Pro,LineB-PRO-00535,2026-04-08,FALSE,
D009786,Line B,Pro,LineB-PRO-00536,2026-04-08,FALSE,
D009988,Line B,Pro,LineB-PRO-00738,2026-04-08,FALSE,
D000461,Line A,Standard,LineA-STA-00461,2026-04-09,FALSE,
D000464,Line A,Standard,LineA-STA-00464,2026-04-09,FALSE,
D000517,Line A,Standard,LineA-STA-00517,2026-04-09,FALSE,
D000699,Line A,Standard,LineA-STA-00699,2026-04-09,FALSE,
D000893,Line A,Standard,LineA-STA-00893,2026-04-09,FALSE,
D000960,Line A,Standard,LineA-STA-00960,2026-04-09,FALSE,
D001047,Line A,Standard,LineA-STA-01047,2026-04-09,FALSE,
D001088,Line A,Standard,LineA-STA-01088,2026-04-09,FALSE,
D001284,Line A,Standard,LineA-STA-01284,2026-04-09,FALSE,
D001372,Line A,Standard,LineA-STA-01372,2026-04-09,FALSE,
D001445,Line A,Standard,LineA-STA-01445,2026-04-09,FALSE,
D001481,Line A,Standard,LineA-STA-01481,2026-04-09,TRUE,connector_seating
D001519,Line A,Standard,LineA-STA-01519,2026-04-09,FALSE,
D001571,Line A,Standard,LineA-STA-01571,2026-04-09,FALSE,
D001718,Line A,Standard,LineA-STA-01718,2026-04-09,FALSE,
D001918,Line A,Standard,LineA-STA-01918,2026-04-09,FALSE,
D002081,Line A,Standard,LineA-STA-02081,2026-04-09,FALSE,
D002164,Line A,Standard,LineA-STA-02164,2026-04-09,FALSE,
D002470,Line A,Pro,LineA-PRO-00220,2026-04-09,FALSE,
D002528,Line A,Pro,LineA-PRO-00278,2026-04-09,FALSE,
D002574,Line A,Pro,LineA-PRO-00324,2026-04-09,TRUE,battery_swell
D002624,Line A,Pro,LineA-PRO-00374,2026-04-09,TRUE,battery_swell
D002666,Line A,Pro,LineA-PRO-00416,2026-04-09,TRUE,cosmetic_scratch
D002672,Line A,Pro,LineA-PRO-00422,2026-04-09,FALSE,
D002687,Line A,Pro,LineA-PRO-00437,2026-04-09,TRUE,cosmetic_scratch
D002942,Line A,Pro,LineA-PRO-00692,2026-04-09,TRUE,battery_swell
D002964,Line A,Pro,LineA-PRO-00714,2026-04-09,FALSE,
D002979,Line A,Pro,LineA-PRO-00729,2026-04-09,FALSE,
D003012,Line A,Pro,LineA-PRO-00762,2026-04-09,FALSE,
D003165,Line A,Pro,LineA-PRO-00915,2026-04-09,FALSE,
D003210,Line A,Pro,LineA-PRO-00960,2026-04-09,FALSE,
D003332,Line A,Pro,LineA-PRO-01082,2026-04-09,FALSE,
D003355,Line A,Pro,LineA-PRO-01105,2026-04-09,FALSE,
D003415,Line A,Pro,LineA-PRO-01165,2026-04-09,FALSE,
D003435,Line A,Pro,LineA-PRO-01185,2026-04-09,FALSE,
D003473,Line A,Pro,LineA-PRO-01223,2026-04-09,FALSE,
D003574,Line A,Pro,LineA-PRO-01324,2026-04-09,FALSE,
D003635,Line A,Pro,LineA-PRO-01385,2026-04-09,FALSE,
D003690,Line A,Pro,LineA-PRO-01440,2026-04-09,FALSE,
D003734,Line A,Pro,LineA-PRO-01484,2026-04-09,FALSE,
D003830,Line A,Pro,LineA-PRO-01580,2026-04-09,FALSE,
D004306,Line A,Pro,LineA-PRO-02056,2026-04-09,FALSE,
D004371,Line A,Pro,LineA-PRO-02121,2026-04-09,FALSE,
D004450,Line A,Pro,LineA-PRO-02200,2026-04-09,FALSE,
D004639,Line A,Pro,LineA-PRO-02389,2026-04-09,FALSE,
D004770,Line A,Pro,LineA-PRO-02520,2026-04-09,TRUE,screen_dead_pixel
D004824,Line A,Pro,LineA-PRO-02574,2026-04-09,TRUE,connector_seating
D004928,Line A,Pro,LineA-PRO-02678,2026-04-09,FALSE,
D004931,Line A,Pro,LineA-PRO-02681,2026-04-09,FALSE,
D004987,Line A,Pro,LineA-PRO-02737,2026-04-09,FALSE,
D005222,Line B,Standard,LineB-STA-00222,2026-04-09,FALSE,
D005331,Line B,Standard,LineB-STA-00331,2026-04-09,FALSE,
D005550,Line B,Standard,LineB-STA-00550,2026-04-09,FALSE,
D005567,Line B,Standard,LineB-STA-00567,2026-04-09,FALSE,
D005761,Line B,Standard,LineB-STA-00761,2026-04-09,FALSE,
D006224,Line B,Standard,LineB-STA-01224,2026-04-09,FALSE,
D006382,Line B,Standard,LineB-STA-01382,2026-04-09,FALSE,
D006402,Line B,Standard,LineB-STA-01402,2026-04-09,FALSE,
D006530,Line B,Standard,LineB-STA-01530,2026-04-09,FALSE,
D006557,Line B,Standard,LineB-STA-01557,2026-04-09,FALSE,
D006583,Line B,Standard,LineB-STA-01583,2026-04-09,FALSE,
D006805,Line B,Standard,LineB-STA-01805,2026-04-09,FALSE,
D006848,Line B,Standard,LineB-STA-01848,2026-04-09,FALSE,
D006917,Line B,Standard,LineB-STA-01917,2026-04-09,FALSE,
D006980,Line B,Standard,LineB-STA-01980,2026-04-09,FALSE,
D007055,Line B,Standard,LineB-STA-02055,2026-04-09,TRUE,cosmetic_scratch
D007159,Line B,Standard,LineB-STA-02159,2026-04-09,FALSE,
D007238,Line B,Standard,LineB-STA-02238,2026-04-09,TRUE,solder_joint
D007558,Line B,Standard,LineB-STA-02558,2026-04-09,FALSE,
D007570,Line B,Standard,LineB-STA-02570,2026-04-09,FALSE,
D007573,Line B,Standard,LineB-STA-02573,2026-04-09,FALSE,
D007610,Line B,Standard,LineB-STA-02610,2026-04-09,FALSE,
D007679,Line B,Standard,LineB-STA-02679,2026-04-09,FALSE,
D007729,Line B,Standard,LineB-STA-02729,2026-04-09,FALSE,
D007886,Line B,Standard,LineB-STA-02886,2026-04-09,FALSE,
D007922,Line B,Standard,LineB-STA-02922,2026-04-09,FALSE,
D007953,Line B,Standard,LineB-STA-02953,2026-04-09,FALSE,
D007963,Line B,Standard,LineB-STA-02963,2026-04-09,FALSE,
D007976,Line B,Standard,LineB-STA-02976,2026-04-09,FALSE,
D008130,Line B,Standard,LineB-STA-03130,2026-04-09,FALSE,
D008143,Line B,Standard,LineB-STA-03143,2026-04-09,FALSE,
D008201,Line B,Standard,LineB-STA-03201,2026-04-09,FALSE,
D008296,Line B,Standard,LineB-STA-03296,2026-04-09,FALSE,
D008389,Line B,Standard,LineB-STA-03389,2026-04-09,FALSE,
D008391,Line B,Standard,LineB-STA-03391,2026-04-09,FALSE,
D008409,Line B,Standard,LineB-STA-03409,2026-04-09,FALSE,
D008482,Line B,Standard,LineB-STA-03482,2026-04-09,FALSE,
D008516,Line B,Standard,LineB-STA-03516,2026-04-09,FALSE,
D008560,Line B,Standard,LineB-STA-03560,2026-04-09,FALSE,
D008666,Line B,Standard,LineB-STA-03666,2026-04-09,FALSE,
D008667,Line B,Standard,LineB-STA-03667,2026-04-09,FALSE,
D008681,Line B,Standard,LineB-STA-03681,2026-04-09,FALSE,
D008733,Line B,Standard,LineB-STA-03733,2026-04-09,FALSE,
D008881,Line B,Standard,LineB-STA-03881,2026-04-09,FALSE,
D008885,Line B,Standard,LineB-STA-03885,2026-04-09,FALSE,
D008900,Line B,Standard,LineB-STA-03900,2026-04-09,FALSE,
D009046,Line B,Standard,LineB-STA-04046,2026-04-09,FALSE,
D009128,Line B,Standard,LineB-STA-04128,2026-04-09,FALSE,
D009203,Line B,Standard,LineB-STA-04203,2026-04-09,FALSE,
D009204,Line B,Standard,LineB-STA-04204,2026-04-09,FALSE,
D009226,Line B,Standard,LineB-STA-04226,2026-04-09,FALSE,
D009259,Line B,Pro,LineB-PRO-00009,2026-04-09,FALSE,
D009326,Line B,Pro,LineB-PRO-00076,2026-04-09,FALSE,
D009402,Line B,Pro,LineB-PRO-00152,2026-04-09,FALSE,
D009485,Line B,Pro,LineB-PRO-00235,2026-04-09,FALSE,
D009490,Line B,Pro,LineB-PRO-00240,2026-04-09,FALSE,
D009517,Line B,Pro,LineB-PRO-00267,2026-04-09,FALSE,
D009542,Line B,Pro,LineB-PRO-00292,2026-04-09,TRUE,firmware_flash_fail
D009652,Line B,Pro,LineB-PRO-00402,2026-04-09,TRUE,cosmetic_scratch
D009800,Line B,Pro,LineB-PRO-00550,2026-04-09,FALSE,
D009837,Line B,Pro,LineB-PRO-00587,2026-04-09,FALSE,
D010004,Line B,Pro,LineB-PRO-00754,2026-04-09,FALSE,
D000024,Line A,Standard,LineA-STA-00024,2026-04-10,FALSE,
D000106,Line A,Standard,LineA-STA-00106,2026-04-10,FALSE,
D000416,Line A,Standard,LineA-STA-00416,2026-04-10,FALSE,
D000456,Line A,Standard,LineA-STA-00456,2026-04-10,FALSE,
D000609,Line A,Standard,LineA-STA-00609,2026-04-10,FALSE,
D000691,Line A,Standard,LineA-STA-00691,2026-04-10,FALSE,
D000784,Line A,Standard,LineA-STA-00784,2026-04-10,FALSE,
D000796,Line A,Standard,LineA-STA-00796,2026-04-10,FALSE,
D000816,Line A,Standard,LineA-STA-00816,2026-04-10,FALSE,
D000841,Line A,Standard,LineA-STA-00841,2026-04-10,FALSE,
D000900,Line A,Standard,LineA-STA-00900,2026-04-10,FALSE,
D000971,Line A,Standard,LineA-STA-00971,2026-04-10,FALSE,
D001265,Line A,Standard,LineA-STA-01265,2026-04-10,FALSE,
D001342,Line A,Standard,LineA-STA-01342,2026-04-10,FALSE,
D001358,Line A,Standard,LineA-STA-01358,2026-04-10,FALSE,
D001429,Line A,Standard,LineA-STA-01429,2026-04-10,FALSE,
D001442,Line A,Standard,LineA-STA-01442,2026-04-10,FALSE,
D001523,Line A,Standard,LineA-STA-01523,2026-04-10,FALSE,
D001559,Line A,Standard,LineA-STA-01559,2026-04-10,FALSE,
D001632,Line A,Standard,LineA-STA-01632,2026-04-10,FALSE,
D001650,Line A,Standard,LineA-STA-01650,2026-04-10,FALSE,
D001716,Line A,Standard,LineA-STA-01716,2026-04-10,FALSE,
D001853,Line A,Standard,LineA-STA-01853,2026-04-10,FALSE,
D001901,Line A,Standard,LineA-STA-01901,2026-04-10,FALSE,
D001941,Line A,Standard,LineA-STA-01941,2026-04-10,FALSE,
D001948,Line A,Standard,LineA-STA-01948,2026-04-10,FALSE,
D001953,Line A,Standard,LineA-STA-01953,2026-04-10,FALSE,
D002279,Line A,Pro,LineA-PRO-00029,2026-04-10,FALSE,
D002375,Line A,Pro,LineA-PRO-00125,2026-04-10,FALSE,
D002509,Line A,Pro,LineA-PRO-00259,2026-04-10,FALSE,
D002547,Line A,Pro,LineA-PRO-00297,2026-04-10,FALSE,
D002548,Line A,Pro,LineA-PRO-00298,2026-04-10,FALSE,
D002644,Line A,Pro,LineA-PRO-00394,2026-04-10,FALSE,
D002781,Line A,Pro,LineA-PRO-00531,2026-04-10,FALSE,
D002801,Line A,Pro,LineA-PRO-00551,2026-04-10,FALSE,
D002907,Line A,Pro,LineA-PRO-00657,2026-04-10,FALSE,
D002987,Line A,Pro,LineA-PRO-00737,2026-04-10,FALSE,
D003249,Line A,Pro,LineA-PRO-00999,2026-04-10,FALSE,
D003290,Line A,Pro,LineA-PRO-01040,2026-04-10,TRUE,cosmetic_scratch
D003318,Line A,Pro,LineA-PRO-01068,2026-04-10,TRUE,solder_joint
D003487,Line A,Pro,LineA-PRO-01237,2026-04-10,FALSE,
D003619,Line A,Pro,LineA-PRO-01369,2026-04-10,FALSE,
D003641,Line A,Pro,LineA-PRO-01391,2026-04-10,FALSE,
D003952,Line A,Pro,LineA-PRO-01702,2026-04-10,FALSE,
D004098,Line A,Pro,LineA-PRO-01848,2026-04-10,FALSE,
D004174,Line A,Pro,LineA-PRO-01924,2026-04-10,FALSE,
D004572,Line A,Pro,LineA-PRO-02322,2026-04-10,FALSE,
D004868,Line A,Pro,LineA-PRO-02618,2026-04-10,TRUE,battery_swell
D004981,Line A,Pro,LineA-PRO-02731,2026-04-10,FALSE,
D005040,Line B,Standard,LineB-STA-00040,2026-04-10,FALSE,
D005059,Line B,Standard,LineB-STA-00059,2026-04-10,FALSE,
D005172,Line B,Standard,LineB-STA-00172,2026-04-10,FALSE,
D005182,Line B,Standard,LineB-STA-00182,2026-04-10,FALSE,
D005377,Line B,Standard,LineB-STA-00377,2026-04-10,FALSE,
D005378,Line B,Standard,LineB-STA-00378,2026-04-10,FALSE,
D005492,Line B,Standard,LineB-STA-00492,2026-04-10,FALSE,
D005590,Line B,Standard,LineB-STA-00590,2026-04-10,FALSE,
D005626,Line B,Standard,LineB-STA-00626,2026-04-10,FALSE,
D006002,Line B,Standard,LineB-STA-01002,2026-04-10,FALSE,
D006018,Line B,Standard,LineB-STA-01018,2026-04-10,FALSE,
D006156,Line B,Standard,LineB-STA-01156,2026-04-10,FALSE,
D006411,Line B,Standard,LineB-STA-01411,2026-04-10,FALSE,
D006599,Line B,Standard,LineB-STA-01599,2026-04-10,FALSE,
D006750,Line B,Standard,LineB-STA-01750,2026-04-10,FALSE,
D006781,Line B,Standard,LineB-STA-01781,2026-04-10,FALSE,
D006849,Line B,Standard,LineB-STA-01849,2026-04-10,FALSE,
D006863,Line B,Standard,LineB-STA-01863,2026-04-10,FALSE,
D006869,Line B,Standard,LineB-STA-01869,2026-04-10,FALSE,
D007229,Line B,Standard,LineB-STA-02229,2026-04-10,FALSE,
D007254,Line B,Standard,LineB-STA-02254,2026-04-10,FALSE,
D007287,Line B,Standard,LineB-STA-02287,2026-04-10,FALSE,
D007458,Line B,Standard,LineB-STA-02458,2026-04-10,FALSE,
D007526,Line B,Standard,LineB-STA-02526,2026-04-10,FALSE,
D007608,Line B,Standard,LineB-STA-02608,2026-04-10,FALSE,
D007819,Line B,Standard,LineB-STA-02819,2026-04-10,FALSE,
D007881,Line B,Standard,LineB-STA-02881,2026-04-10,FALSE,
D008003,Line B,Standard,LineB-STA-03003,2026-04-10,FALSE,
D008293,Line B,Standard,LineB-STA-03293,2026-04-10,FALSE,
D008301,Line B,Standard,LineB-STA-03301,2026-04-10,FALSE,
D008306,Line B,Standard,LineB-STA-03306,2026-04-10,FALSE,
D008364,Line B,Standard,LineB-STA-03364,2026-04-10,FALSE,
D008827,Line B,Standard,LineB-STA-03827,2026-04-10,FALSE,
D008849,Line B,Standard,LineB-STA-03849,2026-04-10,FALSE,
D009026,Line B,Standard,LineB-STA-04026,2026-04-10,FALSE,
D009045,Line B,Standard,LineB-STA-04045,2026-04-10,FALSE,
D009154,Line B,Standard,LineB-STA-04154,2026-04-10,FALSE,
D009255,Line B,Pro,LineB-PRO-00005,2026-04-10,FALSE,
D009302,Line B,Pro,LineB-PRO-00052,2026-04-10,FALSE,
D009431,Line B,Pro,LineB-PRO-00181,2026-04-10,FALSE,
D009486,Line B,Pro,LineB-PRO-00236,2026-04-10,FALSE,
D009600,Line B,Pro,LineB-PRO-00350,2026-04-10,FALSE,
D009603,Line B,Pro,LineB-PRO-00353,2026-04-10,FALSE,
D009733,Line B,Pro,LineB-PRO-00483,2026-04-10,FALSE,
D009900,Line B,Pro,LineB-PRO-00650,2026-04-10,FALSE,
D009911,Line B,Pro,LineB-PRO-00661,2026-04-10,FALSE,
D000002,Line A,Standard,LineA-STA-00002,2026-04-11,FALSE,
D000256,Line A,Standard,LineA-STA-00256,2026-04-11,TRUE,housing_crack
D000410,Line A,Standard,LineA-STA-00410,2026-04-11,FALSE,
D000479,Line A,Standard,LineA-STA-00479,2026-04-11,FALSE,
D000596,Line A,Standard,LineA-STA-00596,2026-04-11,FALSE,
D000744,Line A,Standard,LineA-STA-00744,2026-04-11,FALSE,
D000754,Line A,Standard,LineA-STA-00754,2026-04-11,FALSE,
D000768,Line A,Standard,LineA-STA-00768,2026-04-11,FALSE,
D000809,Line A,Standard,LineA-STA-00809,2026-04-11,FALSE,
D000837,Line A,Standard,LineA-STA-00837,2026-04-11,FALSE,
D000842,Line A,Standard,LineA-STA-00842,2026-04-11,FALSE,
D000878,Line A,Standard,LineA-STA-00878,2026-04-11,FALSE,
D000988,Line A,Standard,LineA-STA-00988,2026-04-11,FALSE,
D001030,Line A,Standard,LineA-STA-01030,2026-04-11,FALSE,
D001120,Line A,Standard,LineA-STA-01120,2026-04-11,FALSE,
D001175,Line A,Standard,LineA-STA-01175,2026-04-11,FALSE,
D001325,Line A,Standard,LineA-STA-01325,2026-04-11,FALSE,
D001401,Line A,Standard,LineA-STA-01401,2026-04-11,FALSE,
D001460,Line A,Standard,LineA-STA-01460,2026-04-11,FALSE,
D001467,Line A,Standard,LineA-STA-01467,2026-04-11,FALSE,
D001469,Line A,Standard,LineA-STA-01469,2026-04-11,FALSE,
D001626,Line A,Standard,LineA-STA-01626,2026-04-11,FALSE,
D001712,Line A,Standard,LineA-STA-01712,2026-04-11,FALSE,
D002006,Line A,Standard,LineA-STA-02006,2026-04-11,FALSE,
D002034,Line A,Standard,LineA-STA-02034,2026-04-11,FALSE,
D002053,Line A,Standard,LineA-STA-02053,2026-04-11,FALSE,
D002072,Line A,Standard,LineA-STA-02072,2026-04-11,FALSE,
D002286,Line A,Pro,LineA-PRO-00036,2026-04-11,FALSE,
D002323,Line A,Pro,LineA-PRO-00073,2026-04-11,FALSE,
D002329,Line A,Pro,LineA-PRO-00079,2026-04-11,FALSE,
D002372,Line A,Pro,LineA-PRO-00122,2026-04-11,FALSE,
D002401,Line A,Pro,LineA-PRO-00151,2026-04-11,TRUE,component_misalignment
D002594,Line A,Pro,LineA-PRO-00344,2026-04-11,FALSE,
D002613,Line A,Pro,LineA-PRO-00363,2026-04-11,FALSE,
D002707,Line A,Pro,LineA-PRO-00457,2026-04-11,FALSE,
D002874,Line A,Pro,LineA-PRO-00624,2026-04-11,FALSE,
D002922,Line A,Pro,LineA-PRO-00672,2026-04-11,FALSE,
D002983,Line A,Pro,LineA-PRO-00733,2026-04-11,FALSE,
D003118,Line A,Pro,LineA-PRO-00868,2026-04-11,TRUE,battery_swell
D003314,Line A,Pro,LineA-PRO-01064,2026-04-11,FALSE,
D003399,Line A,Pro,LineA-PRO-01149,2026-04-11,FALSE,
D003572,Line A,Pro,LineA-PRO-01322,2026-04-11,FALSE,
D003730,Line A,Pro,LineA-PRO-01480,2026-04-11,FALSE,
D003820,Line A,Pro,LineA-PRO-01570,2026-04-11,FALSE,
D003853,Line A,Pro,LineA-PRO-01603,2026-04-11,FALSE,
D003872,Line A,Pro,LineA-PRO-01622,2026-04-11,FALSE,
D003938,Line A,Pro,LineA-PRO-01688,2026-04-11,FALSE,
D004074,Line A,Pro,LineA-PRO-01824,2026-04-11,FALSE,
D004157,Line A,Pro,LineA-PRO-01907,2026-04-11,FALSE,
D004161,Line A,Pro,LineA-PRO-01911,2026-04-11,FALSE,
D004189,Line A,Pro,LineA-PRO-01939,2026-04-11,FALSE,
D004197,Line A,Pro,LineA-PRO-01947,2026-04-11,FALSE,
D004428,Line A,Pro,LineA-PRO-02178,2026-04-11,FALSE,
D004451,Line A,Pro,LineA-PRO-02201,2026-04-11,FALSE,
D004494,Line A,Pro,LineA-PRO-02244,2026-04-11,FALSE,
D004564,Line A,Pro,LineA-PRO-02314,2026-04-11,FALSE,
D004686,Line A,Pro,LineA-PRO-02436,2026-04-11,FALSE,
D004707,Line A,Pro,LineA-PRO-02457,2026-04-11,FALSE,
D004789,Line A,Pro,LineA-PRO-02539,2026-04-11,FALSE,
D004865,Line A,Pro,LineA-PRO-02615,2026-04-11,FALSE,
D004975,Line A,Pro,LineA-PRO-02725,2026-04-11,FALSE,
D005017,Line B,Standard,LineB-STA-00017,2026-04-11,FALSE,
D005073,Line B,Standard,LineB-STA-00073,2026-04-11,FALSE,
D005170,Line B,Standard,LineB-STA-00170,2026-04-11,FALSE,
D005376,Line B,Standard,LineB-STA-00376,2026-04-11,FALSE,
D005442,Line B,Standard,LineB-STA-00442,2026-04-11,FALSE,
D005450,Line B,Standard,LineB-STA-00450,2026-04-11,FALSE,
D005488,Line B,Standard,LineB-STA-00488,2026-04-11,FALSE,
D005650,Line B,Standard,LineB-STA-00650,2026-04-11,FALSE,
D005730,Line B,Standard,LineB-STA-00730,2026-04-11,FALSE,
D005766,Line B,Standard,LineB-STA-00766,2026-04-11,FALSE,
D005804,Line B,Standard,LineB-STA-00804,2026-04-11,FALSE,
D005962,Line B,Standard,LineB-STA-00962,2026-04-11,FALSE,
D006049,Line B,Standard,LineB-STA-01049,2026-04-11,FALSE,
D006089,Line B,Standard,LineB-STA-01089,2026-04-11,FALSE,
D006164,Line B,Standard,LineB-STA-01164,2026-04-11,FALSE,
D006174,Line B,Standard,LineB-STA-01174,2026-04-11,FALSE,
D006256,Line B,Standard,LineB-STA-01256,2026-04-11,FALSE,
D006261,Line B,Standard,LineB-STA-01261,2026-04-11,FALSE,
D006350,Line B,Standard,LineB-STA-01350,2026-04-11,FALSE,
D006561,Line B,Standard,LineB-STA-01561,2026-04-11,FALSE,
D006604,Line B,Standard,LineB-STA-01604,2026-04-11,FALSE,
D006986,Line B,Standard,LineB-STA-01986,2026-04-11,FALSE,
D007087,Line B,Standard,LineB-STA-02087,2026-04-11,FALSE,
D007178,Line B,Standard,LineB-STA-02178,2026-04-11,FALSE,
D007328,Line B,Standard,LineB-STA-02328,2026-04-11,FALSE,
D007476,Line B,Standard,LineB-STA-02476,2026-04-11,FALSE,
D007654,Line B,Standard,LineB-STA-02654,2026-04-11,TRUE,housing_crack
D007768,Line B,Standard,LineB-STA-02768,2026-04-11,FALSE,
D007920,Line B,Standard,LineB-STA-02920,2026-04-11,FALSE,
D008131,Line B,Standard,LineB-STA-03131,2026-04-11,FALSE,
D008199,Line B,Standard,LineB-STA-03199,2026-04-11,FALSE,
D008215,Line B,Standard,LineB-STA-03215,2026-04-11,FALSE,
D008247,Line B,Standard,LineB-STA-03247,2026-04-11,FALSE,
D008283,Line B,Standard,LineB-STA-03283,2026-04-11,FALSE,
D008286,Line B,Standard,LineB-STA-03286,2026-04-11,FALSE,
D008321,Line B,Standard,LineB-STA-03321,2026-04-11,FALSE,
D008331,Line B,Standard,LineB-STA-03331,2026-04-11,FALSE,
D008353,Line B,Standard,LineB-STA-03353,2026-04-11,FALSE,
D008397,Line B,Standard,LineB-STA-03397,2026-04-11,FALSE,
D008555,Line B,Standard,LineB-STA-03555,2026-04-11,FALSE,
D008611,Line B,Standard,LineB-STA-03611,2026-04-11,FALSE,
D008678,Line B,Standard,LineB-STA-03678,2026-04-11,FALSE,
D008745,Line B,Standard,LineB-STA-03745,2026-04-11,FALSE,
D008981,Line B,Standard,LineB-STA-03981,2026-04-11,FALSE,
D009100,Line B,Standard,LineB-STA-04100,2026-04-11,FALSE,
D009293,Line B,Pro,LineB-PRO-00043,2026-04-11,FALSE,
D009461,Line B,Pro,LineB-PRO-00211,2026-04-11,TRUE,housing_crack
D009505,Line B,Pro,LineB-PRO-00255,2026-04-11,FALSE,
D009567,Line B,Pro,LineB-PRO-00317,2026-04-11,FALSE,
D009633,Line B,Pro,LineB-PRO-00383,2026-04-11,FALSE,
D009665,Line B,Pro,LineB-PRO-00415,2026-04-11,FALSE,
D010017,Line B,Pro,LineB-PRO-00767,2026-04-11,FALSE,
D000072,Line A,Standard,LineA-STA-00072,2026-04-12,FALSE,
D000300,Line A,Standard,LineA-STA-00300,2026-04-12,FALSE,
D000351,Line A,Standard,LineA-STA-00351,2026-04-12,FALSE,
D000435,Line A,Standard,LineA-STA-00435,2026-04-12,FALSE,
D000599,Line A,Standard,LineA-STA-00599,2026-04-12,FALSE,
D000758,Line A,Standard,LineA-STA-00758,2026-04-12,FALSE,
D000850,Line A,Standard,LineA-STA-00850,2026-04-12,FALSE,
D000858,Line A,Standard,LineA-STA-00858,2026-04-12,FALSE,
D000868,Line A,Standard,LineA-STA-00868,2026-04-12,FALSE,
D000871,Line A,Standard,LineA-STA-00871,2026-04-12,FALSE,
D001267,Line A,Standard,LineA-STA-01267,2026-04-12,FALSE,
D001278,Line A,Standard,LineA-STA-01278,2026-04-12,FALSE,
D001321,Line A,Standard,LineA-STA-01321,2026-04-12,FALSE,
D001336,Line A,Standard,LineA-STA-01336,2026-04-12,FALSE,
D001361,Line A,Standard,LineA-STA-01361,2026-04-12,FALSE,
D001388,Line A,Standard,LineA-STA-01388,2026-04-12,FALSE,
D001487,Line A,Standard,LineA-STA-01487,2026-04-12,FALSE,
D001576,Line A,Standard,LineA-STA-01576,2026-04-12,FALSE,
D001618,Line A,Standard,LineA-STA-01618,2026-04-12,FALSE,
D001671,Line A,Standard,LineA-STA-01671,2026-04-12,FALSE,
D001682,Line A,Standard,LineA-STA-01682,2026-04-12,FALSE,
D001723,Line A,Standard,LineA-STA-01723,2026-04-12,FALSE,
D001757,Line A,Standard,LineA-STA-01757,2026-04-12,FALSE,
D001828,Line A,Standard,LineA-STA-01828,2026-04-12,FALSE,
D001907,Line A,Standard,LineA-STA-01907,2026-04-12,FALSE,
D001955,Line A,Standard,LineA-STA-01955,2026-04-12,FALSE,
D001993,Line A,Standard,LineA-STA-01993,2026-04-12,FALSE,
D002015,Line A,Standard,LineA-STA-02015,2026-04-12,TRUE,battery_swell
D002082,Line A,Standard,LineA-STA-02082,2026-04-12,FALSE,
D002153,Line A,Standard,LineA-STA-02153,2026-04-12,FALSE,
D002207,Line A,Standard,LineA-STA-02207,2026-04-12,FALSE,
D002332,Line A,Pro,LineA-PRO-00082,2026-04-12,FALSE,
D002486,Line A,Pro,LineA-PRO-00236,2026-04-12,FALSE,
D002494,Line A,Pro,LineA-PRO-00244,2026-04-12,FALSE,
D002590,Line A,Pro,LineA-PRO-00340,2026-04-12,FALSE,
D002711,Line A,Pro,LineA-PRO-00461,2026-04-12,FALSE,
D002734,Line A,Pro,LineA-PRO-00484,2026-04-12,TRUE,connector_seating
D002841,Line A,Pro,LineA-PRO-00591,2026-04-12,FALSE,
D002885,Line A,Pro,LineA-PRO-00635,2026-04-12,FALSE,
D002982,Line A,Pro,LineA-PRO-00732,2026-04-12,FALSE,
D003107,Line A,Pro,LineA-PRO-00857,2026-04-12,TRUE,housing_crack
D003122,Line A,Pro,LineA-PRO-00872,2026-04-12,FALSE,
D003147,Line A,Pro,LineA-PRO-00897,2026-04-12,FALSE,
D003158,Line A,Pro,LineA-PRO-00908,2026-04-12,FALSE,
D003168,Line A,Pro,LineA-PRO-00918,2026-04-12,FALSE,
D003344,Line A,Pro,LineA-PRO-01094,2026-04-12,FALSE,
D003629,Line A,Pro,LineA-PRO-01379,2026-04-12,FALSE,
D003749,Line A,Pro,LineA-PRO-01499,2026-04-12,FALSE,
D003810,Line A,Pro,LineA-PRO-01560,2026-04-12,FALSE,
D003886,Line A,Pro,LineA-PRO-01636,2026-04-12,FALSE,
D003897,Line A,Pro,LineA-PRO-01647,2026-04-12,FALSE,
D003986,Line A,Pro,LineA-PRO-01736,2026-04-12,FALSE,
D004041,Line A,Pro,LineA-PRO-01791,2026-04-12,FALSE,
D004107,Line A,Pro,LineA-PRO-01857,2026-04-12,FALSE,
D004136,Line A,Pro,LineA-PRO-01886,2026-04-12,FALSE,
D004144,Line A,Pro,LineA-PRO-01894,2026-04-12,FALSE,
D004240,Line A,Pro,LineA-PRO-01990,2026-04-12,FALSE,
D004259,Line A,Pro,LineA-PRO-02009,2026-04-12,FALSE,
D004348,Line A,Pro,LineA-PRO-02098,2026-04-12,FALSE,
D004504,Line A,Pro,LineA-PRO-02254,2026-04-12,FALSE,
D004565,Line A,Pro,LineA-PRO-02315,2026-04-12,FALSE,
D004659,Line A,Pro,LineA-PRO-02409,2026-04-12,FALSE,
D004674,Line A,Pro,LineA-PRO-02424,2026-04-12,TRUE,component_misalignment
D004725,Line A,Pro,LineA-PRO-02475,2026-04-12,FALSE,
D004734,Line A,Pro,LineA-PRO-02484,2026-04-12,FALSE,
D004825,Line A,Pro,LineA-PRO-02575,2026-04-12,FALSE,
D004894,Line A,Pro,LineA-PRO-02644,2026-04-12,FALSE,
D005164,Line B,Standard,LineB-STA-00164,2026-04-12,FALSE,
D005217,Line B,Standard,LineB-STA-00217,2026-04-12,FALSE,
D005326,Line B,Standard,LineB-STA-00326,2026-04-12,FALSE,
D005408,Line B,Standard,LineB-STA-00408,2026-04-12,FALSE,
D005618,Line B,Standard,LineB-STA-00618,2026-04-12,FALSE,
D005786,Line B,Standard,LineB-STA-00786,2026-04-12,FALSE,
D005789,Line B,Standard,LineB-STA-00789,2026-04-12,FALSE,
D005791,Line B,Standard,LineB-STA-00791,2026-04-12,FALSE,
D005793,Line B,Standard,LineB-STA-00793,2026-04-12,FALSE,
D005832,Line B,Standard,LineB-STA-00832,2026-04-12,FALSE,
D005863,Line B,Standard,LineB-STA-00863,2026-04-12,FALSE,
D005949,Line B,Standard,LineB-STA-00949,2026-04-12,FALSE,
D005967,Line B,Standard,LineB-STA-00967,2026-04-12,FALSE,
D006028,Line B,Standard,LineB-STA-01028,2026-04-12,FALSE,
D006363,Line B,Standard,LineB-STA-01363,2026-04-12,FALSE,
D006581,Line B,Standard,LineB-STA-01581,2026-04-12,FALSE,
D006791,Line B,Standard,LineB-STA-01791,2026-04-12,FALSE,
D006851,Line B,Standard,LineB-STA-01851,2026-04-12,FALSE,
D006857,Line B,Standard,LineB-STA-01857,2026-04-12,FALSE,
D006949,Line B,Standard,LineB-STA-01949,2026-04-12,FALSE,
D006964,Line B,Standard,LineB-STA-01964,2026-04-12,FALSE,
D007053,Line B,Standard,LineB-STA-02053,2026-04-12,FALSE,
D007305,Line B,Standard,LineB-STA-02305,2026-04-12,FALSE,
D007415,Line B,Standard,LineB-STA-02415,2026-04-12,FALSE,
D007423,Line B,Standard,LineB-STA-02423,2026-04-12,FALSE,
D007460,Line B,Standard,LineB-STA-02460,2026-04-12,FALSE,
D007461,Line B,Standard,LineB-STA-02461,2026-04-12,FALSE,
D007624,Line B,Standard,LineB-STA-02624,2026-04-12,FALSE,
D007645,Line B,Standard,LineB-STA-02645,2026-04-12,FALSE,
D007747,Line B,Standard,LineB-STA-02747,2026-04-12,TRUE,housing_crack
D007787,Line B,Standard,LineB-STA-02787,2026-04-12,TRUE,connector_seating
D007905,Line B,Standard,LineB-STA-02905,2026-04-12,FALSE,
D008136,Line B,Standard,LineB-STA-03136,2026-04-12,FALSE,
D008300,Line B,Standard,LineB-STA-03300,2026-04-12,FALSE,
D008323,Line B,Standard,LineB-STA-03323,2026-04-12,FALSE,
D008324,Line B,Standard,LineB-STA-03324,2026-04-12,FALSE,
D008401,Line B,Standard,LineB-STA-03401,2026-04-12,FALSE,
D008674,Line B,Standard,LineB-STA-03674,2026-04-12,FALSE,
D008693,Line B,Standard,LineB-STA-03693,2026-04-12,FALSE,
D008869,Line B,Standard,LineB-STA-03869,2026-04-12,FALSE,
D008923,Line B,Standard,LineB-STA-03923,2026-04-12,FALSE,
D008955,Line B,Standard,LineB-STA-03955,2026-04-12,FALSE,
D009095,Line B,Standard,LineB-STA-04095,2026-04-12,FALSE,
D009099,Line B,Standard,LineB-STA-04099,2026-04-12,FALSE,
D009205,Line B,Standard,LineB-STA-04205,2026-04-12,TRUE,connector_seating
D009216,Line B,Standard,LineB-STA-04216,2026-04-12,FALSE,
D009351,Line B,Pro,LineB-PRO-00101,2026-04-12,FALSE,
D009507,Line B,Pro,LineB-PRO-00257,2026-04-12,FALSE,
D009516,Line B,Pro,LineB-PRO-00266,2026-04-12,FALSE,
D009647,Line B,Pro,LineB-PRO-00397,2026-04-12,FALSE,
D009933,Line B,Pro,LineB-PRO-00683,2026-04-12,FALSE,
D009938,Line B,Pro,LineB-PRO-00688,2026-04-12,FALSE,
D009956,Line B,Pro,LineB-PRO-00706,2026-04-12,FALSE,
D000053,Line A,Standard,LineA-STA-00053,2026-04-13,FALSE,
D000116,Line A,Standard,LineA-STA-00116,2026-04-13,FALSE,
D000279,Line A,Standard,LineA-STA-00279,2026-04-13,FALSE,
D000283,Line A,Standard,LineA-STA-00283,2026-04-13,FALSE,
D000354,Line A,Standard,LineA-STA-00354,2026-04-13,FALSE,
D000518,Line A,Standard,LineA-STA-00518,2026-04-13,FALSE,
D000645,Line A,Standard,LineA-STA-00645,2026-04-13,FALSE,
D000733,Line A,Standard,LineA-STA-00733,2026-04-13,FALSE,
D000774,Line A,Standard,LineA-STA-00774,2026-04-13,FALSE,
D000813,Line A,Standard,LineA-STA-00813,2026-04-13,FALSE,
D001006,Line A,Standard,LineA-STA-01006,2026-04-13,FALSE,
D001042,Line A,Standard,LineA-STA-01042,2026-04-13,FALSE,
D001243,Line A,Standard,LineA-STA-01243,2026-04-13,FALSE,
D001304,Line A,Standard,LineA-STA-01304,2026-04-13,FALSE,
D001338,Line A,Standard,LineA-STA-01338,2026-04-13,FALSE,
D001389,Line A,Standard,LineA-STA-01389,2026-04-13,FALSE,
D001628,Line A,Standard,LineA-STA-01628,2026-04-13,FALSE,
D001697,Line A,Standard,LineA-STA-01697,2026-04-13,FALSE,
D001794,Line A,Standard,LineA-STA-01794,2026-04-13,FALSE,
D001859,Line A,Standard,LineA-STA-01859,2026-04-13,FALSE,
D001933,Line A,Standard,LineA-STA-01933,2026-04-13,FALSE,
D001969,Line A,Standard,LineA-STA-01969,2026-04-13,FALSE,
D001982,Line A,Standard,LineA-STA-01982,2026-04-13,FALSE,
D002000,Line A,Standard,LineA-STA-02000,2026-04-13,FALSE,
D002103,Line A,Standard,LineA-STA-02103,2026-04-13,FALSE,
D002106,Line A,Standard,LineA-STA-02106,2026-04-13,FALSE,
D002143,Line A,Standard,LineA-STA-02143,2026-04-13,FALSE,
D002450,Line A,Pro,LineA-PRO-00200,2026-04-13,FALSE,
D002473,Line A,Pro,LineA-PRO-00223,2026-04-13,FALSE,
D002662,Line A,Pro,LineA-PRO-00412,2026-04-13,FALSE,
D002700,Line A,Pro,LineA-PRO-00450,2026-04-13,FALSE,
D002743,Line A,Pro,LineA-PRO-00493,2026-04-13,FALSE,
D002795,Line A,Pro,LineA-PRO-00545,2026-04-13,FALSE,
D002871,Line A,Pro,LineA-PRO-00621,2026-04-13,FALSE,
D003252,Line A,Pro,LineA-PRO-01002,2026-04-13,FALSE,
D003265,Line A,Pro,LineA-PRO-01015,2026-04-13,FALSE,
D003334,Line A,Pro,LineA-PRO-01084,2026-04-13,FALSE,
D003356,Line A,Pro,LineA-PRO-01106,2026-04-13,FALSE,
D003366,Line A,Pro,LineA-PRO-01116,2026-04-13,FALSE,
D003471,Line A,Pro,LineA-PRO-01221,2026-04-13,FALSE,
D003486,Line A,Pro,LineA-PRO-01236,2026-04-13,FALSE,
D003559,Line A,Pro,LineA-PRO-01309,2026-04-13,TRUE,capacitor_leak
D003600,Line A,Pro,LineA-PRO-01350,2026-04-13,FALSE,
D003602,Line A,Pro,LineA-PRO-01352,2026-04-13,FALSE,
D003631,Line A,Pro,LineA-PRO-01381,2026-04-13,FALSE,
D003825,Line A,Pro,LineA-PRO-01575,2026-04-13,FALSE,
D003953,Line A,Pro,LineA-PRO-01703,2026-04-13,FALSE,
D004060,Line A,Pro,LineA-PRO-01810,2026-04-13,FALSE,
D004124,Line A,Pro,LineA-PRO-01874,2026-04-13,FALSE,
D004181,Line A,Pro,LineA-PRO-01931,2026-04-13,FALSE,
D004357,Line A,Pro,LineA-PRO-02107,2026-04-13,FALSE,
D004411,Line A,Pro,LineA-PRO-02161,2026-04-13,FALSE,
D004560,Line A,Pro,LineA-PRO-02310,2026-04-13,FALSE,
D004727,Line A,Pro,LineA-PRO-02477,2026-04-13,FALSE,
D004747,Line A,Pro,LineA-PRO-02497,2026-04-13,FALSE,
D004780,Line A,Pro,LineA-PRO-02530,2026-04-13,FALSE,
D004990,Line A,Pro,LineA-PRO-02740,2026-04-13,FALSE,
D005034,Line B,Standard,LineB-STA-00034,2026-04-13,FALSE,
D005088,Line B,Standard,LineB-STA-00088,2026-04-13,FALSE,
D005114,Line B,Standard,LineB-STA-00114,2026-04-13,FALSE,
D005133,Line B,Standard,LineB-STA-00133,2026-04-13,FALSE,
D005188,Line B,Standard,LineB-STA-00188,2026-04-13,FALSE,
D005257,Line B,Standard,LineB-STA-00257,2026-04-13,FALSE,
D005387,Line B,Standard,LineB-STA-00387,2026-04-13,FALSE,
D005400,Line B,Standard,LineB-STA-00400,2026-04-13,FALSE,
D005443,Line B,Standard,LineB-STA-00443,2026-04-13,FALSE,
D005557,Line B,Standard,LineB-STA-00557,2026-04-13,FALSE,
D005561,Line B,Standard,LineB-STA-00561,2026-04-13,FALSE,
D005691,Line B,Standard,LineB-STA-00691,2026-04-13,FALSE,
D005739,Line B,Standard,LineB-STA-00739,2026-04-13,FALSE,
D005899,Line B,Standard,LineB-STA-00899,2026-04-13,FALSE,
D005977,Line B,Standard,LineB-STA-00977,2026-04-13,TRUE,screen_dead_pixel
D005989,Line B,Standard,LineB-STA-00989,2026-04-13,FALSE,
D006052,Line B,Standard,LineB-STA-01052,2026-04-13,FALSE,
D006140,Line B,Standard,LineB-STA-01140,2026-04-13,FALSE,
D006217,Line B,Standard,LineB-STA-01217,2026-04-13,FALSE,
D006292,Line B,Standard,LineB-STA-01292,2026-04-13,FALSE,
D006335,Line B,Standard,LineB-STA-01335,2026-04-13,FALSE,
D006449,Line B,Standard,LineB-STA-01449,2026-04-13,FALSE,
D006554,Line B,Standard,LineB-STA-01554,2026-04-13,FALSE,
D006595,Line B,Standard,LineB-STA-01595,2026-04-13,TRUE,battery_swell
D006607,Line B,Standard,LineB-STA-01607,2026-04-13,FALSE,
D006664,Line B,Standard,LineB-STA-01664,2026-04-13,FALSE,
D006769,Line B,Standard,LineB-STA-01769,2026-04-13,FALSE,
D006909,Line B,Standard,LineB-STA-01909,2026-04-13,FALSE,
D006976,Line B,Standard,LineB-STA-01976,2026-04-13,FALSE,
D007049,Line B,Standard,LineB-STA-02049,2026-04-13,FALSE,
D007075,Line B,Standard,LineB-STA-02075,2026-04-13,FALSE,
D007088,Line B,Standard,LineB-STA-02088,2026-04-13,FALSE,
D007154,Line B,Standard,LineB-STA-02154,2026-04-13,FALSE,
D007166,Line B,Standard,LineB-STA-02166,2026-04-13,FALSE,
D007206,Line B,Standard,LineB-STA-02206,2026-04-13,FALSE,
D007330,Line B,Standard,LineB-STA-02330,2026-04-13,FALSE,
D007355,Line B,Standard,LineB-STA-02355,2026-04-13,FALSE,
D007357,Line B,Standard,LineB-STA-02357,2026-04-13,FALSE,
D007386,Line B,Standard,LineB-STA-02386,2026-04-13,FALSE,
D007422,Line B,Standard,LineB-STA-02422,2026-04-13,FALSE,
D007535,Line B,Standard,LineB-STA-02535,2026-04-13,FALSE,
D007625,Line B,Standard,LineB-STA-02625,2026-04-13,FALSE,
D007637,Line B,Standard,LineB-STA-02637,2026-04-13,FALSE,
D007656,Line B,Standard,LineB-STA-02656,2026-04-13,FALSE,
D007666,Line B,Standard,LineB-STA-02666,2026-04-13,FALSE,
D007689,Line B,Standard,LineB-STA-02689,2026-04-13,FALSE,
D007716,Line B,Standard,LineB-STA-02716,2026-04-13,FALSE,
D007745,Line B,Standard,LineB-STA-02745,2026-04-13,FALSE,
D007814,Line B,Standard,LineB-STA-02814,2026-04-13,FALSE,
D008129,Line B,Standard,LineB-STA-03129,2026-04-13,FALSE,
D008155,Line B,Standard,LineB-STA-03155,2026-04-13,FALSE,
D008177,Line B,Standard,LineB-STA-03177,2026-04-13,FALSE,
D008455,Line B,Standard,LineB-STA-03455,2026-04-13,FALSE,
D008550,Line B,Standard,LineB-STA-03550,2026-04-13,FALSE,
D008841,Line B,Standard,LineB-STA-03841,2026-04-13,FALSE,
D009035,Line B,Standard,LineB-STA-04035,2026-04-13,FALSE,
D009083,Line B,Standard,LineB-STA-04083,2026-04-13,FALSE,
D009103,Line B,Standard,LineB-STA-04103,2026-04-13,FALSE,
D009119,Line B,Standard,LineB-STA-04119,2026-04-13,FALSE,
D009176,Line B,Standard,LineB-STA-04176,2026-04-13,FALSE,
D009266,Line B,Pro,LineB-PRO-00016,2026-04-13,FALSE,
D009466,Line B,Pro,LineB-PRO-00216,2026-04-13,FALSE,
D009478,Line B,Pro,LineB-PRO-00228,2026-04-13,FALSE,
D009569,Line B,Pro,LineB-PRO-00319,2026-04-13,FALSE,
D009617,Line B,Pro,LineB-PRO-00367,2026-04-13,TRUE,housing_crack
D009619,Line B,Pro,LineB-PRO-00369,2026-04-13,FALSE,
D009642,Line B,Pro,LineB-PRO-00392,2026-04-13,FALSE,
D009831,Line B,Pro,LineB-PRO-00581,2026-04-13,FALSE,
D009880,Line B,Pro,LineB-PRO-00630,2026-04-13,FALSE,
D009921,Line B,Pro,LineB-PRO-00671,2026-04-13,FALSE,
D009955,Line B,Pro,LineB-PRO-00705,2026-04-13,FALSE,
D009972,Line B,Pro,LineB-PRO-00722,2026-04-13,FALSE,
D000044,Line A,Standard,LineA-STA-00044,2026-04-14,FALSE,
D000090,Line A,Standard,LineA-STA-00090,2026-04-14,FALSE,
D000269,Line A,Standard,LineA-STA-00269,2026-04-14,FALSE,
D000318,Line A,Standard,LineA-STA-00318,2026-04-14,FALSE,
D000732,Line A,Standard,LineA-STA-00732,2026-04-14,FALSE,
D000849,Line A,Standard,LineA-STA-00849,2026-04-14,FALSE,
D000856,Line A,Standard,LineA-STA-00856,2026-04-14,FALSE,
D000866,Line A,Standard,LineA-STA-00866,2026-04-14,FALSE,
D000989,Line A,Standard,LineA-STA-00989,2026-04-14,FALSE,
D001005,Line A,Standard,LineA-STA-01005,2026-04-14,TRUE,solder_joint
D001027,Line A,Standard,LineA-STA-01027,2026-04-14,FALSE,
D001055,Line A,Standard,LineA-STA-01055,2026-04-14,FALSE,
D001090,Line A,Standard,LineA-STA-01090,2026-04-14,FALSE,
D001203,Line A,Standard,LineA-STA-01203,2026-04-14,FALSE,
D001362,Line A,Standard,LineA-STA-01362,2026-04-14,FALSE,
D001363,Line A,Standard,LineA-STA-01363,2026-04-14,FALSE,
D001535,Line A,Standard,LineA-STA-01535,2026-04-14,FALSE,
D001609,Line A,Standard,LineA-STA-01609,2026-04-14,FALSE,
D001654,Line A,Standard,LineA-STA-01654,2026-04-14,FALSE,
D001656,Line A,Standard,LineA-STA-01656,2026-04-14,FALSE,
D001699,Line A,Standard,LineA-STA-01699,2026-04-14,FALSE,
D001898,Line A,Standard,LineA-STA-01898,2026-04-14,FALSE,
D001921,Line A,Standard,LineA-STA-01921,2026-04-14,FALSE,
D001947,Line A,Standard,LineA-STA-01947,2026-04-14,FALSE,
D002104,Line A,Standard,LineA-STA-02104,2026-04-14,FALSE,
D002475,Line A,Pro,LineA-PRO-00225,2026-04-14,FALSE,
D002535,Line A,Pro,LineA-PRO-00285,2026-04-14,FALSE,
D002542,Line A,Pro,LineA-PRO-00292,2026-04-14,FALSE,
D002545,Line A,Pro,LineA-PRO-00295,2026-04-14,FALSE,
D002608,Line A,Pro,LineA-PRO-00358,2026-04-14,FALSE,
D002772,Line A,Pro,LineA-PRO-00522,2026-04-14,FALSE,
D002988,Line A,Pro,LineA-PRO-00738,2026-04-14,FALSE,
D003278,Line A,Pro,LineA-PRO-01028,2026-04-14,TRUE,firmware_flash_fail
D003323,Line A,Pro,LineA-PRO-01073,2026-04-14,FALSE,
D003377,Line A,Pro,LineA-PRO-01127,2026-04-14,FALSE,
D003424,Line A,Pro,LineA-PRO-01174,2026-04-14,TRUE,capacitor_leak
D003433,Line A,Pro,LineA-PRO-01183,2026-04-14,FALSE,
D003462,Line A,Pro,LineA-PRO-01212,2026-04-14,FALSE,
D003761,Line A,Pro,LineA-PRO-01511,2026-04-14,FALSE,
D004070,Line A,Pro,LineA-PRO-01820,2026-04-14,FALSE,
D004177,Line A,Pro,LineA-PRO-01927,2026-04-14,FALSE,
D004214,Line A,Pro,LineA-PRO-01964,2026-04-14,FALSE,
D004281,Line A,Pro,LineA-PRO-02031,2026-04-14,FALSE,
D004390,Line A,Pro,LineA-PRO-02140,2026-04-14,TRUE,solder_joint
D004394,Line A,Pro,LineA-PRO-02144,2026-04-14,FALSE,
D004397,Line A,Pro,LineA-PRO-02147,2026-04-14,FALSE,
D004401,Line A,Pro,LineA-PRO-02151,2026-04-14,FALSE,
D004553,Line A,Pro,LineA-PRO-02303,2026-04-14,FALSE,
D005057,Line B,Standard,LineB-STA-00057,2026-04-14,FALSE,
D005128,Line B,Standard,LineB-STA-00128,2026-04-14,FALSE,
D005355,Line B,Standard,LineB-STA-00355,2026-04-14,FALSE,
D005425,Line B,Standard,LineB-STA-00425,2026-04-14,FALSE,
D005436,Line B,Standard,LineB-STA-00436,2026-04-14,FALSE,
D005489,Line B,Standard,LineB-STA-00489,2026-04-14,FALSE,
D005593,Line B,Standard,LineB-STA-00593,2026-04-14,FALSE,
D005599,Line B,Standard,LineB-STA-00599,2026-04-14,FALSE,
D005721,Line B,Standard,LineB-STA-00721,2026-04-14,FALSE,
D005889,Line B,Standard,LineB-STA-00889,2026-04-14,FALSE,
D005928,Line B,Standard,LineB-STA-00928,2026-04-14,FALSE,
D006047,Line B,Standard,LineB-STA-01047,2026-04-14,FALSE,
D006312,Line B,Standard,LineB-STA-01312,2026-04-14,FALSE,
D006434,Line B,Standard,LineB-STA-01434,2026-04-14,FALSE,
D006672,Line B,Standard,LineB-STA-01672,2026-04-14,FALSE,
D006681,Line B,Standard,LineB-STA-01681,2026-04-14,FALSE,
D006749,Line B,Standard,LineB-STA-01749,2026-04-14,FALSE,
D007092,Line B,Standard,LineB-STA-02092,2026-04-14,FALSE,
D007274,Line B,Standard,LineB-STA-02274,2026-04-14,FALSE,
D007304,Line B,Standard,LineB-STA-02304,2026-04-14,FALSE,
D007317,Line B,Standard,LineB-STA-02317,2026-04-14,FALSE,
D007340,Line B,Standard,LineB-STA-02340,2026-04-14,FALSE,
D007353,Line B,Standard,LineB-STA-02353,2026-04-14,TRUE,label_misprint
D007473,Line B,Standard,LineB-STA-02473,2026-04-14,FALSE,
D007541,Line B,Standard,LineB-STA-02541,2026-04-14,FALSE,
D007709,Line B,Standard,LineB-STA-02709,2026-04-14,FALSE,
D007772,Line B,Standard,LineB-STA-02772,2026-04-14,FALSE,
D007901,Line B,Standard,LineB-STA-02901,2026-04-14,FALSE,
D007914,Line B,Standard,LineB-STA-02914,2026-04-14,FALSE,
D007987,Line B,Standard,LineB-STA-02987,2026-04-14,FALSE,
D008083,Line B,Standard,LineB-STA-03083,2026-04-14,FALSE,
D008291,Line B,Standard,LineB-STA-03291,2026-04-14,FALSE,
D008314,Line B,Standard,LineB-STA-03314,2026-04-14,FALSE,
D008481,Line B,Standard,LineB-STA-03481,2026-04-14,FALSE,
D008623,Line B,Standard,LineB-STA-03623,2026-04-14,FALSE,
D008670,Line B,Standard,LineB-STA-03670,2026-04-14,FALSE,
D008787,Line B,Standard,LineB-STA-03787,2026-04-14,FALSE,
D008829,Line B,Standard,LineB-STA-03829,2026-04-14,FALSE,
D008988,Line B,Standard,LineB-STA-03988,2026-04-14,FALSE,
D009013,Line B,Standard,LineB-STA-04013,2026-04-14,FALSE,
D009023,Line B,Standard,LineB-STA-04023,2026-04-14,FALSE,
D009194,Line B,Standard,LineB-STA-04194,2026-04-14,FALSE,
D009251,Line B,Pro,LineB-PRO-00001,2026-04-14,FALSE,
D009298,Line B,Pro,LineB-PRO-00048,2026-04-14,FALSE,
D009373,Line B,Pro,LineB-PRO-00123,2026-04-14,FALSE,
D009533,Line B,Pro,LineB-PRO-00283,2026-04-14,FALSE,
D009590,Line B,Pro,LineB-PRO-00340,2026-04-14,FALSE,
D009655,Line B,Pro,LineB-PRO-00405,2026-04-14,TRUE,screen_dead_pixel
D009660,Line B,Pro,LineB-PRO-00410,2026-04-14,FALSE,
D009672,Line B,Pro,LineB-PRO-00422,2026-04-14,FALSE,
D009748,Line B,Pro,LineB-PRO-00498,2026-04-14,FALSE,
D009839,Line B,Pro,LineB-PRO-00589,2026-04-14,FALSE,
D009865,Line B,Pro,LineB-PRO-00615,2026-04-14,FALSE,
D009901,Line B,Pro,LineB-PRO-00651,2026-04-14,FALSE,
D009912,Line B,Pro,LineB-PRO-00662,2026-04-14,FALSE,
D010016,Line B,Pro,LineB-PRO-00766,2026-04-14,FALSE,
D000160,Line A,Standard,LineA-STA-00160,2026-04-15,FALSE,
D000188,Line A,Standard,LineA-STA-00188,2026-04-15,FALSE,
D000331,Line A,Standard,LineA-STA-00331,2026-04-15,FALSE,
D000418,Line A,Standard,LineA-STA-00418,2026-04-15,FALSE,
D000430,Line A,Standard,LineA-STA-00430,2026-04-15,FALSE,
D000509,Line A,Standard,LineA-STA-00509,2026-04-15,FALSE,
D000945,Line A,Standard,LineA-STA-00945,2026-04-15,FALSE,
D001031,Line A,Standard,LineA-STA-01031,2026-04-15,FALSE,
D001051,Line A,Standard,LineA-STA-01051,2026-04-15,FALSE,
D001097,Line A,Standard,LineA-STA-01097,2026-04-15,FALSE,
D001109,Line A,Standard,LineA-STA-01109,2026-04-15,FALSE,
D001127,Line A,Standard,LineA-STA-01127,2026-04-15,FALSE,
D001191,Line A,Standard,LineA-STA-01191,2026-04-15,FALSE,
D001193,Line A,Standard,LineA-STA-01193,2026-04-15,FALSE,
D001424,Line A,Standard,LineA-STA-01424,2026-04-15,FALSE,
D001489,Line A,Standard,LineA-STA-01489,2026-04-15,FALSE,
D001538,Line A,Standard,LineA-STA-01538,2026-04-15,FALSE,
D001850,Line A,Standard,LineA-STA-01850,2026-04-15,FALSE,
D002008,Line A,Standard,LineA-STA-02008,2026-04-15,FALSE,
D002096,Line A,Standard,LineA-STA-02096,2026-04-15,FALSE,
D002319,Line A,Pro,LineA-PRO-00069,2026-04-15,FALSE,
D002384,Line A,Pro,LineA-PRO-00134,2026-04-15,FALSE,
D002414,Line A,Pro,LineA-PRO-00164,2026-04-15,FALSE,
D002502,Line A,Pro,LineA-PRO-00252,2026-04-15,FALSE,
D002667,Line A,Pro,LineA-PRO-00417,2026-04-15,FALSE,
D002756,Line A,Pro,LineA-PRO-00506,2026-04-15,FALSE,
D002780,Line A,Pro,LineA-PRO-00530,2026-04-15,FALSE,
D002792,Line A,Pro,LineA-PRO-00542,2026-04-15,FALSE,
D002827,Line A,Pro,LineA-PRO-00577,2026-04-15,FALSE,
D002930,Line A,Pro,LineA-PRO-00680,2026-04-15,FALSE,
D002949,Line A,Pro,LineA-PRO-00699,2026-04-15,FALSE,
D002991,Line A,Pro,LineA-PRO-00741,2026-04-15,FALSE,
D003054,Line A,Pro,LineA-PRO-00804,2026-04-15,FALSE,
D003100,Line A,Pro,LineA-PRO-00850,2026-04-15,FALSE,
D003288,Line A,Pro,LineA-PRO-01038,2026-04-15,FALSE,
D003317,Line A,Pro,LineA-PRO-01067,2026-04-15,FALSE,
D003386,Line A,Pro,LineA-PRO-01136,2026-04-15,FALSE,
D003390,Line A,Pro,LineA-PRO-01140,2026-04-15,FALSE,
D003402,Line A,Pro,LineA-PRO-01152,2026-04-15,FALSE,
D003526,Line A,Pro,LineA-PRO-01276,2026-04-15,FALSE,
D003576,Line A,Pro,LineA-PRO-01326,2026-04-15,FALSE,
D003704,Line A,Pro,LineA-PRO-01454,2026-04-15,FALSE,
D003740,Line A,Pro,LineA-PRO-01490,2026-04-15,FALSE,
D003774,Line A,Pro,LineA-PRO-01524,2026-04-15,FALSE,
D003854,Line A,Pro,LineA-PRO-01604,2026-04-15,FALSE,
D003993,Line A,Pro,LineA-PRO-01743,2026-04-15,FALSE,
D004028,Line A,Pro,LineA-PRO-01778,2026-04-15,FALSE,
D004037,Line A,Pro,LineA-PRO-01787,2026-04-15,FALSE,
D004192,Line A,Pro,LineA-PRO-01942,2026-04-15,FALSE,
D004219,Line A,Pro,LineA-PRO-01969,2026-04-15,FALSE,
D004244,Line A,Pro,LineA-PRO-01994,2026-04-15,FALSE,
D004266,Line A,Pro,LineA-PRO-02016,2026-04-15,FALSE,
D004311,Line A,Pro,LineA-PRO-02061,2026-04-15,FALSE,
D004393,Line A,Pro,LineA-PRO-02143,2026-04-15,FALSE,
D004520,Line A,Pro,LineA-PRO-02270,2026-04-15,TRUE,solder_joint
D004611,Line A,Pro,LineA-PRO-02361,2026-04-15,FALSE,
D004726,Line A,Pro,LineA-PRO-02476,2026-04-15,FALSE,
D004913,Line A,Pro,LineA-PRO-02663,2026-04-15,FALSE,
D005157,Line B,Standard,LineB-STA-00157,2026-04-15,FALSE,
D005168,Line B,Standard,LineB-STA-00168,2026-04-15,FALSE,
D005259,Line B,Standard,LineB-STA-00259,2026-04-15,FALSE,
D005267,Line B,Standard,LineB-STA-00267,2026-04-15,FALSE,
D005272,Line B,Standard,LineB-STA-00272,2026-04-15,FALSE,
D005501,Line B,Standard,LineB-STA-00501,2026-04-15,FALSE,
D005790,Line B,Standard,LineB-STA-00790,2026-04-15,FALSE,
D005871,Line B,Standard,LineB-STA-00871,2026-04-15,FALSE,
D006074,Line B,Standard,LineB-STA-01074,2026-04-15,FALSE,
D006083,Line B,Standard,LineB-STA-01083,2026-04-15,FALSE,
D006132,Line B,Standard,LineB-STA-01132,2026-04-15,FALSE,
D006176,Line B,Standard,LineB-STA-01176,2026-04-15,FALSE,
D006296,Line B,Standard,LineB-STA-01296,2026-04-15,FALSE,
D006396,Line B,Standard,LineB-STA-01396,2026-04-15,FALSE,
D006438,Line B,Standard,LineB-STA-01438,2026-04-15,FALSE,
D006602,Line B,Standard,LineB-STA-01602,2026-04-15,FALSE,
D006618,Line B,Standard,LineB-STA-01618,2026-04-15,FALSE,
D006651,Line B,Standard,LineB-STA-01651,2026-04-15,FALSE,
D006778,Line B,Standard,LineB-STA-01778,2026-04-15,FALSE,
D006853,Line B,Standard,LineB-STA-01853,2026-04-15,FALSE,
D006970,Line B,Standard,LineB-STA-01970,2026-04-15,TRUE,screen_dead_pixel
D007022,Line B,Standard,LineB-STA-02022,2026-04-15,FALSE,
D007169,Line B,Standard,LineB-STA-02169,2026-04-15,FALSE,
D007292,Line B,Standard,LineB-STA-02292,2026-04-15,FALSE,
D007444,Line B,Standard,LineB-STA-02444,2026-04-15,FALSE,
D007726,Line B,Standard,LineB-STA-02726,2026-04-15,FALSE,
D007831,Line B,Standard,LineB-STA-02831,2026-04-15,FALSE,
D007883,Line B,Standard,LineB-STA-02883,2026-04-15,FALSE,
D007915,Line B,Standard,LineB-STA-02915,2026-04-15,FALSE,
D007974,Line B,Standard,LineB-STA-02974,2026-04-15,FALSE,
D008174,Line B,Standard,LineB-STA-03174,2026-04-15,FALSE,
D008209,Line B,Standard,LineB-STA-03209,2026-04-15,FALSE,
D008289,Line B,Standard,LineB-STA-03289,2026-04-15,TRUE,solder_joint
D008697,Line B,Standard,LineB-STA-03697,2026-04-15,FALSE,
D008784,Line B,Standard,LineB-STA-03784,2026-04-15,FALSE,
D008868,Line B,Standard,LineB-STA-03868,2026-04-15,FALSE,
D008983,Line B,Standard,LineB-STA-03983,2026-04-15,FALSE,
D009000,Line B,Standard,LineB-STA-04000,2026-04-15,FALSE,
D009175,Line B,Standard,LineB-STA-04175,2026-04-15,FALSE,
D009231,Line B,Standard,LineB-STA-04231,2026-04-15,FALSE,
D009246,Line B,Standard,LineB-STA-04246,2026-04-15,FALSE,
D009450,Line B,Pro,LineB-PRO-00200,2026-04-15,FALSE,
D009493,Line B,Pro,LineB-PRO-00243,2026-04-15,FALSE,
D009572,Line B,Pro,LineB-PRO-00322,2026-04-15,FALSE,
D009618,Line B,Pro,LineB-PRO-00368,2026-04-15,FALSE,
D009716,Line B,Pro,LineB-PRO-00466,2026-04-15,FALSE,
D009739,Line B,Pro,LineB-PRO-00489,2026-04-15,FALSE,
D009744,Line B,Pro,LineB-PRO-00494,2026-04-15,FALSE,
D009791,Line B,Pro,LineB-PRO-00541,2026-04-15,FALSE,
D009825,Line B,Pro,LineB-PRO-00575,2026-04-15,FALSE,
D000048,Line A,Standard,LineA-STA-00048,2026-04-16,FALSE,
D000114,Line A,Standard,LineA-STA-00114,2026-04-16,FALSE,
D000245,Line A,Standard,LineA-STA-00245,2026-04-16,FALSE,
D000378,Line A,Standard,LineA-STA-00378,2026-04-16,FALSE,
D000388,Line A,Standard,LineA-STA-00388,2026-04-16,FALSE,
D000486,Line A,Standard,LineA-STA-00486,2026-04-16,FALSE,
D000622,Line A,Standard,LineA-STA-00622,2026-04-16,FALSE,
D001124,Line A,Standard,LineA-STA-01124,2026-04-16,FALSE,
D001212,Line A,Standard,LineA-STA-01212,2026-04-16,FALSE,
D001308,Line A,Standard,LineA-STA-01308,2026-04-16,FALSE,
D001353,Line A,Standard,LineA-STA-01353,2026-04-16,FALSE,
D001391,Line A,Standard,LineA-STA-01391,2026-04-16,FALSE,
D001497,Line A,Standard,LineA-STA-01497,2026-04-16,FALSE,
D001513,Line A,Standard,LineA-STA-01513,2026-04-16,FALSE,
D001562,Line A,Standard,LineA-STA-01562,2026-04-16,FALSE,
D001662,Line A,Standard,LineA-STA-01662,2026-04-16,FALSE,
D001670,Line A,Standard,LineA-STA-01670,2026-04-16,FALSE,
D001701,Line A,Standard,LineA-STA-01701,2026-04-16,FALSE,
D001725,Line A,Standard,LineA-STA-01725,2026-04-16,FALSE,
D002063,Line A,Standard,LineA-STA-02063,2026-04-16,FALSE,
D002190,Line A,Standard,LineA-STA-02190,2026-04-16,FALSE,
D002493,Line A,Pro,LineA-PRO-00243,2026-04-16,FALSE,
D002580,Line A,Pro,LineA-PRO-00330,2026-04-16,FALSE,
D002635,Line A,Pro,LineA-PRO-00385,2026-04-16,FALSE,
D002677,Line A,Pro,LineA-PRO-00427,2026-04-16,FALSE,
D002741,Line A,Pro,LineA-PRO-00491,2026-04-16,FALSE,
D002970,Line A,Pro,LineA-PRO-00720,2026-04-16,FALSE,
D003076,Line A,Pro,LineA-PRO-00826,2026-04-16,TRUE,solder_joint
D003196,Line A,Pro,LineA-PRO-00946,2026-04-16,FALSE,
D003207,Line A,Pro,LineA-PRO-00957,2026-04-16,FALSE,
D003222,Line A,Pro,LineA-PRO-00972,2026-04-16,FALSE,
D003305,Line A,Pro,LineA-PRO-01055,2026-04-16,FALSE,
D003329,Line A,Pro,LineA-PRO-01079,2026-04-16,FALSE,
D003335,Line A,Pro,LineA-PRO-01085,2026-04-16,FALSE,
D003388,Line A,Pro,LineA-PRO-01138,2026-04-16,FALSE,
D003427,Line A,Pro,LineA-PRO-01177,2026-04-16,FALSE,
D003442,Line A,Pro,LineA-PRO-01192,2026-04-16,FALSE,
D003463,Line A,Pro,LineA-PRO-01213,2026-04-16,FALSE,
D003505,Line A,Pro,LineA-PRO-01255,2026-04-16,FALSE,
D003743,Line A,Pro,LineA-PRO-01493,2026-04-16,TRUE,battery_swell
D003752,Line A,Pro,LineA-PRO-01502,2026-04-16,FALSE,
D003801,Line A,Pro,LineA-PRO-01551,2026-04-16,FALSE,
D003901,Line A,Pro,LineA-PRO-01651,2026-04-16,FALSE,
D003907,Line A,Pro,LineA-PRO-01657,2026-04-16,FALSE,
D004039,Line A,Pro,LineA-PRO-01789,2026-04-16,FALSE,
D004066,Line A,Pro,LineA-PRO-01816,2026-04-16,FALSE,
D004114,Line A,Pro,LineA-PRO-01864,2026-04-16,FALSE,
D004376,Line A,Pro,LineA-PRO-02126,2026-04-16,FALSE,
D004404,Line A,Pro,LineA-PRO-02154,2026-04-16,FALSE,
D004417,Line A,Pro,LineA-PRO-02167,2026-04-16,FALSE,
D004526,Line A,Pro,LineA-PRO-02276,2026-04-16,FALSE,
D004529,Line A,Pro,LineA-PRO-02279,2026-04-16,FALSE,
D004599,Line A,Pro,LineA-PRO-02349,2026-04-16,FALSE,
D004608,Line A,Pro,LineA-PRO-02358,2026-04-16,FALSE,
D004612,Line A,Pro,LineA-PRO-02362,2026-04-16,FALSE,
D004618,Line A,Pro,LineA-PRO-02368,2026-04-16,FALSE,
D004637,Line A,Pro,LineA-PRO-02387,2026-04-16,TRUE,battery_swell
D004683,Line A,Pro,LineA-PRO-02433,2026-04-16,FALSE,
D004697,Line A,Pro,LineA-PRO-02447,2026-04-16,FALSE,
D004754,Line A,Pro,LineA-PRO-02504,2026-04-16,FALSE,
D004828,Line A,Pro,LineA-PRO-02578,2026-04-16,FALSE,
D004873,Line A,Pro,LineA-PRO-02623,2026-04-16,FALSE,
D004882,Line A,Pro,LineA-PRO-02632,2026-04-16,FALSE,
D004959,Line A,Pro,LineA-PRO-02709,2026-04-16,TRUE,battery_swell
D005016,Line B,Standard,LineB-STA-00016,2026-04-16,FALSE,
D005029,Line B,Standard,LineB-STA-00029,2026-04-16,FALSE,
D005051,Line B,Standard,LineB-STA-00051,2026-04-16,FALSE,
D005118,Line B,Standard,LineB-STA-00118,2026-04-16,FALSE,
D005159,Line B,Standard,LineB-STA-00159,2026-04-16,FALSE,
D005370,Line B,Standard,LineB-STA-00370,2026-04-16,FALSE,
D005498,Line B,Standard,LineB-STA-00498,2026-04-16,FALSE,
D005515,Line B,Standard,LineB-STA-00515,2026-04-16,FALSE,
D005637,Line B,Standard,LineB-STA-00637,2026-04-16,FALSE,
D005664,Line B,Standard,LineB-STA-00664,2026-04-16,FALSE,
D005732,Line B,Standard,LineB-STA-00732,2026-04-16,FALSE,
D005781,Line B,Standard,LineB-STA-00781,2026-04-16,FALSE,
D006105,Line B,Standard,LineB-STA-01105,2026-04-16,FALSE,
D006291,Line B,Standard,LineB-STA-01291,2026-04-16,FALSE,
D006415,Line B,Standard,LineB-STA-01415,2026-04-16,FALSE,
D006433,Line B,Standard,LineB-STA-01433,2026-04-16,FALSE,
D006539,Line B,Standard,LineB-STA-01539,2026-04-16,TRUE,firmware_flash_fail
D006934,Line B,Standard,LineB-STA-01934,2026-04-16,FALSE,
D006948,Line B,Standard,LineB-STA-01948,2026-04-16,FALSE,
D006954,Line B,Standard,LineB-STA-01954,2026-04-16,FALSE,
D006957,Line B,Standard,LineB-STA-01957,2026-04-16,TRUE,screen_dead_pixel
D007141,Line B,Standard,LineB-STA-02141,2026-04-16,FALSE,
D007170,Line B,Standard,LineB-STA-02170,2026-04-16,FALSE,
D007259,Line B,Standard,LineB-STA-02259,2026-04-16,FALSE,
D007270,Line B,Standard,LineB-STA-02270,2026-04-16,FALSE,
D007282,Line B,Standard,LineB-STA-02282,2026-04-16,FALSE,
D007358,Line B,Standard,LineB-STA-02358,2026-04-16,FALSE,
D007607,Line B,Standard,LineB-STA-02607,2026-04-16,FALSE,
D007622,Line B,Standard,LineB-STA-02622,2026-04-16,FALSE,
D007706,Line B,Standard,LineB-STA-02706,2026-04-16,FALSE,
D007902,Line B,Standard,LineB-STA-02902,2026-04-16,FALSE,
D007997,Line B,Standard,LineB-STA-02997,2026-04-16,FALSE,
D008161,Line B,Standard,LineB-STA-03161,2026-04-16,FALSE,
D008316,Line B,Standard,LineB-STA-03316,2026-04-16,FALSE,
D008362,Line B,Standard,LineB-STA-03362,2026-04-16,FALSE,
D008505,Line B,Standard,LineB-STA-03505,2026-04-16,FALSE,
D008590,Line B,Standard,LineB-STA-03590,2026-04-16,FALSE,
D008636,Line B,Standard,LineB-STA-03636,2026-04-16,FALSE,
D008772,Line B,Standard,LineB-STA-03772,2026-04-16,FALSE,
D008855,Line B,Standard,LineB-STA-03855,2026-04-16,FALSE,
D008861,Line B,Standard,LineB-STA-03861,2026-04-16,FALSE,
D009041,Line B,Standard,LineB-STA-04041,2026-04-16,FALSE,
D009049,Line B,Standard,LineB-STA-04049,2026-04-16,FALSE,
D009213,Line B,Standard,LineB-STA-04213,2026-04-16,FALSE,
D009296,Line B,Pro,LineB-PRO-00046,2026-04-16,FALSE,
D009310,Line B,Pro,LineB-PRO-00060,2026-04-16,FALSE,
D009496,Line B,Pro,LineB-PRO-00246,2026-04-16,TRUE,battery_swell
D009500,Line B,Pro,LineB-PRO-00250,2026-04-16,FALSE,
D009579,Line B,Pro,LineB-PRO-00329,2026-04-16,FALSE,
D009623,Line B,Pro,LineB-PRO-00373,2026-04-16,FALSE,
D009708,Line B,Pro,LineB-PRO-00458,2026-04-16,FALSE,
D009725,Line B,Pro,LineB-PRO-00475,2026-04-16,FALSE,
D009754,Line B,Pro,LineB-PRO-00504,2026-04-16,FALSE,
D009927,Line B,Pro,LineB-PRO-00677,2026-04-16,FALSE,
D009937,Line B,Pro,LineB-PRO-00687,2026-04-16,FALSE,
D009995,Line B,Pro,LineB-PRO-00745,2026-04-16,FALSE,
D000040,Line A,Standard,LineA-STA-00040,2026-04-17,FALSE,
D000115,Line A,Standard,LineA-STA-00115,2026-04-17,FALSE,
D000440,Line A,Standard,LineA-STA-00440,2026-04-17,FALSE,
D000491,Line A,Standard,LineA-STA-00491,2026-04-17,FALSE,
D000857,Line A,Standard,LineA-STA-00857,2026-04-17,FALSE,
D001249,Line A,Standard,LineA-STA-01249,2026-04-17,FALSE,
D001251,Line A,Standard,LineA-STA-01251,2026-04-17,FALSE,
D001297,Line A,Standard,LineA-STA-01297,2026-04-17,FALSE,
D001316,Line A,Standard,LineA-STA-01316,2026-04-17,FALSE,
D001343,Line A,Standard,LineA-STA-01343,2026-04-17,FALSE,
D001356,Line A,Standard,LineA-STA-01356,2026-04-17,FALSE,
D001433,Line A,Standard,LineA-STA-01433,2026-04-17,FALSE,
D001511,Line A,Standard,LineA-STA-01511,2026-04-17,FALSE,
D001638,Line A,Standard,LineA-STA-01638,2026-04-17,FALSE,
D001705,Line A,Standard,LineA-STA-01705,2026-04-17,FALSE,
D001722,Line A,Standard,LineA-STA-01722,2026-04-17,FALSE,
D001840,Line A,Standard,LineA-STA-01840,2026-04-17,FALSE,
D001883,Line A,Standard,LineA-STA-01883,2026-04-17,FALSE,
D002069,Line A,Standard,LineA-STA-02069,2026-04-17,FALSE,
D002228,Line A,Standard,LineA-STA-02228,2026-04-17,TRUE,component_misalignment
D002276,Line A,Pro,LineA-PRO-00026,2026-04-17,FALSE,
D002373,Line A,Pro,LineA-PRO-00123,2026-04-17,FALSE,
D002378,Line A,Pro,LineA-PRO-00128,2026-04-17,FALSE,
D002496,Line A,Pro,LineA-PRO-00246,2026-04-17,FALSE,
D002656,Line A,Pro,LineA-PRO-00406,2026-04-17,FALSE,
D002719,Line A,Pro,LineA-PRO-00469,2026-04-17,FALSE,
D002821,Line A,Pro,LineA-PRO-00571,2026-04-17,FALSE,
D002880,Line A,Pro,LineA-PRO-00630,2026-04-17,FALSE,
D003003,Line A,Pro,LineA-PRO-00753,2026-04-17,FALSE,
D003030,Line A,Pro,LineA-PRO-00780,2026-04-17,FALSE,
D003058,Line A,Pro,LineA-PRO-00808,2026-04-17,FALSE,
D003291,Line A,Pro,LineA-PRO-01041,2026-04-17,FALSE,
D003307,Line A,Pro,LineA-PRO-01057,2026-04-17,TRUE,component_misalignment
D003311,Line A,Pro,LineA-PRO-01061,2026-04-17,FALSE,
D003313,Line A,Pro,LineA-PRO-01063,2026-04-17,FALSE,
D003552,Line A,Pro,LineA-PRO-01302,2026-04-17,TRUE,housing_crack
D003859,Line A,Pro,LineA-PRO-01609,2026-04-17,FALSE,
D003914,Line A,Pro,LineA-PRO-01664,2026-04-17,FALSE,
D003975,Line A,Pro,LineA-PRO-01725,2026-04-17,FALSE,
D003985,Line A,Pro,LineA-PRO-01735,2026-04-17,FALSE,
D003996,Line A,Pro,LineA-PRO-01746,2026-04-17,FALSE,
D004091,Line A,Pro,LineA-PRO-01841,2026-04-17,FALSE,
D004121,Line A,Pro,LineA-PRO-01871,2026-04-17,FALSE,
D004165,Line A,Pro,LineA-PRO-01915,2026-04-17,FALSE,
D004241,Line A,Pro,LineA-PRO-01991,2026-04-17,TRUE,component_misalignment
D004335,Line A,Pro,LineA-PRO-02085,2026-04-17,FALSE,
D004351,Line A,Pro,LineA-PRO-02101,2026-04-17,FALSE,
D004499,Line A,Pro,LineA-PRO-02249,2026-04-17,FALSE,
D004568,Line A,Pro,LineA-PRO-02318,2026-04-17,FALSE,
D004592,Line A,Pro,LineA-PRO-02342,2026-04-17,FALSE,
D004595,Line A,Pro,LineA-PRO-02345,2026-04-17,FALSE,
D004649,Line A,Pro,LineA-PRO-02399,2026-04-17,FALSE,
D004784,Line A,Pro,LineA-PRO-02534,2026-04-17,FALSE,
D004930,Line A,Pro,LineA-PRO-02680,2026-04-17,FALSE,
D004932,Line A,Pro,LineA-PRO-02682,2026-04-17,FALSE,
D005003,Line B,Standard,LineB-STA-00003,2026-04-17,FALSE,
D005035,Line B,Standard,LineB-STA-00035,2026-04-17,FALSE,
D005041,Line B,Standard,LineB-STA-00041,2026-04-17,FALSE,
D005046,Line B,Standard,LineB-STA-00046,2026-04-17,FALSE,
D005154,Line B,Standard,LineB-STA-00154,2026-04-17,FALSE,
D005214,Line B,Standard,LineB-STA-00214,2026-04-17,FALSE,
D005277,Line B,Standard,LineB-STA-00277,2026-04-17,FALSE,
D005320,Line B,Standard,LineB-STA-00320,2026-04-17,FALSE,
D005374,Line B,Standard,LineB-STA-00374,2026-04-17,FALSE,
D005494,Line B,Standard,LineB-STA-00494,2026-04-17,FALSE,
D005600,Line B,Standard,LineB-STA-00600,2026-04-17,FALSE,
D005729,Line B,Standard,LineB-STA-00729,2026-04-17,FALSE,
D005810,Line B,Standard,LineB-STA-00810,2026-04-17,FALSE,
D005945,Line B,Standard,LineB-STA-00945,2026-04-17,FALSE,
D005991,Line B,Standard,LineB-STA-00991,2026-04-17,FALSE,
D006057,Line B,Standard,LineB-STA-01057,2026-04-17,FALSE,
D006141,Line B,Standard,LineB-STA-01141,2026-04-17,FALSE,
D006210,Line B,Standard,LineB-STA-01210,2026-04-17,FALSE,
D006288,Line B,Standard,LineB-STA-01288,2026-04-17,FALSE,
D006380,Line B,Standard,LineB-STA-01380,2026-04-17,FALSE,
D006488,Line B,Standard,LineB-STA-01488,2026-04-17,FALSE,
D006584,Line B,Standard,LineB-STA-01584,2026-04-17,FALSE,
D006914,Line B,Standard,LineB-STA-01914,2026-04-17,FALSE,
D007000,Line B,Standard,LineB-STA-02000,2026-04-17,FALSE,
D007068,Line B,Standard,LineB-STA-02068,2026-04-17,FALSE,
D007080,Line B,Standard,LineB-STA-02080,2026-04-17,FALSE,
D007083,Line B,Standard,LineB-STA-02083,2026-04-17,FALSE,
D007106,Line B,Standard,LineB-STA-02106,2026-04-17,FALSE,
D007165,Line B,Standard,LineB-STA-02165,2026-04-17,FALSE,
D007534,Line B,Standard,LineB-STA-02534,2026-04-17,FALSE,
D007877,Line B,Standard,LineB-STA-02877,2026-04-17,FALSE,
D007909,Line B,Standard,LineB-STA-02909,2026-04-17,FALSE,
D008048,Line B,Standard,LineB-STA-03048,2026-04-17,FALSE,
D008120,Line B,Standard,LineB-STA-03120,2026-04-17,FALSE,
D008251,Line B,Standard,LineB-STA-03251,2026-04-17,FALSE,
D008275,Line B,Standard,LineB-STA-03275,2026-04-17,FALSE,
D008290,Line B,Standard,LineB-STA-03290,2026-04-17,FALSE,
D008507,Line B,Standard,LineB-STA-03507,2026-04-17,TRUE,battery_swell
D008512,Line B,Standard,LineB-STA-03512,2026-04-17,FALSE,
D008536,Line B,Standard,LineB-STA-03536,2026-04-17,FALSE,
D008633,Line B,Standard,LineB-STA-03633,2026-04-17,FALSE,
D008664,Line B,Standard,LineB-STA-03664,2026-04-17,FALSE,
D009122,Line B,Standard,LineB-STA-04122,2026-04-17,FALSE,
D009300,Line B,Pro,LineB-PRO-00050,2026-04-17,FALSE,
D009467,Line B,Pro,LineB-PRO-00217,2026-04-17,FALSE,
D009678,Line B,Pro,LineB-PRO-00428,2026-04-17,FALSE,
D009722,Line B,Pro,LineB-PRO-00472,2026-04-17,FALSE,
D009728,Line B,Pro,LineB-PRO-00478,2026-04-17,FALSE,
D009985,Line B,Pro,LineB-PRO-00735,2026-04-17,FALSE,
D000092,Line A,Standard,LineA-STA-00092,2026-04-18,FALSE,
D000131,Line A,Standard,LineA-STA-00131,2026-04-18,FALSE,
D000139,Line A,Standard,LineA-STA-00139,2026-04-18,FALSE,
D000204,Line A,Standard,LineA-STA-00204,2026-04-18,FALSE,
D000268,Line A,Standard,LineA-STA-00268,2026-04-18,FALSE,
D000285,Line A,Standard,LineA-STA-00285,2026-04-18,FALSE,
D000326,Line A,Standard,LineA-STA-00326,2026-04-18,FALSE,
D000356,Line A,Standard,LineA-STA-00356,2026-04-18,FALSE,
D000395,Line A,Standard,LineA-STA-00395,2026-04-18,FALSE,
D000470,Line A,Standard,LineA-STA-00470,2026-04-18,FALSE,
D000483,Line A,Standard,LineA-STA-00483,2026-04-18,FALSE,
D000534,Line A,Standard,LineA-STA-00534,2026-04-18,FALSE,
D000589,Line A,Standard,LineA-STA-00589,2026-04-18,FALSE,
D000682,Line A,Standard,LineA-STA-00682,2026-04-18,FALSE,
D000696,Line A,Standard,LineA-STA-00696,2026-04-18,FALSE,
D000807,Line A,Standard,LineA-STA-00807,2026-04-18,FALSE,
D000887,Line A,Standard,LineA-STA-00887,2026-04-18,FALSE,
D000910,Line A,Standard,LineA-STA-00910,2026-04-18,FALSE,
D000923,Line A,Standard,LineA-STA-00923,2026-04-18,FALSE,
D000962,Line A,Standard,LineA-STA-00962,2026-04-18,FALSE,
D001122,Line A,Standard,LineA-STA-01122,2026-04-18,FALSE,
D001136,Line A,Standard,LineA-STA-01136,2026-04-18,FALSE,
D001151,Line A,Standard,LineA-STA-01151,2026-04-18,FALSE,
D001160,Line A,Standard,LineA-STA-01160,2026-04-18,FALSE,
D001224,Line A,Standard,LineA-STA-01224,2026-04-18,FALSE,
D001244,Line A,Standard,LineA-STA-01244,2026-04-18,FALSE,
D001367,Line A,Standard,LineA-STA-01367,2026-04-18,FALSE,
D001369,Line A,Standard,LineA-STA-01369,2026-04-18,FALSE,
D001390,Line A,Standard,LineA-STA-01390,2026-04-18,FALSE,
D001397,Line A,Standard,LineA-STA-01397,2026-04-18,FALSE,
D001500,Line A,Standard,LineA-STA-01500,2026-04-18,FALSE,
D001652,Line A,Standard,LineA-STA-01652,2026-04-18,FALSE,
D001700,Line A,Standard,LineA-STA-01700,2026-04-18,FALSE,
D001760,Line A,Standard,LineA-STA-01760,2026-04-18,FALSE,
D001862,Line A,Standard,LineA-STA-01862,2026-04-18,FALSE,
D002145,Line A,Standard,LineA-STA-02145,2026-04-18,FALSE,
D002169,Line A,Standard,LineA-STA-02169,2026-04-18,FALSE,
D002267,Line A,Pro,LineA-PRO-00017,2026-04-18,FALSE,
D002277,Line A,Pro,LineA-PRO-00027,2026-04-18,FALSE,
D002285,Line A,Pro,LineA-PRO-00035,2026-04-18,FALSE,
D002287,Line A,Pro,LineA-PRO-00037,2026-04-18,FALSE,
D002617,Line A,Pro,LineA-PRO-00367,2026-04-18,FALSE,
D002681,Line A,Pro,LineA-PRO-00431,2026-04-18,FALSE,
D002699,Line A,Pro,LineA-PRO-00449,2026-04-18,FALSE,
D002813,Line A,Pro,LineA-PRO-00563,2026-04-18,FALSE,
D002896,Line A,Pro,LineA-PRO-00646,2026-04-18,FALSE,
D002945,Line A,Pro,LineA-PRO-00695,2026-04-18,FALSE,
D003097,Line A,Pro,LineA-PRO-00847,2026-04-18,FALSE,
D003155,Line A,Pro,LineA-PRO-00905,2026-04-18,FALSE,
D003177,Line A,Pro,LineA-PRO-00927,2026-04-18,FALSE,
D003235,Line A,Pro,LineA-PRO-00985,2026-04-18,FALSE,
D003271,Line A,Pro,LineA-PRO-01021,2026-04-18,TRUE,battery_swell
D003297,Line A,Pro,LineA-PRO-01047,2026-04-18,TRUE,screen_dead_pixel
D003392,Line A,Pro,LineA-PRO-01142,2026-04-18,FALSE,
D003469,Line A,Pro,LineA-PRO-01219,2026-04-18,FALSE,
D003522,Line A,Pro,LineA-PRO-01272,2026-04-18,FALSE,
D003719,Line A,Pro,LineA-PRO-01469,2026-04-18,FALSE,
D003738,Line A,Pro,LineA-PRO-01488,2026-04-18,FALSE,
D003845,Line A,Pro,LineA-PRO-01595,2026-04-18,FALSE,
D003866,Line A,Pro,LineA-PRO-01616,2026-04-18,FALSE,
D003941,Line A,Pro,LineA-PRO-01691,2026-04-18,FALSE,
D004416,Line A,Pro,LineA-PRO-02166,2026-04-18,FALSE,
D004438,Line A,Pro,LineA-PRO-02188,2026-04-18,FALSE,
D004549,Line A,Pro,LineA-PRO-02299,2026-04-18,FALSE,
D004650,Line A,Pro,LineA-PRO-02400,2026-04-18,FALSE,
D004829,Line A,Pro,LineA-PRO-02579,2026-04-18,TRUE,battery_swell
D004853,Line A,Pro,LineA-PRO-02603,2026-04-18,FALSE,
D005010,Line B,Standard,LineB-STA-00010,2026-04-18,FALSE,
D005069,Line B,Standard,LineB-STA-00069,2026-04-18,FALSE,
D005165,Line B,Standard,LineB-STA-00165,2026-04-18,FALSE,
D005201,Line B,Standard,LineB-STA-00201,2026-04-18,FALSE,
D005509,Line B,Standard,LineB-STA-00509,2026-04-18,FALSE,
D005540,Line B,Standard,LineB-STA-00540,2026-04-18,FALSE,
D005628,Line B,Standard,LineB-STA-00628,2026-04-18,FALSE,
D005818,Line B,Standard,LineB-STA-00818,2026-04-18,FALSE,
D005877,Line B,Standard,LineB-STA-00877,2026-04-18,FALSE,
D005944,Line B,Standard,LineB-STA-00944,2026-04-18,FALSE,
D005993,Line B,Standard,LineB-STA-00993,2026-04-18,FALSE,
D006021,Line B,Standard,LineB-STA-01021,2026-04-18,FALSE,
D006347,Line B,Standard,LineB-STA-01347,2026-04-18,FALSE,
D006467,Line B,Standard,LineB-STA-01467,2026-04-18,FALSE,
D006725,Line B,Standard,LineB-STA-01725,2026-04-18,FALSE,
D006780,Line B,Standard,LineB-STA-01780,2026-04-18,FALSE,
D006804,Line B,Standard,LineB-STA-01804,2026-04-18,FALSE,
D006825,Line B,Standard,LineB-STA-01825,2026-04-18,TRUE,cosmetic_scratch
D006932,Line B,Standard,LineB-STA-01932,2026-04-18,FALSE,
D007003,Line B,Standard,LineB-STA-02003,2026-04-18,FALSE,
D007060,Line B,Standard,LineB-STA-02060,2026-04-18,FALSE,
D007227,Line B,Standard,LineB-STA-02227,2026-04-18,TRUE,connector_seating
D007240,Line B,Standard,LineB-STA-02240,2026-04-18,FALSE,
D007257,Line B,Standard,LineB-STA-02257,2026-04-18,FALSE,
D007471,Line B,Standard,LineB-STA-02471,2026-04-18,FALSE,
D007528,Line B,Standard,LineB-STA-02528,2026-04-18,FALSE,
D007582,Line B,Standard,LineB-STA-02582,2026-04-18,FALSE,
D007760,Line B,Standard,LineB-STA-02760,2026-04-18,FALSE,
D008064,Line B,Standard,LineB-STA-03064,2026-04-18,FALSE,
D008203,Line B,Standard,LineB-STA-03203,2026-04-18,FALSE,
D008319,Line B,Standard,LineB-STA-03319,2026-04-18,FALSE,
D008442,Line B,Standard,LineB-STA-03442,2026-04-18,FALSE,
D008668,Line B,Standard,LineB-STA-03668,2026-04-18,FALSE,
D008716,Line B,Standard,LineB-STA-03716,2026-04-18,FALSE,
D008958,Line B,Standard,LineB-STA-03958,2026-04-18,FALSE,
D008977,Line B,Standard,LineB-STA-03977,2026-04-18,FALSE,
D009178,Line B,Standard,LineB-STA-04178,2026-04-18,TRUE,component_misalignment
D009212,Line B,Standard,LineB-STA-04212,2026-04-18,FALSE,
D009238,Line B,Standard,LineB-STA-04238,2026-04-18,FALSE,
D009258,Line B,Pro,LineB-PRO-00008,2026-04-18,FALSE,
D009339,Line B,Pro,LineB-PRO-00089,2026-04-18,FALSE,
D009356,Line B,Pro,LineB-PRO-00106,2026-04-18,FALSE,
D009568,Line B,Pro,LineB-PRO-00318,2026-04-18,FALSE,
D009574,Line B,Pro,LineB-PRO-00324,2026-04-18,TRUE,screen_dead_pixel
D009593,Line B,Pro,LineB-PRO-00343,2026-04-18,FALSE,
D009613,Line B,Pro,LineB-PRO-00363,2026-04-18,FALSE,
D009651,Line B,Pro,LineB-PRO-00401,2026-04-18,FALSE,
D009700,Line B,Pro,LineB-PRO-00450,2026-04-18,FALSE,
D009736,Line B,Pro,LineB-PRO-00486,2026-04-18,FALSE,
D009816,Line B,Pro,LineB-PRO-00566,2026-04-18,FALSE,
D009903,Line B,Pro,LineB-PRO-00653,2026-04-18,FALSE,
D009916,Line B,Pro,LineB-PRO-00666,2026-04-18,FALSE,
D009993,Line B,Pro,LineB-PRO-00743,2026-04-18,FALSE,
D000035,Line A,Standard,LineA-STA-00035,2026-04-19,FALSE,
D000052,Line A,Standard,LineA-STA-00052,2026-04-19,FALSE,
D000122,Line A,Standard,LineA-STA-00122,2026-04-19,FALSE,
D000182,Line A,Standard,LineA-STA-00182,2026-04-19,FALSE,
D000252,Line A,Standard,LineA-STA-00252,2026-04-19,FALSE,
D000546,Line A,Standard,LineA-STA-00546,2026-04-19,FALSE,
D000581,Line A,Standard,LineA-STA-00581,2026-04-19,FALSE,
D000654,Line A,Standard,LineA-STA-00654,2026-04-19,FALSE,
D000794,Line A,Standard,LineA-STA-00794,2026-04-19,FALSE,
D000892,Line A,Standard,LineA-STA-00892,2026-04-19,FALSE,
D001032,Line A,Standard,LineA-STA-01032,2026-04-19,FALSE,
D001131,Line A,Standard,LineA-STA-01131,2026-04-19,FALSE,
D001253,Line A,Standard,LineA-STA-01253,2026-04-19,FALSE,
D001259,Line A,Standard,LineA-STA-01259,2026-04-19,FALSE,
D001616,Line A,Standard,LineA-STA-01616,2026-04-19,FALSE,
D001681,Line A,Standard,LineA-STA-01681,2026-04-19,FALSE,
D001819,Line A,Standard,LineA-STA-01819,2026-04-19,FALSE,
D001846,Line A,Standard,LineA-STA-01846,2026-04-19,FALSE,
D001849,Line A,Standard,LineA-STA-01849,2026-04-19,FALSE,
D001900,Line A,Standard,LineA-STA-01900,2026-04-19,TRUE,housing_crack
D002062,Line A,Standard,LineA-STA-02062,2026-04-19,FALSE,
D002077,Line A,Standard,LineA-STA-02077,2026-04-19,FALSE,
D002099,Line A,Standard,LineA-STA-02099,2026-04-19,FALSE,
D002122,Line A,Standard,LineA-STA-02122,2026-04-19,TRUE,label_misprint
D002281,Line A,Pro,LineA-PRO-00031,2026-04-19,FALSE,
D002324,Line A,Pro,LineA-PRO-00074,2026-04-19,FALSE,
D002430,Line A,Pro,LineA-PRO-00180,2026-04-19,FALSE,
D002536,Line A,Pro,LineA-PRO-00286,2026-04-19,FALSE,
D002646,Line A,Pro,LineA-PRO-00396,2026-04-19,FALSE,
D002807,Line A,Pro,LineA-PRO-00557,2026-04-19,FALSE,
D002993,Line A,Pro,LineA-PRO-00743,2026-04-19,FALSE,
D003069,Line A,Pro,LineA-PRO-00819,2026-04-19,FALSE,
D003090,Line A,Pro,LineA-PRO-00840,2026-04-19,FALSE,
D003135,Line A,Pro,LineA-PRO-00885,2026-04-19,FALSE,
D003159,Line A,Pro,LineA-PRO-00909,2026-04-19,FALSE,
D003231,Line A,Pro,LineA-PRO-00981,2026-04-19,FALSE,
D003269,Line A,Pro,LineA-PRO-01019,2026-04-19,FALSE,
D003345,Line A,Pro,LineA-PRO-01095,2026-04-19,FALSE,
D003428,Line A,Pro,LineA-PRO-01178,2026-04-19,FALSE,
D003460,Line A,Pro,LineA-PRO-01210,2026-04-19,FALSE,
D003682,Line A,Pro,LineA-PRO-01432,2026-04-19,FALSE,
D003760,Line A,Pro,LineA-PRO-01510,2026-04-19,FALSE,
D003782,Line A,Pro,LineA-PRO-01532,2026-04-19,FALSE,
D003925,Line A,Pro,LineA-PRO-01675,2026-04-19,FALSE,
D003991,Line A,Pro,LineA-PRO-01741,2026-04-19,FALSE,
D004038,Line A,Pro,LineA-PRO-01788,2026-04-19,FALSE,
D004252,Line A,Pro,LineA-PRO-02002,2026-04-19,FALSE,
D004262,Line A,Pro,LineA-PRO-02012,2026-04-19,FALSE,
D004447,Line A,Pro,LineA-PRO-02197,2026-04-19,FALSE,
D004480,Line A,Pro,LineA-PRO-02230,2026-04-19,TRUE,capacitor_leak
D004561,Line A,Pro,LineA-PRO-02311,2026-04-19,FALSE,
D004590,Line A,Pro,LineA-PRO-02340,2026-04-19,FALSE,
D004626,Line A,Pro,LineA-PRO-02376,2026-04-19,FALSE,
D004627,Line A,Pro,LineA-PRO-02377,2026-04-19,FALSE,
D004731,Line A,Pro,LineA-PRO-02481,2026-04-19,FALSE,
D004749,Line A,Pro,LineA-PRO-02499,2026-04-19,FALSE,
D004793,Line A,Pro,LineA-PRO-02543,2026-04-19,FALSE,
D005021,Line B,Standard,LineB-STA-00021,2026-04-19,FALSE,
D005105,Line B,Standard,LineB-STA-00105,2026-04-19,FALSE,
D005132,Line B,Standard,LineB-STA-00132,2026-04-19,FALSE,
D005440,Line B,Standard,LineB-STA-00440,2026-04-19,FALSE,
D005451,Line B,Standard,LineB-STA-00451,2026-04-19,FALSE,
D005527,Line B,Standard,LineB-STA-00527,2026-04-19,FALSE,
D005620,Line B,Standard,LineB-STA-00620,2026-04-19,FALSE,
D005621,Line B,Standard,LineB-STA-00621,2026-04-19,FALSE,
D005656,Line B,Standard,LineB-STA-00656,2026-04-19,FALSE,
D005764,Line B,Standard,LineB-STA-00764,2026-04-19,FALSE,
D005951,Line B,Standard,LineB-STA-00951,2026-04-19,FALSE,
D005958,Line B,Standard,LineB-STA-00958,2026-04-19,FALSE,
D006142,Line B,Standard,LineB-STA-01142,2026-04-19,FALSE,
D006160,Line B,Standard,LineB-STA-01160,2026-04-19,FALSE,
D006435,Line B,Standard,LineB-STA-01435,2026-04-19,FALSE,
D006444,Line B,Standard,LineB-STA-01444,2026-04-19,FALSE,
D006468,Line B,Standard,LineB-STA-01468,2026-04-19,FALSE,
D006489,Line B,Standard,LineB-STA-01489,2026-04-19,FALSE,
D006500,Line B,Standard,LineB-STA-01500,2026-04-19,FALSE,
D006709,Line B,Standard,LineB-STA-01709,2026-04-19,FALSE,
D006905,Line B,Standard,LineB-STA-01905,2026-04-19,FALSE,
D006995,Line B,Standard,LineB-STA-01995,2026-04-19,FALSE,
D007040,Line B,Standard,LineB-STA-02040,2026-04-19,FALSE,
D007084,Line B,Standard,LineB-STA-02084,2026-04-19,FALSE,
D007111,Line B,Standard,LineB-STA-02111,2026-04-19,FALSE,
D007120,Line B,Standard,LineB-STA-02120,2026-04-19,FALSE,
D007184,Line B,Standard,LineB-STA-02184,2026-04-19,FALSE,
D007241,Line B,Standard,LineB-STA-02241,2026-04-19,FALSE,
D007265,Line B,Standard,LineB-STA-02265,2026-04-19,FALSE,
D007466,Line B,Standard,LineB-STA-02466,2026-04-19,FALSE,
D007495,Line B,Standard,LineB-STA-02495,2026-04-19,FALSE,
D007569,Line B,Standard,LineB-STA-02569,2026-04-19,FALSE,
D007597,Line B,Standard,LineB-STA-02597,2026-04-19,FALSE,
D007733,Line B,Standard,LineB-STA-02733,2026-04-19,FALSE,
D007844,Line B,Standard,LineB-STA-02844,2026-04-19,FALSE,
D007928,Line B,Standard,LineB-STA-02928,2026-04-19,TRUE,screen_dead_pixel
D007970,Line B,Standard,LineB-STA-02970,2026-04-19,FALSE,
D007986,Line B,Standard,LineB-STA-02986,2026-04-19,FALSE,
D008029,Line B,Standard,LineB-STA-03029,2026-04-19,FALSE,
D008040,Line B,Standard,LineB-STA-03040,2026-04-19,FALSE,
D008082,Line B,Standard,LineB-STA-03082,2026-04-19,TRUE,screen_dead_pixel
D008357,Line B,Standard,LineB-STA-03357,2026-04-19,FALSE,
D008438,Line B,Standard,LineB-STA-03438,2026-04-19,FALSE,
D008488,Line B,Standard,LineB-STA-03488,2026-04-19,FALSE,
D008552,Line B,Standard,LineB-STA-03552,2026-04-19,FALSE,
D008565,Line B,Standard,LineB-STA-03565,2026-04-19,FALSE,
D008578,Line B,Standard,LineB-STA-03578,2026-04-19,FALSE,
D008604,Line B,Standard,LineB-STA-03604,2026-04-19,FALSE,
D008614,Line B,Standard,LineB-STA-03614,2026-04-19,FALSE,
D008642,Line B,Standard,LineB-STA-03642,2026-04-19,FALSE,
D008857,Line B,Standard,LineB-STA-03857,2026-04-19,FALSE,
D008935,Line B,Standard,LineB-STA-03935,2026-04-19,FALSE,
D008947,Line B,Standard,LineB-STA-03947,2026-04-19,FALSE,
D008970,Line B,Standard,LineB-STA-03970,2026-04-19,FALSE,
D009025,Line B,Standard,LineB-STA-04025,2026-04-19,FALSE,
D009236,Line B,Standard,LineB-STA-04236,2026-04-19,FALSE,
D009297,Line B,Pro,LineB-PRO-00047,2026-04-19,FALSE,
D009354,Line B,Pro,LineB-PRO-00104,2026-04-19,FALSE,
D009378,Line B,Pro,LineB-PRO-00128,2026-04-19,FALSE,
D009519,Line B,Pro,LineB-PRO-00269,2026-04-19,FALSE,
D009751,Line B,Pro,LineB-PRO-00501,2026-04-19,FALSE,
D009752,Line B,Pro,LineB-PRO-00502,2026-04-19,FALSE,
D009767,Line B,Pro,LineB-PRO-00517,2026-04-19,FALSE,
D009793,Line B,Pro,LineB-PRO-00543,2026-04-19,FALSE,
D009824,Line B,Pro,LineB-PRO-00574,2026-04-19,FALSE,
D000136,Line A,Standard,LineA-STA-00136,2026-04-20,FALSE,
D000194,Line A,Standard,LineA-STA-00194,2026-04-20,FALSE,
D000425,Line A,Standard,LineA-STA-00425,2026-04-20,FALSE,
D000506,Line A,Standard,LineA-STA-00506,2026-04-20,FALSE,
D000572,Line A,Standard,LineA-STA-00572,2026-04-20,FALSE,
D000662,Line A,Standard,LineA-STA-00662,2026-04-20,FALSE,
D000701,Line A,Standard,LineA-STA-00701,2026-04-20,FALSE,
D000735,Line A,Standard,LineA-STA-00735,2026-04-20,FALSE,
D000844,Line A,Standard,LineA-STA-00844,2026-04-20,FALSE,
D000968,Line A,Standard,LineA-STA-00968,2026-04-20,FALSE,
D001023,Line A,Standard,LineA-STA-01023,2026-04-20,FALSE,
D001383,Line A,Standard,LineA-STA-01383,2026-04-20,FALSE,
D001465,Line A,Standard,LineA-STA-01465,2026-04-20,FALSE,
D001472,Line A,Standard,LineA-STA-01472,2026-04-20,FALSE,
D001594,Line A,Standard,LineA-STA-01594,2026-04-20,FALSE,
D001655,Line A,Standard,LineA-STA-01655,2026-04-20,FALSE,
D001744,Line A,Standard,LineA-STA-01744,2026-04-20,FALSE,
D001988,Line A,Standard,LineA-STA-01988,2026-04-20,FALSE,
D002032,Line A,Standard,LineA-STA-02032,2026-04-20,FALSE,
D002098,Line A,Standard,LineA-STA-02098,2026-04-20,FALSE,
D002273,Line A,Pro,LineA-PRO-00023,2026-04-20,FALSE,
D002388,Line A,Pro,LineA-PRO-00138,2026-04-20,FALSE,
D002554,Line A,Pro,LineA-PRO-00304,2026-04-20,FALSE,
D002562,Line A,Pro,LineA-PRO-00312,2026-04-20,FALSE,
D002757,Line A,Pro,LineA-PRO-00507,2026-04-20,FALSE,
D002858,Line A,Pro,LineA-PRO-00608,2026-04-20,FALSE,
D002995,Line A,Pro,LineA-PRO-00745,2026-04-20,FALSE,
D003051,Line A,Pro,LineA-PRO-00801,2026-04-20,FALSE,
D003080,Line A,Pro,LineA-PRO-00830,2026-04-20,FALSE,
D003192,Line A,Pro,LineA-PRO-00942,2026-04-20,FALSE,
D003279,Line A,Pro,LineA-PRO-01029,2026-04-20,FALSE,
D003482,Line A,Pro,LineA-PRO-01232,2026-04-20,FALSE,
D003684,Line A,Pro,LineA-PRO-01434,2026-04-20,FALSE,
D003705,Line A,Pro,LineA-PRO-01455,2026-04-20,FALSE,
D004011,Line A,Pro,LineA-PRO-01761,2026-04-20,FALSE,
D004018,Line A,Pro,LineA-PRO-01768,2026-04-20,FALSE,
D004072,Line A,Pro,LineA-PRO-01822,2026-04-20,FALSE,
D004152,Line A,Pro,LineA-PRO-01902,2026-04-20,TRUE,screen_dead_pixel
D004164,Line A,Pro,LineA-PRO-01914,2026-04-20,FALSE,
D004268,Line A,Pro,LineA-PRO-02018,2026-04-20,TRUE,screen_dead_pixel
D004386,Line A,Pro,LineA-PRO-02136,2026-04-20,FALSE,
D004412,Line A,Pro,LineA-PRO-02162,2026-04-20,FALSE,
D004434,Line A,Pro,LineA-PRO-02184,2026-04-20,FALSE,
D004462,Line A,Pro,LineA-PRO-02212,2026-04-20,FALSE,
D004657,Line A,Pro,LineA-PRO-02407,2026-04-20,FALSE,
D004735,Line A,Pro,LineA-PRO-02485,2026-04-20,TRUE,connector_seating
D005074,Line B,Standard,LineB-STA-00074,2026-04-20,FALSE,
D005209,Line B,Standard,LineB-STA-00209,2026-04-20,FALSE,
D005386,Line B,Standard,LineB-STA-00386,2026-04-20,FALSE,
D005464,Line B,Standard,LineB-STA-00464,2026-04-20,FALSE,
D005548,Line B,Standard,LineB-STA-00548,2026-04-20,FALSE,
D005592,Line B,Standard,LineB-STA-00592,2026-04-20,FALSE,
D005726,Line B,Standard,LineB-STA-00726,2026-04-20,FALSE,
D005847,Line B,Standard,LineB-STA-00847,2026-04-20,FALSE,
D005969,Line B,Standard,LineB-STA-00969,2026-04-20,FALSE,
D006034,Line B,Standard,LineB-STA-01034,2026-04-20,FALSE,
D006090,Line B,Standard,LineB-STA-01090,2026-04-20,FALSE,
D006244,Line B,Standard,LineB-STA-01244,2026-04-20,FALSE,
D006272,Line B,Standard,LineB-STA-01272,2026-04-20,FALSE,
D006486,Line B,Standard,LineB-STA-01486,2026-04-20,FALSE,
D006513,Line B,Standard,LineB-STA-01513,2026-04-20,FALSE,
D006536,Line B,Standard,LineB-STA-01536,2026-04-20,FALSE,
D006688,Line B,Standard,LineB-STA-01688,2026-04-20,FALSE,
D006784,Line B,Standard,LineB-STA-01784,2026-04-20,FALSE,
D006785,Line B,Standard,LineB-STA-01785,2026-04-20,FALSE,
D006868,Line B,Standard,LineB-STA-01868,2026-04-20,TRUE,housing_crack
D006890,Line B,Standard,LineB-STA-01890,2026-04-20,FALSE,
D006903,Line B,Standard,LineB-STA-01903,2026-04-20,FALSE,
D007002,Line B,Standard,LineB-STA-02002,2026-04-20,FALSE,
D007018,Line B,Standard,LineB-STA-02018,2026-04-20,FALSE,
D007192,Line B,Standard,LineB-STA-02192,2026-04-20,FALSE,
D007213,Line B,Standard,LineB-STA-02213,2026-04-20,FALSE,
D007262,Line B,Standard,LineB-STA-02262,2026-04-20,FALSE,
D007286,Line B,Standard,LineB-STA-02286,2026-04-20,FALSE,
D007483,Line B,Standard,LineB-STA-02483,2026-04-20,FALSE,
D007691,Line B,Standard,LineB-STA-02691,2026-04-20,FALSE,
D007700,Line B,Standard,LineB-STA-02700,2026-04-20,FALSE,
D007720,Line B,Standard,LineB-STA-02720,2026-04-20,FALSE,
D007843,Line B,Standard,LineB-STA-02843,2026-04-20,FALSE,
D007939,Line B,Standard,LineB-STA-02939,2026-04-20,FALSE,
D007950,Line B,Standard,LineB-STA-02950,2026-04-20,FALSE,
D008024,Line B,Standard,LineB-STA-03024,2026-04-20,FALSE,
D008112,Line B,Standard,LineB-STA-03112,2026-04-20,FALSE,
D008116,Line B,Standard,LineB-STA-03116,2026-04-20,FALSE,
D008140,Line B,Standard,LineB-STA-03140,2026-04-20,FALSE,
D008158,Line B,Standard,LineB-STA-03158,2026-04-20,FALSE,
D008208,Line B,Standard,LineB-STA-03208,2026-04-20,FALSE,
D008297,Line B,Standard,LineB-STA-03297,2026-04-20,FALSE,
D008307,Line B,Standard,LineB-STA-03307,2026-04-20,FALSE,
D008437,Line B,Standard,LineB-STA-03437,2026-04-20,FALSE,
D008451,Line B,Standard,LineB-STA-03451,2026-04-20,FALSE,
D008458,Line B,Standard,LineB-STA-03458,2026-04-20,FALSE,
D008669,Line B,Standard,LineB-STA-03669,2026-04-20,FALSE,
D008691,Line B,Standard,LineB-STA-03691,2026-04-20,FALSE,
D008715,Line B,Standard,LineB-STA-03715,2026-04-20,FALSE,
D008752,Line B,Standard,LineB-STA-03752,2026-04-20,FALSE,
D008883,Line B,Standard,LineB-STA-03883,2026-04-20,FALSE,
D009018,Line B,Standard,LineB-STA-04018,2026-04-20,FALSE,
D009153,Line B,Standard,LineB-STA-04153,2026-04-20,FALSE,
D009290,Line B,Pro,LineB-PRO-00040,2026-04-20,FALSE,
D009301,Line B,Pro,LineB-PRO-00051,2026-04-20,FALSE,
D009487,Line B,Pro,LineB-PRO-00237,2026-04-20,TRUE,cosmetic_scratch
D009597,Line B,Pro,LineB-PRO-00347,2026-04-20,FALSE,
D009853,Line B,Pro,LineB-PRO-00603,2026-04-20,FALSE,
D010002,Line B,Pro,LineB-PRO-00752,2026-04-20,FALSE,
D010020,Line B,Pro,LineB-PRO-00770,2026-04-20,FALSE,
D000027,Line A,Standard,LineA-STA-00027,2026-04-21,FALSE,
D000060,Line A,Standard,LineA-STA-00060,2026-04-21,TRUE,housing_crack
D000064,Line A,Standard,LineA-STA-00064,2026-04-21,FALSE,
D000142,Line A,Standard,LineA-STA-00142,2026-04-21,FALSE,
D000288,Line A,Standard,LineA-STA-00288,2026-04-21,FALSE,
D000333,Line A,Standard,LineA-STA-00333,2026-04-21,FALSE,
D000381,Line A,Standard,LineA-STA-00381,2026-04-21,FALSE,
D000798,Line A,Standard,LineA-STA-00798,2026-04-21,FALSE,
D001062,Line A,Standard,LineA-STA-01062,2026-04-21,FALSE,
D001309,Line A,Standard,LineA-STA-01309,2026-04-21,FALSE,
D001319,Line A,Standard,LineA-STA-01319,2026-04-21,FALSE,
D001503,Line A,Standard,LineA-STA-01503,2026-04-21,FALSE,
D001533,Line A,Standard,LineA-STA-01533,2026-04-21,FALSE,
D001672,Line A,Standard,LineA-STA-01672,2026-04-21,FALSE,
D001793,Line A,Standard,LineA-STA-01793,2026-04-21,FALSE,
D001863,Line A,Standard,LineA-STA-01863,2026-04-21,FALSE,
D001939,Line A,Standard,LineA-STA-01939,2026-04-21,FALSE,
D001952,Line A,Standard,LineA-STA-01952,2026-04-21,FALSE,
D001967,Line A,Standard,LineA-STA-01967,2026-04-21,FALSE,
D002163,Line A,Standard,LineA-STA-02163,2026-04-21,FALSE,
D002204,Line A,Standard,LineA-STA-02204,2026-04-21,FALSE,
D002212,Line A,Standard,LineA-STA-02212,2026-04-21,FALSE,
D002518,Line A,Pro,LineA-PRO-00268,2026-04-21,TRUE,cosmetic_scratch
D002704,Line A,Pro,LineA-PRO-00454,2026-04-21,FALSE,
D002762,Line A,Pro,LineA-PRO-00512,2026-04-21,TRUE,solder_joint
D002776,Line A,Pro,LineA-PRO-00526,2026-04-21,FALSE,
D002835,Line A,Pro,LineA-PRO-00585,2026-04-21,FALSE,
D002890,Line A,Pro,LineA-PRO-00640,2026-04-21,TRUE,screen_dead_pixel
D003043,Line A,Pro,LineA-PRO-00793,2026-04-21,FALSE,
D003052,Line A,Pro,LineA-PRO-00802,2026-04-21,FALSE,
D003073,Line A,Pro,LineA-PRO-00823,2026-04-21,FALSE,
D003153,Line A,Pro,LineA-PRO-00903,2026-04-21,FALSE,
D003228,Line A,Pro,LineA-PRO-00978,2026-04-21,FALSE,
D003237,Line A,Pro,LineA-PRO-00987,2026-04-21,FALSE,
D003277,Line A,Pro,LineA-PRO-01027,2026-04-21,FALSE,
D003350,Line A,Pro,LineA-PRO-01100,2026-04-21,TRUE,battery_swell
D003536,Line A,Pro,LineA-PRO-01286,2026-04-21,FALSE,
D003697,Line A,Pro,LineA-PRO-01447,2026-04-21,FALSE,
D003717,Line A,Pro,LineA-PRO-01467,2026-04-21,FALSE,
D003814,Line A,Pro,LineA-PRO-01564,2026-04-21,FALSE,
D003826,Line A,Pro,LineA-PRO-01576,2026-04-21,FALSE,
D003855,Line A,Pro,LineA-PRO-01605,2026-04-21,FALSE,
D004024,Line A,Pro,LineA-PRO-01774,2026-04-21,FALSE,
D004110,Line A,Pro,LineA-PRO-01860,2026-04-21,FALSE,
D004320,Line A,Pro,LineA-PRO-02070,2026-04-21,FALSE,
D004343,Line A,Pro,LineA-PRO-02093,2026-04-21,FALSE,
D004354,Line A,Pro,LineA-PRO-02104,2026-04-21,FALSE,
D004367,Line A,Pro,LineA-PRO-02117,2026-04-21,FALSE,
D004406,Line A,Pro,LineA-PRO-02156,2026-04-21,FALSE,
D004510,Line A,Pro,LineA-PRO-02260,2026-04-21,FALSE,
D004589,Line A,Pro,LineA-PRO-02339,2026-04-21,FALSE,
D004605,Line A,Pro,LineA-PRO-02355,2026-04-21,FALSE,
D004821,Line A,Pro,LineA-PRO-02571,2026-04-21,FALSE,
D005174,Line B,Standard,LineB-STA-00174,2026-04-21,FALSE,
D005339,Line B,Standard,LineB-STA-00339,2026-04-21,FALSE,
D005344,Line B,Standard,LineB-STA-00344,2026-04-21,FALSE,
D005360,Line B,Standard,LineB-STA-00360,2026-04-21,FALSE,
D005496,Line B,Standard,LineB-STA-00496,2026-04-21,FALSE,
D005566,Line B,Standard,LineB-STA-00566,2026-04-21,FALSE,
D005893,Line B,Standard,LineB-STA-00893,2026-04-21,FALSE,
D005903,Line B,Standard,LineB-STA-00903,2026-04-21,FALSE,
D005935,Line B,Standard,LineB-STA-00935,2026-04-21,FALSE,
D005975,Line B,Standard,LineB-STA-00975,2026-04-21,FALSE,
D006043,Line B,Standard,LineB-STA-01043,2026-04-21,FALSE,
D006300,Line B,Standard,LineB-STA-01300,2026-04-21,FALSE,
D006324,Line B,Standard,LineB-STA-01324,2026-04-21,FALSE,
D006372,Line B,Standard,LineB-STA-01372,2026-04-21,FALSE,
D006399,Line B,Standard,LineB-STA-01399,2026-04-21,FALSE,
D006478,Line B,Standard,LineB-STA-01478,2026-04-21,FALSE,
D006659,Line B,Standard,LineB-STA-01659,2026-04-21,FALSE,
D006690,Line B,Standard,LineB-STA-01690,2026-04-21,FALSE,
D006694,Line B,Standard,LineB-STA-01694,2026-04-21,FALSE,
D006697,Line B,Standard,LineB-STA-01697,2026-04-21,FALSE,
D006752,Line B,Standard,LineB-STA-01752,2026-04-21,FALSE,
D006855,Line B,Standard,LineB-STA-01855,2026-04-21,FALSE,
D006925,Line B,Standard,LineB-STA-01925,2026-04-21,FALSE,
D006955,Line B,Standard,LineB-STA-01955,2026-04-21,FALSE,
D007014,Line B,Standard,LineB-STA-02014,2026-04-21,FALSE,
D007023,Line B,Standard,LineB-STA-02023,2026-04-21,FALSE,
D007048,Line B,Standard,LineB-STA-02048,2026-04-21,FALSE,
D007124,Line B,Standard,LineB-STA-02124,2026-04-21,FALSE,
D007205,Line B,Standard,LineB-STA-02205,2026-04-21,FALSE,
D007243,Line B,Standard,LineB-STA-02243,2026-04-21,FALSE,
D007246,Line B,Standard,LineB-STA-02246,2026-04-21,FALSE,
D007405,Line B,Standard,LineB-STA-02405,2026-04-21,FALSE,
D007440,Line B,Standard,LineB-STA-02440,2026-04-21,FALSE,
D007613,Line B,Standard,LineB-STA-02613,2026-04-21,FALSE,
D007884,Line B,Standard,LineB-STA-02884,2026-04-21,FALSE,
D007969,Line B,Standard,LineB-STA-02969,2026-04-21,FALSE,
D008035,Line B,Standard,LineB-STA-03035,2026-04-21,FALSE,
D008095,Line B,Standard,LineB-STA-03095,2026-04-21,FALSE,
D008157,Line B,Standard,LineB-STA-03157,2026-04-21,FALSE,
D008159,Line B,Standard,LineB-STA-03159,2026-04-21,FALSE,
D008165,Line B,Standard,LineB-STA-03165,2026-04-21,FALSE,
D008369,Line B,Standard,LineB-STA-03369,2026-04-21,FALSE,
D008388,Line B,Standard,LineB-STA-03388,2026-04-21,FALSE,
D008465,Line B,Standard,LineB-STA-03465,2026-04-21,FALSE,
D008476,Line B,Standard,LineB-STA-03476,2026-04-21,FALSE,
D008498,Line B,Standard,LineB-STA-03498,2026-04-21,FALSE,
D008619,Line B,Standard,LineB-STA-03619,2026-04-21,FALSE,
D008631,Line B,Standard,LineB-STA-03631,2026-04-21,FALSE,
D008672,Line B,Standard,LineB-STA-03672,2026-04-21,FALSE,
D008696,Line B,Standard,LineB-STA-03696,2026-04-21,FALSE,
D008763,Line B,Standard,LineB-STA-03763,2026-04-21,FALSE,
D008840,Line B,Standard,LineB-STA-03840,2026-04-21,FALSE,
D008929,Line B,Standard,LineB-STA-03929,2026-04-21,FALSE,
D008975,Line B,Standard,LineB-STA-03975,2026-04-21,FALSE,
D009146,Line B,Standard,LineB-STA-04146,2026-04-21,FALSE,
D009215,Line B,Standard,LineB-STA-04215,2026-04-21,FALSE,
D009262,Line B,Pro,LineB-PRO-00012,2026-04-21,FALSE,
D009323,Line B,Pro,LineB-PRO-00073,2026-04-21,TRUE,capacitor_leak
D009473,Line B,Pro,LineB-PRO-00223,2026-04-21,FALSE,
D009476,Line B,Pro,LineB-PRO-00226,2026-04-21,FALSE,
D009518,Line B,Pro,LineB-PRO-00268,2026-04-21,FALSE,
D009521,Line B,Pro,LineB-PRO-00271,2026-04-21,FALSE,
D009784,Line B,Pro,LineB-PRO-00534,2026-04-21,FALSE,
D009812,Line B,Pro,LineB-PRO-00562,2026-04-21,FALSE,
D009978,Line B,Pro,LineB-PRO-00728,2026-04-21,FALSE,
D010005,Line B,Pro,LineB-PRO-00755,2026-04-21,FALSE,
D010018,Line B,Pro,LineB-PRO-00768,2026-04-21,FALSE,
D000177,Line A,Standard,LineA-STA-00177,2026-04-22,FALSE,
D000426,Line A,Standard,LineA-STA-00426,2026-04-22,FALSE,
D000679,Line A,Standard,LineA-STA-00679,2026-04-22,FALSE,
D000681,Line A,Standard,LineA-STA-00681,2026-04-22,FALSE,
D000767,Line A,Standard,LineA-STA-00767,2026-04-22,FALSE,
D000883,Line A,Standard,LineA-STA-00883,2026-04-22,FALSE,
D000886,Line A,Standard,LineA-STA-00886,2026-04-22,FALSE,
D000894,Line A,Standard,LineA-STA-00894,2026-04-22,FALSE,
D000994,Line A,Standard,LineA-STA-00994,2026-04-22,FALSE,
D001057,Line A,Standard,LineA-STA-01057,2026-04-22,FALSE,
D001148,Line A,Standard,LineA-STA-01148,2026-04-22,FALSE,
D001174,Line A,Standard,LineA-STA-01174,2026-04-22,FALSE,
D001185,Line A,Standard,LineA-STA-01185,2026-04-22,FALSE,
D001222,Line A,Standard,LineA-STA-01222,2026-04-22,FALSE,
D001234,Line A,Standard,LineA-STA-01234,2026-04-22,FALSE,
D001378,Line A,Standard,LineA-STA-01378,2026-04-22,FALSE,
D001509,Line A,Standard,LineA-STA-01509,2026-04-22,FALSE,
D001531,Line A,Standard,LineA-STA-01531,2026-04-22,FALSE,
D001657,Line A,Standard,LineA-STA-01657,2026-04-22,FALSE,
D001729,Line A,Standard,LineA-STA-01729,2026-04-22,FALSE,
D001905,Line A,Standard,LineA-STA-01905,2026-04-22,FALSE,
D001927,Line A,Standard,LineA-STA-01927,2026-04-22,FALSE,
D001950,Line A,Standard,LineA-STA-01950,2026-04-22,FALSE,
D001964,Line A,Standard,LineA-STA-01964,2026-04-22,FALSE,
D002003,Line A,Standard,LineA-STA-02003,2026-04-22,FALSE,
D002066,Line A,Standard,LineA-STA-02066,2026-04-22,FALSE,
D002354,Line A,Pro,LineA-PRO-00104,2026-04-22,FALSE,
D002364,Line A,Pro,LineA-PRO-00114,2026-04-22,FALSE,
D002407,Line A,Pro,LineA-PRO-00157,2026-04-22,FALSE,
D002416,Line A,Pro,LineA-PRO-00166,2026-04-22,FALSE,
D002665,Line A,Pro,LineA-PRO-00415,2026-04-22,TRUE,label_misprint
D002690,Line A,Pro,LineA-PRO-00440,2026-04-22,FALSE,
D002694,Line A,Pro,LineA-PRO-00444,2026-04-22,FALSE,
D002831,Line A,Pro,LineA-PRO-00581,2026-04-22,FALSE,
D002989,Line A,Pro,LineA-PRO-00739,2026-04-22,FALSE,
D003032,Line A,Pro,LineA-PRO-00782,2026-04-22,FALSE,
D003041,Line A,Pro,LineA-PRO-00791,2026-04-22,FALSE,
D003254,Line A,Pro,LineA-PRO-01004,2026-04-22,FALSE,
D003363,Line A,Pro,LineA-PRO-01113,2026-04-22,FALSE,
D003434,Line A,Pro,LineA-PRO-01184,2026-04-22,FALSE,
D003519,Line A,Pro,LineA-PRO-01269,2026-04-22,FALSE,
D003578,Line A,Pro,LineA-PRO-01328,2026-04-22,FALSE,
D003611,Line A,Pro,LineA-PRO-01361,2026-04-22,FALSE,
D003899,Line A,Pro,LineA-PRO-01649,2026-04-22,FALSE,
D003980,Line A,Pro,LineA-PRO-01730,2026-04-22,FALSE,
D004008,Line A,Pro,LineA-PRO-01758,2026-04-22,FALSE,
D004045,Line A,Pro,LineA-PRO-01795,2026-04-22,FALSE,
D004221,Line A,Pro,LineA-PRO-01971,2026-04-22,FALSE,
D004267,Line A,Pro,LineA-PRO-02017,2026-04-22,FALSE,
D004402,Line A,Pro,LineA-PRO-02152,2026-04-22,FALSE,
D004427,Line A,Pro,LineA-PRO-02177,2026-04-22,FALSE,
D004455,Line A,Pro,LineA-PRO-02205,2026-04-22,FALSE,
D004729,Line A,Pro,LineA-PRO-02479,2026-04-22,FALSE,
D004738,Line A,Pro,LineA-PRO-02488,2026-04-22,FALSE,
D004796,Line A,Pro,LineA-PRO-02546,2026-04-22,FALSE,
D004807,Line A,Pro,LineA-PRO-02557,2026-04-22,FALSE,
D004918,Line A,Pro,LineA-PRO-02668,2026-04-22,FALSE,
D004984,Line A,Pro,LineA-PRO-02734,2026-04-22,FALSE,
D005028,Line B,Standard,LineB-STA-00028,2026-04-22,FALSE,
D005117,Line B,Standard,LineB-STA-00117,2026-04-22,FALSE,
D005124,Line B,Standard,LineB-STA-00124,2026-04-22,FALSE,
D005137,Line B,Standard,LineB-STA-00137,2026-04-22,FALSE,
D005314,Line B,Standard,LineB-STA-00314,2026-04-22,FALSE,
D005445,Line B,Standard,LineB-STA-00445,2026-04-22,FALSE,
D005499,Line B,Standard,LineB-STA-00499,2026-04-22,TRUE,firmware_flash_fail
D005505,Line B,Standard,LineB-STA-00505,2026-04-22,FALSE,
D005526,Line B,Standard,LineB-STA-00526,2026-04-22,FALSE,
D005541,Line B,Standard,LineB-STA-00541,2026-04-22,FALSE,
D005614,Line B,Standard,LineB-STA-00614,2026-04-22,FALSE,
D005622,Line B,Standard,LineB-STA-00622,2026-04-22,FALSE,
D005653,Line B,Standard,LineB-STA-00653,2026-04-22,FALSE,
D005750,Line B,Standard,LineB-STA-00750,2026-04-22,FALSE,
D005799,Line B,Standard,LineB-STA-00799,2026-04-22,FALSE,
D005843,Line B,Standard,LineB-STA-00843,2026-04-22,FALSE,
D005937,Line B,Standard,LineB-STA-00937,2026-04-22,FALSE,
D005954,Line B,Standard,LineB-STA-00954,2026-04-22,FALSE,
D006250,Line B,Standard,LineB-STA-01250,2026-04-22,FALSE,
D006275,Line B,Standard,LineB-STA-01275,2026-04-22,FALSE,
D006358,Line B,Standard,LineB-STA-01358,2026-04-22,FALSE,
D006439,Line B,Standard,LineB-STA-01439,2026-04-22,FALSE,
D006510,Line B,Standard,LineB-STA-01510,2026-04-22,FALSE,
D006522,Line B,Standard,LineB-STA-01522,2026-04-22,FALSE,
D006693,Line B,Standard,LineB-STA-01693,2026-04-22,FALSE,
D007047,Line B,Standard,LineB-STA-02047,2026-04-22,FALSE,
D007203,Line B,Standard,LineB-STA-02203,2026-04-22,FALSE,
D007208,Line B,Standard,LineB-STA-02208,2026-04-22,FALSE,
D007297,Line B,Standard,LineB-STA-02297,2026-04-22,FALSE,
D007441,Line B,Standard,LineB-STA-02441,2026-04-22,FALSE,
D007559,Line B,Standard,LineB-STA-02559,2026-04-22,FALSE,
D007667,Line B,Standard,LineB-STA-02667,2026-04-22,FALSE,
D007715,Line B,Standard,LineB-STA-02715,2026-04-22,FALSE,
D007890,Line B,Standard,LineB-STA-02890,2026-04-22,FALSE,
D007982,Line B,Standard,LineB-STA-02982,2026-04-22,FALSE,
D008183,Line B,Standard,LineB-STA-03183,2026-04-22,FALSE,
D008222,Line B,Standard,LineB-STA-03222,2026-04-22,FALSE,
D008232,Line B,Standard,LineB-STA-03232,2026-04-22,FALSE,
D008425,Line B,Standard,LineB-STA-03425,2026-04-22,FALSE,
D008749,Line B,Standard,LineB-STA-03749,2026-04-22,FALSE,
D008819,Line B,Standard,LineB-STA-03819,2026-04-22,FALSE,
D008966,Line B,Standard,LineB-STA-03966,2026-04-22,TRUE,solder_joint
D008994,Line B,Standard,LineB-STA-03994,2026-04-22,FALSE,
D009177,Line B,Standard,LineB-STA-04177,2026-04-22,FALSE,
D009537,Line B,Pro,LineB-PRO-00287,2026-04-22,FALSE,
D009667,Line B,Pro,LineB-PRO-00417,2026-04-22,FALSE,
D009679,Line B,Pro,LineB-PRO-00429,2026-04-22,TRUE,battery_swell
D009948,Line B,Pro,LineB-PRO-00698,2026-04-22,FALSE,
D009970,Line B,Pro,LineB-PRO-00720,2026-04-22,FALSE,
D010009,Line B,Pro,LineB-PRO-00759,2026-04-22,FALSE,
D000214,Line A,Standard,LineA-STA-00214,2026-04-23,FALSE,
D000306,Line A,Standard,LineA-STA-00306,2026-04-23,FALSE,
D000308,Line A,Standard,LineA-STA-00308,2026-04-23,FALSE,
D000344,Line A,Standard,LineA-STA-00344,2026-04-23,FALSE,
D000487,Line A,Standard,LineA-STA-00487,2026-04-23,FALSE,
D000556,Line A,Standard,LineA-STA-00556,2026-04-23,FALSE,
D000731,Line A,Standard,LineA-STA-00731,2026-04-23,FALSE,
D000789,Line A,Standard,LineA-STA-00789,2026-04-23,FALSE,
D000931,Line A,Standard,LineA-STA-00931,2026-04-23,FALSE,
D001060,Line A,Standard,LineA-STA-01060,2026-04-23,FALSE,
D001114,Line A,Standard,LineA-STA-01114,2026-04-23,FALSE,
D001146,Line A,Standard,LineA-STA-01146,2026-04-23,FALSE,
D001440,Line A,Standard,LineA-STA-01440,2026-04-23,FALSE,
D001496,Line A,Standard,LineA-STA-01496,2026-04-23,FALSE,
D001549,Line A,Standard,LineA-STA-01549,2026-04-23,FALSE,
D001566,Line A,Standard,LineA-STA-01566,2026-04-23,FALSE,
D001690,Line A,Standard,LineA-STA-01690,2026-04-23,FALSE,
D001737,Line A,Standard,LineA-STA-01737,2026-04-23,FALSE,
D001805,Line A,Standard,LineA-STA-01805,2026-04-23,FALSE,
D001806,Line A,Standard,LineA-STA-01806,2026-04-23,FALSE,
D001825,Line A,Standard,LineA-STA-01825,2026-04-23,FALSE,
D001842,Line A,Standard,LineA-STA-01842,2026-04-23,FALSE,
D001869,Line A,Standard,LineA-STA-01869,2026-04-23,FALSE,
D001878,Line A,Standard,LineA-STA-01878,2026-04-23,FALSE,
D001884,Line A,Standard,LineA-STA-01884,2026-04-23,FALSE,
D002065,Line A,Standard,LineA-STA-02065,2026-04-23,FALSE,
D002119,Line A,Standard,LineA-STA-02119,2026-04-23,FALSE,
D002173,Line A,Standard,LineA-STA-02173,2026-04-23,FALSE,
D002198,Line A,Standard,LineA-STA-02198,2026-04-23,FALSE,
D002265,Line A,Pro,LineA-PRO-00015,2026-04-23,FALSE,
D002386,Line A,Pro,LineA-PRO-00136,2026-04-23,FALSE,
D002392,Line A,Pro,LineA-PRO-00142,2026-04-23,FALSE,
D002526,Line A,Pro,LineA-PRO-00276,2026-04-23,FALSE,
D002532,Line A,Pro,LineA-PRO-00282,2026-04-23,FALSE,
D002599,Line A,Pro,LineA-PRO-00349,2026-04-23,FALSE,
D002658,Line A,Pro,LineA-PRO-00408,2026-04-23,FALSE,
D002710,Line A,Pro,LineA-PRO-00460,2026-04-23,FALSE,
D002727,Line A,Pro,LineA-PRO-00477,2026-04-23,FALSE,
D002761,Line A,Pro,LineA-PRO-00511,2026-04-23,FALSE,
D002775,Line A,Pro,LineA-PRO-00525,2026-04-23,FALSE,
D002810,Line A,Pro,LineA-PRO-00560,2026-04-23,FALSE,
D002938,Line A,Pro,LineA-PRO-00688,2026-04-23,FALSE,
D002985,Line A,Pro,LineA-PRO-00735,2026-04-23,FALSE,
D003047,Line A,Pro,LineA-PRO-00797,2026-04-23,FALSE,
D003172,Line A,Pro,LineA-PRO-00922,2026-04-23,FALSE,
D003201,Line A,Pro,LineA-PRO-00951,2026-04-23,FALSE,
D003301,Line A,Pro,LineA-PRO-01051,2026-04-23,FALSE,
D003419,Line A,Pro,LineA-PRO-01169,2026-04-23,FALSE,
D003477,Line A,Pro,LineA-PRO-01227,2026-04-23,FALSE,
D003514,Line A,Pro,LineA-PRO-01264,2026-04-23,FALSE,
D003724,Line A,Pro,LineA-PRO-01474,2026-04-23,FALSE,
D003762,Line A,Pro,LineA-PRO-01512,2026-04-23,FALSE,
D003868,Line A,Pro,LineA-PRO-01618,2026-04-23,TRUE,label_misprint
D004104,Line A,Pro,LineA-PRO-01854,2026-04-23,FALSE,
D004194,Line A,Pro,LineA-PRO-01944,2026-04-23,TRUE,component_misalignment
D004352,Line A,Pro,LineA-PRO-02102,2026-04-23,FALSE,
D004368,Line A,Pro,LineA-PRO-02118,2026-04-23,FALSE,
D004879,Line A,Pro,LineA-PRO-02629,2026-04-23,FALSE,
D004927,Line A,Pro,LineA-PRO-02677,2026-04-23,FALSE,
D005084,Line B,Standard,LineB-STA-00084,2026-04-23,FALSE,
D005104,Line B,Standard,LineB-STA-00104,2026-04-23,FALSE,
D005228,Line B,Standard,LineB-STA-00228,2026-04-23,FALSE,
D005268,Line B,Standard,LineB-STA-00268,2026-04-23,FALSE,
D005547,Line B,Standard,LineB-STA-00547,2026-04-23,FALSE,
D005596,Line B,Standard,LineB-STA-00596,2026-04-23,FALSE,
D005669,Line B,Standard,LineB-STA-00669,2026-04-23,FALSE,
D005717,Line B,Standard,LineB-STA-00717,2026-04-23,FALSE,
D005728,Line B,Standard,LineB-STA-00728,2026-04-23,FALSE,
D005767,Line B,Standard,LineB-STA-00767,2026-04-23,FALSE,
D005774,Line B,Standard,LineB-STA-00774,2026-04-23,FALSE,
D005816,Line B,Standard,LineB-STA-00816,2026-04-23,FALSE,
D005826,Line B,Standard,LineB-STA-00826,2026-04-23,FALSE,
D005960,Line B,Standard,LineB-STA-00960,2026-04-23,TRUE,connector_seating
D006042,Line B,Standard,LineB-STA-01042,2026-04-23,FALSE,
D006084,Line B,Standard,LineB-STA-01084,2026-04-23,FALSE,
D006121,Line B,Standard,LineB-STA-01121,2026-04-23,FALSE,
D006138,Line B,Standard,LineB-STA-01138,2026-04-23,TRUE,cosmetic_scratch
D006299,Line B,Standard,LineB-STA-01299,2026-04-23,FALSE,
D006325,Line B,Standard,LineB-STA-01325,2026-04-23,FALSE,
D006333,Line B,Standard,LineB-STA-01333,2026-04-23,FALSE,
D006376,Line B,Standard,LineB-STA-01376,2026-04-23,FALSE,
D006525,Line B,Standard,LineB-STA-01525,2026-04-23,FALSE,
D006575,Line B,Standard,LineB-STA-01575,2026-04-23,FALSE,
D006633,Line B,Standard,LineB-STA-01633,2026-04-23,FALSE,
D006660,Line B,Standard,LineB-STA-01660,2026-04-23,TRUE,cosmetic_scratch
D006950,Line B,Standard,LineB-STA-01950,2026-04-23,FALSE,
D006997,Line B,Standard,LineB-STA-01997,2026-04-23,FALSE,
D007016,Line B,Standard,LineB-STA-02016,2026-04-23,FALSE,
D007017,Line B,Standard,LineB-STA-02017,2026-04-23,TRUE,battery_swell
D007413,Line B,Standard,LineB-STA-02413,2026-04-23,FALSE,
D007455,Line B,Standard,LineB-STA-02455,2026-04-23,TRUE,capacitor_leak
D007617,Line B,Standard,LineB-STA-02617,2026-04-23,FALSE,
D007640,Line B,Standard,LineB-STA-02640,2026-04-23,FALSE,
D007680,Line B,Standard,LineB-STA-02680,2026-04-23,FALSE,
D007695,Line B,Standard,LineB-STA-02695,2026-04-23,FALSE,
D007698,Line B,Standard,LineB-STA-02698,2026-04-23,FALSE,
D007791,Line B,Standard,LineB-STA-02791,2026-04-23,FALSE,
D007807,Line B,Standard,LineB-STA-02807,2026-04-23,FALSE,
D007837,Line B,Standard,LineB-STA-02837,2026-04-23,FALSE,
D007942,Line B,Standard,LineB-STA-02942,2026-04-23,FALSE,
D008032,Line B,Standard,LineB-STA-03032,2026-04-23,FALSE,
D008108,Line B,Standard,LineB-STA-03108,2026-04-23,FALSE,
D008152,Line B,Standard,LineB-STA-03152,2026-04-23,FALSE,
D008202,Line B,Standard,LineB-STA-03202,2026-04-23,FALSE,
D008294,Line B,Standard,LineB-STA-03294,2026-04-23,FALSE,
D008354,Line B,Standard,LineB-STA-03354,2026-04-23,FALSE,
D008450,Line B,Standard,LineB-STA-03450,2026-04-23,FALSE,
D008652,Line B,Standard,LineB-STA-03652,2026-04-23,FALSE,
D008866,Line B,Standard,LineB-STA-03866,2026-04-23,FALSE,
D008895,Line B,Standard,LineB-STA-03895,2026-04-23,FALSE,
D008940,Line B,Standard,LineB-STA-03940,2026-04-23,FALSE,
D009143,Line B,Standard,LineB-STA-04143,2026-04-23,FALSE,
D009162,Line B,Standard,LineB-STA-04162,2026-04-23,FALSE,
D009455,Line B,Pro,LineB-PRO-00205,2026-04-23,FALSE,
D009492,Line B,Pro,LineB-PRO-00242,2026-04-23,FALSE,
D009509,Line B,Pro,LineB-PRO-00259,2026-04-23,FALSE,
D009981,Line B,Pro,LineB-PRO-00731,2026-04-23,FALSE,
D010013,Line B,Pro,LineB-PRO-00763,2026-04-23,FALSE,
D000312,Line A,Standard,LineA-STA-00312,2026-04-24,TRUE,connector_seating
D000337,Line A,Standard,LineA-STA-00337,2026-04-24,FALSE,
D000355,Line A,Standard,LineA-STA-00355,2026-04-24,FALSE,
D000469,Line A,Standard,LineA-STA-00469,2026-04-24,FALSE,
D000575,Line A,Standard,LineA-STA-00575,2026-04-24,FALSE,
D000685,Line A,Standard,LineA-STA-00685,2026-04-24,FALSE,
D000832,Line A,Standard,LineA-STA-00832,2026-04-24,FALSE,
D000859,Line A,Standard,LineA-STA-00859,2026-04-24,FALSE,
D000950,Line A,Standard,LineA-STA-00950,2026-04-24,FALSE,
D001070,Line A,Standard,LineA-STA-01070,2026-04-24,FALSE,
D001071,Line A,Standard,LineA-STA-01071,2026-04-24,FALSE,
D001092,Line A,Standard,LineA-STA-01092,2026-04-24,FALSE,
D001128,Line A,Standard,LineA-STA-01128,2026-04-24,FALSE,
D001140,Line A,Standard,LineA-STA-01140,2026-04-24,FALSE,
D001152,Line A,Standard,LineA-STA-01152,2026-04-24,FALSE,
D001740,Line A,Standard,LineA-STA-01740,2026-04-24,FALSE,
D001780,Line A,Standard,LineA-STA-01780,2026-04-24,FALSE,
D001891,Line A,Standard,LineA-STA-01891,2026-04-24,FALSE,
D002017,Line A,Standard,LineA-STA-02017,2026-04-24,FALSE,
D002021,Line A,Standard,LineA-STA-02021,2026-04-24,FALSE,
D002295,Line A,Pro,LineA-PRO-00045,2026-04-24,FALSE,
D002397,Line A,Pro,LineA-PRO-00147,2026-04-24,FALSE,
D002464,Line A,Pro,LineA-PRO-00214,2026-04-24,FALSE,
D002501,Line A,Pro,LineA-PRO-00251,2026-04-24,FALSE,
D002504,Line A,Pro,LineA-PRO-00254,2026-04-24,FALSE,
D002899,Line A,Pro,LineA-PRO-00649,2026-04-24,FALSE,
D003046,Line A,Pro,LineA-PRO-00796,2026-04-24,FALSE,
D003062,Line A,Pro,LineA-PRO-00812,2026-04-24,TRUE,firmware_flash_fail
D003179,Line A,Pro,LineA-PRO-00929,2026-04-24,FALSE,
D003340,Line A,Pro,LineA-PRO-01090,2026-04-24,FALSE,
D003374,Line A,Pro,LineA-PRO-01124,2026-04-24,FALSE,
D003378,Line A,Pro,LineA-PRO-01128,2026-04-24,FALSE,
D003659,Line A,Pro,LineA-PRO-01409,2026-04-24,FALSE,
D003664,Line A,Pro,LineA-PRO-01414,2026-04-24,FALSE,
D003875,Line A,Pro,LineA-PRO-01625,2026-04-24,FALSE,
D003923,Line A,Pro,LineA-PRO-01673,2026-04-24,FALSE,
D004021,Line A,Pro,LineA-PRO-01771,2026-04-24,FALSE,
D004044,Line A,Pro,LineA-PRO-01794,2026-04-24,FALSE,
D004055,Line A,Pro,LineA-PRO-01805,2026-04-24,FALSE,
D004140,Line A,Pro,LineA-PRO-01890,2026-04-24,FALSE,
D004208,Line A,Pro,LineA-PRO-01958,2026-04-24,FALSE,
D004210,Line A,Pro,LineA-PRO-01960,2026-04-24,TRUE,cosmetic_scratch
D004634,Line A,Pro,LineA-PRO-02384,2026-04-24,FALSE,
D004700,Line A,Pro,LineA-PRO-02450,2026-04-24,FALSE,
D004718,Line A,Pro,LineA-PRO-02468,2026-04-24,FALSE,
D004732,Line A,Pro,LineA-PRO-02482,2026-04-24,FALSE,
D004742,Line A,Pro,LineA-PRO-02492,2026-04-24,FALSE,
D005026,Line B,Standard,LineB-STA-00026,2026-04-24,FALSE,
D005070,Line B,Standard,LineB-STA-00070,2026-04-24,FALSE,
D005211,Line B,Standard,LineB-STA-00211,2026-04-24,FALSE,
D005243,Line B,Standard,LineB-STA-00243,2026-04-24,FALSE,
D005792,Line B,Standard,LineB-STA-00792,2026-04-24,FALSE,
D005794,Line B,Standard,LineB-STA-00794,2026-04-24,FALSE,
D005875,Line B,Standard,LineB-STA-00875,2026-04-24,FALSE,
D005900,Line B,Standard,LineB-STA-00900,2026-04-24,FALSE,
D005906,Line B,Standard,LineB-STA-00906,2026-04-24,FALSE,
D005963,Line B,Standard,LineB-STA-00963,2026-04-24,FALSE,
D006032,Line B,Standard,LineB-STA-01032,2026-04-24,FALSE,
D006171,Line B,Standard,LineB-STA-01171,2026-04-24,FALSE,
D006193,Line B,Standard,LineB-STA-01193,2026-04-24,FALSE,
D006200,Line B,Standard,LineB-STA-01200,2026-04-24,FALSE,
D006568,Line B,Standard,LineB-STA-01568,2026-04-24,FALSE,
D006652,Line B,Standard,LineB-STA-01652,2026-04-24,FALSE,
D006670,Line B,Standard,LineB-STA-01670,2026-04-24,FALSE,
D006811,Line B,Standard,LineB-STA-01811,2026-04-24,FALSE,
D006870,Line B,Standard,LineB-STA-01870,2026-04-24,FALSE,
D006908,Line B,Standard,LineB-STA-01908,2026-04-24,FALSE,
D007020,Line B,Standard,LineB-STA-02020,2026-04-24,FALSE,
D007096,Line B,Standard,LineB-STA-02096,2026-04-24,TRUE,connector_seating
D007118,Line B,Standard,LineB-STA-02118,2026-04-24,FALSE,
D007147,Line B,Standard,LineB-STA-02147,2026-04-24,FALSE,
D007180,Line B,Standard,LineB-STA-02180,2026-04-24,FALSE,
D007382,Line B,Standard,LineB-STA-02382,2026-04-24,FALSE,
D007430,Line B,Standard,LineB-STA-02430,2026-04-24,FALSE,
D007509,Line B,Standard,LineB-STA-02509,2026-04-24,TRUE,battery_swell
D007618,Line B,Standard,LineB-STA-02618,2026-04-24,FALSE,
D007636,Line B,Standard,LineB-STA-02636,2026-04-24,FALSE,
D007646,Line B,Standard,LineB-STA-02646,2026-04-24,FALSE,
D007685,Line B,Standard,LineB-STA-02685,2026-04-24,FALSE,
D007712,Line B,Standard,LineB-STA-02712,2026-04-24,FALSE,
D007816,Line B,Standard,LineB-STA-02816,2026-04-24,FALSE,
D007887,Line B,Standard,LineB-STA-02887,2026-04-24,FALSE,
D007919,Line B,Standard,LineB-STA-02919,2026-04-24,FALSE,
D007955,Line B,Standard,LineB-STA-02955,2026-04-24,FALSE,
D008100,Line B,Standard,LineB-STA-03100,2026-04-24,FALSE,
D008191,Line B,Standard,LineB-STA-03191,2026-04-24,FALSE,
D008322,Line B,Standard,LineB-STA-03322,2026-04-24,FALSE,
D008343,Line B,Standard,LineB-STA-03343,2026-04-24,FALSE,
D008350,Line B,Standard,LineB-STA-03350,2026-04-24,FALSE,
D008366,Line B,Standard,LineB-STA-03366,2026-04-24,FALSE,
D008453,Line B,Standard,LineB-STA-03453,2026-04-24,FALSE,
D008783,Line B,Standard,LineB-STA-03783,2026-04-24,FALSE,
D008810,Line B,Standard,LineB-STA-03810,2026-04-24,FALSE,
D009043,Line B,Standard,LineB-STA-04043,2026-04-24,FALSE,
D009130,Line B,Standard,LineB-STA-04130,2026-04-24,FALSE,
D009166,Line B,Standard,LineB-STA-04166,2026-04-24,FALSE,
D009218,Line B,Standard,LineB-STA-04218,2026-04-24,TRUE,firmware_flash_fail
D009228,Line B,Standard,LineB-STA-04228,2026-04-24,FALSE,
D009331,Line B,Pro,LineB-PRO-00081,2026-04-24,FALSE,
D009347,Line B,Pro,LineB-PRO-00097,2026-04-24,FALSE,
D009363,Line B,Pro,LineB-PRO-00113,2026-04-24,FALSE,
D009612,Line B,Pro,LineB-PRO-00362,2026-04-24,TRUE,cosmetic_scratch
D009624,Line B,Pro,LineB-PRO-00374,2026-04-24,FALSE,
D009668,Line B,Pro,LineB-PRO-00418,2026-04-24,FALSE,
D009724,Line B,Pro,LineB-PRO-00474,2026-04-24,TRUE,label_misprint
D009864,Line B,Pro,LineB-PRO-00614,2026-04-24,FALSE,
D000063,Line A,Standard,LineA-STA-00063,2026-04-25,FALSE,
D000102,Line A,Standard,LineA-STA-00102,2026-04-25,FALSE,
D000189,Line A,Standard,LineA-STA-00189,2026-04-25,FALSE,
D000227,Line A,Standard,LineA-STA-00227,2026-04-25,FALSE,
D000330,Line A,Standard,LineA-STA-00330,2026-04-25,FALSE,
D000343,Line A,Standard,LineA-STA-00343,2026-04-25,FALSE,
D000508,Line A,Standard,LineA-STA-00508,2026-04-25,FALSE,
D000601,Line A,Standard,LineA-STA-00601,2026-04-25,FALSE,
D000610,Line A,Standard,LineA-STA-00610,2026-04-25,FALSE,
D000621,Line A,Standard,LineA-STA-00621,2026-04-25,FALSE,
D000737,Line A,Standard,LineA-STA-00737,2026-04-25,FALSE,
D001161,Line A,Standard,LineA-STA-01161,2026-04-25,FALSE,
D001416,Line A,Standard,LineA-STA-01416,2026-04-25,FALSE,
D001821,Line A,Standard,LineA-STA-01821,2026-04-25,FALSE,
D001972,Line A,Standard,LineA-STA-01972,2026-04-25,FALSE,
D002068,Line A,Standard,LineA-STA-02068,2026-04-25,FALSE,
D002154,Line A,Standard,LineA-STA-02154,2026-04-25,FALSE,
D002174,Line A,Standard,LineA-STA-02174,2026-04-25,FALSE,
D002268,Line A,Pro,LineA-PRO-00018,2026-04-25,FALSE,
D002482,Line A,Pro,LineA-PRO-00232,2026-04-25,FALSE,
D002604,Line A,Pro,LineA-PRO-00354,2026-04-25,FALSE,
D002616,Line A,Pro,LineA-PRO-00366,2026-04-25,FALSE,
D002619,Line A,Pro,LineA-PRO-00369,2026-04-25,FALSE,
D002740,Line A,Pro,LineA-PRO-00490,2026-04-25,FALSE,
D002755,Line A,Pro,LineA-PRO-00505,2026-04-25,FALSE,
D002815,Line A,Pro,LineA-PRO-00565,2026-04-25,FALSE,
D002980,Line A,Pro,LineA-PRO-00730,2026-04-25,FALSE,
D003011,Line A,Pro,LineA-PRO-00761,2026-04-25,FALSE,
D003111,Line A,Pro,LineA-PRO-00861,2026-04-25,FALSE,
D003125,Line A,Pro,LineA-PRO-00875,2026-04-25,FALSE,
D003251,Line A,Pro,LineA-PRO-01001,2026-04-25,TRUE,component_misalignment
D003281,Line A,Pro,LineA-PRO-01031,2026-04-25,FALSE,
D003361,Line A,Pro,LineA-PRO-01111,2026-04-25,FALSE,
D003414,Line A,Pro,LineA-PRO-01164,2026-04-25,FALSE,
D003706,Line A,Pro,LineA-PRO-01456,2026-04-25,FALSE,
D003909,Line A,Pro,LineA-PRO-01659,2026-04-25,FALSE,
D003921,Line A,Pro,LineA-PRO-01671,2026-04-25,FALSE,
D004017,Line A,Pro,LineA-PRO-01767,2026-04-25,FALSE,
D004243,Line A,Pro,LineA-PRO-01993,2026-04-25,FALSE,
D004247,Line A,Pro,LineA-PRO-01997,2026-04-25,FALSE,
D004258,Line A,Pro,LineA-PRO-02008,2026-04-25,FALSE,
D004322,Line A,Pro,LineA-PRO-02072,2026-04-25,FALSE,
D004557,Line A,Pro,LineA-PRO-02307,2026-04-25,FALSE,
D004687,Line A,Pro,LineA-PRO-02437,2026-04-25,FALSE,
D004693,Line A,Pro,LineA-PRO-02443,2026-04-25,FALSE,
D004885,Line A,Pro,LineA-PRO-02635,2026-04-25,FALSE,
D004893,Line A,Pro,LineA-PRO-02643,2026-04-25,FALSE,
D004920,Line A,Pro,LineA-PRO-02670,2026-04-25,FALSE,
D004938,Line A,Pro,LineA-PRO-02688,2026-04-25,FALSE,
D004973,Line A,Pro,LineA-PRO-02723,2026-04-25,FALSE,
D005143,Line B,Standard,LineB-STA-00143,2026-04-25,FALSE,
D005192,Line B,Standard,LineB-STA-00192,2026-04-25,FALSE,
D005389,Line B,Standard,LineB-STA-00389,2026-04-25,FALSE,
D005554,Line B,Standard,LineB-STA-00554,2026-04-25,FALSE,
D005575,Line B,Standard,LineB-STA-00575,2026-04-25,FALSE,
D005678,Line B,Standard,LineB-STA-00678,2026-04-25,FALSE,
D005686,Line B,Standard,LineB-STA-00686,2026-04-25,FALSE,
D005742,Line B,Standard,LineB-STA-00742,2026-04-25,FALSE,
D005762,Line B,Standard,LineB-STA-00762,2026-04-25,FALSE,
D005809,Line B,Standard,LineB-STA-00809,2026-04-25,FALSE,
D005823,Line B,Standard,LineB-STA-00823,2026-04-25,FALSE,
D006023,Line B,Standard,LineB-STA-01023,2026-04-25,FALSE,
D006177,Line B,Standard,LineB-STA-01177,2026-04-25,FALSE,
D006342,Line B,Standard,LineB-STA-01342,2026-04-25,FALSE,
D006371,Line B,Standard,LineB-STA-01371,2026-04-25,FALSE,
D006582,Line B,Standard,LineB-STA-01582,2026-04-25,FALSE,
D006621,Line B,Standard,LineB-STA-01621,2026-04-25,FALSE,
D006671,Line B,Standard,LineB-STA-01671,2026-04-25,FALSE,
D006691,Line B,Standard,LineB-STA-01691,2026-04-25,FALSE,
D006862,Line B,Standard,LineB-STA-01862,2026-04-25,FALSE,
D006904,Line B,Standard,LineB-STA-01904,2026-04-25,FALSE,
D006962,Line B,Standard,LineB-STA-01962,2026-04-25,FALSE,
D007132,Line B,Standard,LineB-STA-02132,2026-04-25,FALSE,
D007183,Line B,Standard,LineB-STA-02183,2026-04-25,FALSE,
D007251,Line B,Standard,LineB-STA-02251,2026-04-25,FALSE,
D007445,Line B,Standard,LineB-STA-02445,2026-04-25,FALSE,
D007507,Line B,Standard,LineB-STA-02507,2026-04-25,FALSE,
D007614,Line B,Standard,LineB-STA-02614,2026-04-25,FALSE,
D007681,Line B,Standard,LineB-STA-02681,2026-04-25,FALSE,
D007718,Line B,Standard,LineB-STA-02718,2026-04-25,FALSE,
D007736,Line B,Standard,LineB-STA-02736,2026-04-25,FALSE,
D007786,Line B,Standard,LineB-STA-02786,2026-04-25,FALSE,
D007799,Line B,Standard,LineB-STA-02799,2026-04-25,FALSE,
D007866,Line B,Standard,LineB-STA-02866,2026-04-25,FALSE,
D007933,Line B,Standard,LineB-STA-02933,2026-04-25,FALSE,
D007957,Line B,Standard,LineB-STA-02957,2026-04-25,FALSE,
D008069,Line B,Standard,LineB-STA-03069,2026-04-25,FALSE,
D008071,Line B,Standard,LineB-STA-03071,2026-04-25,FALSE,
D008225,Line B,Standard,LineB-STA-03225,2026-04-25,FALSE,
D008279,Line B,Standard,LineB-STA-03279,2026-04-25,FALSE,
D008336,Line B,Standard,LineB-STA-03336,2026-04-25,FALSE,
D008360,Line B,Standard,LineB-STA-03360,2026-04-25,FALSE,
D008365,Line B,Standard,LineB-STA-03365,2026-04-25,FALSE,
D008422,Line B,Standard,LineB-STA-03422,2026-04-25,FALSE,
D008470,Line B,Standard,LineB-STA-03470,2026-04-25,FALSE,
D008535,Line B,Standard,LineB-STA-03535,2026-04-25,FALSE,
D008563,Line B,Standard,LineB-STA-03563,2026-04-25,FALSE,
D008587,Line B,Standard,LineB-STA-03587,2026-04-25,FALSE,
D008593,Line B,Standard,LineB-STA-03593,2026-04-25,FALSE,
D008846,Line B,Standard,LineB-STA-03846,2026-04-25,FALSE,
D008908,Line B,Standard,LineB-STA-03908,2026-04-25,FALSE,
D009020,Line B,Standard,LineB-STA-04020,2026-04-25,FALSE,
D009036,Line B,Standard,LineB-STA-04036,2026-04-25,FALSE,
D009324,Line B,Pro,LineB-PRO-00074,2026-04-25,FALSE,
D009511,Line B,Pro,LineB-PRO-00261,2026-04-25,FALSE,
D009525,Line B,Pro,LineB-PRO-00275,2026-04-25,FALSE,
D009538,Line B,Pro,LineB-PRO-00288,2026-04-25,FALSE,
D009555,Line B,Pro,LineB-PRO-00305,2026-04-25,FALSE,
D009687,Line B,Pro,LineB-PRO-00437,2026-04-25,FALSE,
D009696,Line B,Pro,LineB-PRO-00446,2026-04-25,FALSE,
D009719,Line B,Pro,LineB-PRO-00469,2026-04-25,FALSE,
D009771,Line B,Pro,LineB-PRO-00521,2026-04-25,FALSE,
D009863,Line B,Pro,LineB-PRO-00613,2026-04-25,FALSE,
D009977,Line B,Pro,LineB-PRO-00727,2026-04-25,TRUE,component_misalignment
D000123,Line A,Standard,LineA-STA-00123,2026-04-26,FALSE,
D000262,Line A,Standard,LineA-STA-00262,2026-04-26,FALSE,
D000294,Line A,Standard,LineA-STA-00294,2026-04-26,FALSE,
D000422,Line A,Standard,LineA-STA-00422,2026-04-26,FALSE,
D000663,Line A,Standard,LineA-STA-00663,2026-04-26,FALSE,
D000908,Line A,Standard,LineA-STA-00908,2026-04-26,FALSE,
D000928,Line A,Standard,LineA-STA-00928,2026-04-26,FALSE,
D000947,Line A,Standard,LineA-STA-00947,2026-04-26,FALSE,
D001078,Line A,Standard,LineA-STA-01078,2026-04-26,FALSE,
D001095,Line A,Standard,LineA-STA-01095,2026-04-26,FALSE,
D001314,Line A,Standard,LineA-STA-01314,2026-04-26,FALSE,
D001581,Line A,Standard,LineA-STA-01581,2026-04-26,FALSE,
D001591,Line A,Standard,LineA-STA-01591,2026-04-26,FALSE,
D001651,Line A,Standard,LineA-STA-01651,2026-04-26,FALSE,
D001706,Line A,Standard,LineA-STA-01706,2026-04-26,FALSE,
D001719,Line A,Standard,LineA-STA-01719,2026-04-26,FALSE,
D001762,Line A,Standard,LineA-STA-01762,2026-04-26,FALSE,
D001839,Line A,Standard,LineA-STA-01839,2026-04-26,FALSE,
D001999,Line A,Standard,LineA-STA-01999,2026-04-26,FALSE,
D002075,Line A,Standard,LineA-STA-02075,2026-04-26,FALSE,
D002175,Line A,Standard,LineA-STA-02175,2026-04-26,FALSE,
D002183,Line A,Standard,LineA-STA-02183,2026-04-26,FALSE,
D002530,Line A,Pro,LineA-PRO-00280,2026-04-26,TRUE,label_misprint
D002598,Line A,Pro,LineA-PRO-00348,2026-04-26,FALSE,
D002673,Line A,Pro,LineA-PRO-00423,2026-04-26,FALSE,
D002788,Line A,Pro,LineA-PRO-00538,2026-04-26,FALSE,
D002798,Line A,Pro,LineA-PRO-00548,2026-04-26,FALSE,
D002819,Line A,Pro,LineA-PRO-00569,2026-04-26,FALSE,
D003116,Line A,Pro,LineA-PRO-00866,2026-04-26,FALSE,
D003178,Line A,Pro,LineA-PRO-00928,2026-04-26,FALSE,
D003322,Line A,Pro,LineA-PRO-01072,2026-04-26,FALSE,
D003339,Line A,Pro,LineA-PRO-01089,2026-04-26,FALSE,
D003437,Line A,Pro,LineA-PRO-01187,2026-04-26,FALSE,
D003439,Line A,Pro,LineA-PRO-01189,2026-04-26,FALSE,
D003491,Line A,Pro,LineA-PRO-01241,2026-04-26,FALSE,
D003616,Line A,Pro,LineA-PRO-01366,2026-04-26,FALSE,
D003650,Line A,Pro,LineA-PRO-01400,2026-04-26,FALSE,
D003679,Line A,Pro,LineA-PRO-01429,2026-04-26,FALSE,
D003716,Line A,Pro,LineA-PRO-01466,2026-04-26,FALSE,
D003848,Line A,Pro,LineA-PRO-01598,2026-04-26,FALSE,
D003871,Line A,Pro,LineA-PRO-01621,2026-04-26,FALSE,
D003888,Line A,Pro,LineA-PRO-01638,2026-04-26,FALSE,
D004127,Line A,Pro,LineA-PRO-01877,2026-04-26,FALSE,
D004275,Line A,Pro,LineA-PRO-02025,2026-04-26,FALSE,
D004353,Line A,Pro,LineA-PRO-02103,2026-04-26,FALSE,
D004418,Line A,Pro,LineA-PRO-02168,2026-04-26,FALSE,
D004492,Line A,Pro,LineA-PRO-02242,2026-04-26,FALSE,
D004756,Line A,Pro,LineA-PRO-02506,2026-04-26,FALSE,
D004910,Line A,Pro,LineA-PRO-02660,2026-04-26,FALSE,
D004983,Line A,Pro,LineA-PRO-02733,2026-04-26,FALSE,
D005025,Line B,Standard,LineB-STA-00025,2026-04-26,FALSE,
D005206,Line B,Standard,LineB-STA-00206,2026-04-26,FALSE,
D005215,Line B,Standard,LineB-STA-00215,2026-04-26,FALSE,
D005338,Line B,Standard,LineB-STA-00338,2026-04-26,FALSE,
D005399,Line B,Standard,LineB-STA-00399,2026-04-26,FALSE,
D005555,Line B,Standard,LineB-STA-00555,2026-04-26,FALSE,
D005589,Line B,Standard,LineB-STA-00589,2026-04-26,FALSE,
D005682,Line B,Standard,LineB-STA-00682,2026-04-26,FALSE,
D005772,Line B,Standard,LineB-STA-00772,2026-04-26,TRUE,battery_swell
D005825,Line B,Standard,LineB-STA-00825,2026-04-26,FALSE,
D005942,Line B,Standard,LineB-STA-00942,2026-04-26,FALSE,
D005959,Line B,Standard,LineB-STA-00959,2026-04-26,FALSE,
D006096,Line B,Standard,LineB-STA-01096,2026-04-26,FALSE,
D006378,Line B,Standard,LineB-STA-01378,2026-04-26,FALSE,
D006548,Line B,Standard,LineB-STA-01548,2026-04-26,FALSE,
D006600,Line B,Standard,LineB-STA-01600,2026-04-26,FALSE,
D006606,Line B,Standard,LineB-STA-01606,2026-04-26,FALSE,
D006730,Line B,Standard,LineB-STA-01730,2026-04-26,FALSE,
D006743,Line B,Standard,LineB-STA-01743,2026-04-26,FALSE,
D006789,Line B,Standard,LineB-STA-01789,2026-04-26,FALSE,
D006818,Line B,Standard,LineB-STA-01818,2026-04-26,FALSE,
D006899,Line B,Standard,LineB-STA-01899,2026-04-26,FALSE,
D006923,Line B,Standard,LineB-STA-01923,2026-04-26,FALSE,
D006944,Line B,Standard,LineB-STA-01944,2026-04-26,FALSE,
D007079,Line B,Standard,LineB-STA-02079,2026-04-26,FALSE,
D007117,Line B,Standard,LineB-STA-02117,2026-04-26,FALSE,
D007188,Line B,Standard,LineB-STA-02188,2026-04-26,FALSE,
D007217,Line B,Standard,LineB-STA-02217,2026-04-26,FALSE,
D007432,Line B,Standard,LineB-STA-02432,2026-04-26,FALSE,
D007459,Line B,Standard,LineB-STA-02459,2026-04-26,FALSE,
D007649,Line B,Standard,LineB-STA-02649,2026-04-26,FALSE,
D007757,Line B,Standard,LineB-STA-02757,2026-04-26,FALSE,
D007762,Line B,Standard,LineB-STA-02762,2026-04-26,FALSE,
D007904,Line B,Standard,LineB-STA-02904,2026-04-26,FALSE,
D007908,Line B,Standard,LineB-STA-02908,2026-04-26,FALSE,
D007945,Line B,Standard,LineB-STA-02945,2026-04-26,FALSE,
D008091,Line B,Standard,LineB-STA-03091,2026-04-26,FALSE,
D008115,Line B,Standard,LineB-STA-03115,2026-04-26,FALSE,
D008139,Line B,Standard,LineB-STA-03139,2026-04-26,FALSE,
D008211,Line B,Standard,LineB-STA-03211,2026-04-26,FALSE,
D008258,Line B,Standard,LineB-STA-03258,2026-04-26,FALSE,
D008320,Line B,Standard,LineB-STA-03320,2026-04-26,FALSE,
D008338,Line B,Standard,LineB-STA-03338,2026-04-26,FALSE,
D008355,Line B,Standard,LineB-STA-03355,2026-04-26,FALSE,
D008461,Line B,Standard,LineB-STA-03461,2026-04-26,FALSE,
D008585,Line B,Standard,LineB-STA-03585,2026-04-26,FALSE,
D008627,Line B,Standard,LineB-STA-03627,2026-04-26,FALSE,
D008735,Line B,Standard,LineB-STA-03735,2026-04-26,FALSE,
D008764,Line B,Standard,LineB-STA-03764,2026-04-26,FALSE,
D008768,Line B,Standard,LineB-STA-03768,2026-04-26,FALSE,
D008789,Line B,Standard,LineB-STA-03789,2026-04-26,FALSE,
D008903,Line B,Standard,LineB-STA-03903,2026-04-26,FALSE,
D009155,Line B,Standard,LineB-STA-04155,2026-04-26,FALSE,
D009235,Line B,Standard,LineB-STA-04235,2026-04-26,FALSE,
D009362,Line B,Pro,LineB-PRO-00112,2026-04-26,FALSE,
D009376,Line B,Pro,LineB-PRO-00126,2026-04-26,FALSE,
D009389,Line B,Pro,LineB-PRO-00139,2026-04-26,FALSE,
D009458,Line B,Pro,LineB-PRO-00208,2026-04-26,FALSE,
D009551,Line B,Pro,LineB-PRO-00301,2026-04-26,FALSE,
D009765,Line B,Pro,LineB-PRO-00515,2026-04-26,FALSE,
D009808,Line B,Pro,LineB-PRO-00558,2026-04-26,TRUE,connector_seating
D009872,Line B,Pro,LineB-PRO-00622,2026-04-26,FALSE,
D009884,Line B,Pro,LineB-PRO-00634,2026-04-26,FALSE,
D009982,Line B,Pro,LineB-PRO-00732,2026-04-26,FALSE,
D009984,Line B,Pro,LineB-PRO-00734,2026-04-26,FALSE,
D000008,Line A,Standard,LineA-STA-00008,2026-04-27,FALSE,
D000032,Line A,Standard,LineA-STA-00032,2026-04-27,FALSE,
D000197,Line A,Standard,LineA-STA-00197,2026-04-27,FALSE,
D000206,Line A,Standard,LineA-STA-00206,2026-04-27,FALSE,
D000236,Line A,Standard,LineA-STA-00236,2026-04-27,FALSE,
D000432,Line A,Standard,LineA-STA-00432,2026-04-27,FALSE,
D000516,Line A,Standard,LineA-STA-00516,2026-04-27,FALSE,
D000593,Line A,Standard,LineA-STA-00593,2026-04-27,FALSE,
D000616,Line A,Standard,LineA-STA-00616,2026-04-27,FALSE,
D000628,Line A,Standard,LineA-STA-00628,2026-04-27,FALSE,
D000647,Line A,Standard,LineA-STA-00647,2026-04-27,FALSE,
D000792,Line A,Standard,LineA-STA-00792,2026-04-27,FALSE,
D000956,Line A,Standard,LineA-STA-00956,2026-04-27,FALSE,
D001037,Line A,Standard,LineA-STA-01037,2026-04-27,FALSE,
D001086,Line A,Standard,LineA-STA-01086,2026-04-27,TRUE,connector_seating
D001214,Line A,Standard,LineA-STA-01214,2026-04-27,FALSE,
D001225,Line A,Standard,LineA-STA-01225,2026-04-27,FALSE,
D001226,Line A,Standard,LineA-STA-01226,2026-04-27,FALSE,
D001412,Line A,Standard,LineA-STA-01412,2026-04-27,FALSE,
D001471,Line A,Standard,LineA-STA-01471,2026-04-27,FALSE,
D001610,Line A,Standard,LineA-STA-01610,2026-04-27,FALSE,
D001665,Line A,Standard,LineA-STA-01665,2026-04-27,FALSE,
D001915,Line A,Standard,LineA-STA-01915,2026-04-27,FALSE,
D001971,Line A,Standard,LineA-STA-01971,2026-04-27,FALSE,
D002002,Line A,Standard,LineA-STA-02002,2026-04-27,FALSE,
D002219,Line A,Standard,LineA-STA-02219,2026-04-27,FALSE,
D002408,Line A,Pro,LineA-PRO-00158,2026-04-27,FALSE,
D002720,Line A,Pro,LineA-PRO-00470,2026-04-27,TRUE,component_misalignment
D002752,Line A,Pro,LineA-PRO-00502,2026-04-27,FALSE,
D002765,Line A,Pro,LineA-PRO-00515,2026-04-27,FALSE,
D002920,Line A,Pro,LineA-PRO-00670,2026-04-27,FALSE,
D002944,Line A,Pro,LineA-PRO-00694,2026-04-27,FALSE,
D002954,Line A,Pro,LineA-PRO-00704,2026-04-27,FALSE,
D002996,Line A,Pro,LineA-PRO-00746,2026-04-27,FALSE,
D003160,Line A,Pro,LineA-PRO-00910,2026-04-27,FALSE,
D003312,Line A,Pro,LineA-PRO-01062,2026-04-27,FALSE,
D003337,Line A,Pro,LineA-PRO-01087,2026-04-27,FALSE,
D003605,Line A,Pro,LineA-PRO-01355,2026-04-27,FALSE,
D003639,Line A,Pro,LineA-PRO-01389,2026-04-27,FALSE,
D003692,Line A,Pro,LineA-PRO-01442,2026-04-27,FALSE,
D003813,Line A,Pro,LineA-PRO-01563,2026-04-27,FALSE,
D003916,Line A,Pro,LineA-PRO-01666,2026-04-27,FALSE,
D004042,Line A,Pro,LineA-PRO-01792,2026-04-27,FALSE,
D004109,Line A,Pro,LineA-PRO-01859,2026-04-27,FALSE,
D004249,Line A,Pro,LineA-PRO-01999,2026-04-27,FALSE,
D004345,Line A,Pro,LineA-PRO-02095,2026-04-27,FALSE,
D004405,Line A,Pro,LineA-PRO-02155,2026-04-27,TRUE,housing_crack
D004483,Line A,Pro,LineA-PRO-02233,2026-04-27,FALSE,
D004792,Line A,Pro,LineA-PRO-02542,2026-04-27,FALSE,
D004832,Line A,Pro,LineA-PRO-02582,2026-04-27,FALSE,
D004847,Line A,Pro,LineA-PRO-02597,2026-04-27,FALSE,
D004908,Line A,Pro,LineA-PRO-02658,2026-04-27,FALSE,
D005107,Line B,Standard,LineB-STA-00107,2026-04-27,FALSE,
D005134,Line B,Standard,LineB-STA-00134,2026-04-27,FALSE,
D005148,Line B,Standard,LineB-STA-00148,2026-04-27,FALSE,
D005226,Line B,Standard,LineB-STA-00226,2026-04-27,FALSE,
D005316,Line B,Standard,LineB-STA-00316,2026-04-27,TRUE,cosmetic_scratch
D005335,Line B,Standard,LineB-STA-00335,2026-04-27,FALSE,
D005446,Line B,Standard,LineB-STA-00446,2026-04-27,FALSE,
D005474,Line B,Standard,LineB-STA-00474,2026-04-27,FALSE,
D005531,Line B,Standard,LineB-STA-00531,2026-04-27,FALSE,
D005538,Line B,Standard,LineB-STA-00538,2026-04-27,FALSE,
D005613,Line B,Standard,LineB-STA-00613,2026-04-27,FALSE,
D005850,Line B,Standard,LineB-STA-00850,2026-04-27,FALSE,
D005857,Line B,Standard,LineB-STA-00857,2026-04-27,FALSE,
D005865,Line B,Standard,LineB-STA-00865,2026-04-27,FALSE,
D005965,Line B,Standard,LineB-STA-00965,2026-04-27,FALSE,
D006206,Line B,Standard,LineB-STA-01206,2026-04-27,FALSE,
D006247,Line B,Standard,LineB-STA-01247,2026-04-27,FALSE,
D006262,Line B,Standard,LineB-STA-01262,2026-04-27,FALSE,
D006384,Line B,Standard,LineB-STA-01384,2026-04-27,FALSE,
D006447,Line B,Standard,LineB-STA-01447,2026-04-27,FALSE,
D006534,Line B,Standard,LineB-STA-01534,2026-04-27,FALSE,
D006588,Line B,Standard,LineB-STA-01588,2026-04-27,FALSE,
D006685,Line B,Standard,LineB-STA-01685,2026-04-27,FALSE,
D006731,Line B,Standard,LineB-STA-01731,2026-04-27,FALSE,
D006906,Line B,Standard,LineB-STA-01906,2026-04-27,FALSE,
D006922,Line B,Standard,LineB-STA-01922,2026-04-27,FALSE,
D006938,Line B,Standard,LineB-STA-01938,2026-04-27,FALSE,
D006945,Line B,Standard,LineB-STA-01945,2026-04-27,FALSE,
D006956,Line B,Standard,LineB-STA-01956,2026-04-27,FALSE,
D006963,Line B,Standard,LineB-STA-01963,2026-04-27,FALSE,
D007009,Line B,Standard,LineB-STA-02009,2026-04-27,FALSE,
D007026,Line B,Standard,LineB-STA-02026,2026-04-27,FALSE,
D007235,Line B,Standard,LineB-STA-02235,2026-04-27,FALSE,
D007263,Line B,Standard,LineB-STA-02263,2026-04-27,FALSE,
D007406,Line B,Standard,LineB-STA-02406,2026-04-27,FALSE,
D007820,Line B,Standard,LineB-STA-02820,2026-04-27,FALSE,
D007822,Line B,Standard,LineB-STA-02822,2026-04-27,FALSE,
D007829,Line B,Standard,LineB-STA-02829,2026-04-27,FALSE,
D007856,Line B,Standard,LineB-STA-02856,2026-04-27,FALSE,
D007934,Line B,Standard,LineB-STA-02934,2026-04-27,FALSE,
D008051,Line B,Standard,LineB-STA-03051,2026-04-27,FALSE,
D008066,Line B,Standard,LineB-STA-03066,2026-04-27,FALSE,
D008104,Line B,Standard,LineB-STA-03104,2026-04-27,FALSE,
D008329,Line B,Standard,LineB-STA-03329,2026-04-27,FALSE,
D008522,Line B,Standard,LineB-STA-03522,2026-04-27,FALSE,
D008694,Line B,Standard,LineB-STA-03694,2026-04-27,FALSE,
D008738,Line B,Standard,LineB-STA-03738,2026-04-27,FALSE,
D008782,Line B,Standard,LineB-STA-03782,2026-04-27,FALSE,
D008788,Line B,Standard,LineB-STA-03788,2026-04-27,FALSE,
D008812,Line B,Standard,LineB-STA-03812,2026-04-27,FALSE,
D008860,Line B,Standard,LineB-STA-03860,2026-04-27,FALSE,
D008978,Line B,Standard,LineB-STA-03978,2026-04-27,FALSE,
D009032,Line B,Standard,LineB-STA-04032,2026-04-27,FALSE,
D009042,Line B,Standard,LineB-STA-04042,2026-04-27,FALSE,
D009061,Line B,Standard,LineB-STA-04061,2026-04-27,FALSE,
D009288,Line B,Pro,LineB-PRO-00038,2026-04-27,TRUE,firmware_flash_fail
D009318,Line B,Pro,LineB-PRO-00068,2026-04-27,FALSE,
D009475,Line B,Pro,LineB-PRO-00225,2026-04-27,FALSE,
D009743,Line B,Pro,LineB-PRO-00493,2026-04-27,FALSE,
D009750,Line B,Pro,LineB-PRO-00500,2026-04-27,TRUE,screen_dead_pixel
D009768,Line B,Pro,LineB-PRO-00518,2026-04-27,FALSE,
D009907,Line B,Pro,LineB-PRO-00657,2026-04-27,FALSE,
D009932,Line B,Pro,LineB-PRO-00682,2026-04-27,FALSE,
D009983,Line B,Pro,LineB-PRO-00733,2026-04-27,FALSE,
D009996,Line B,Pro,LineB-PRO-00746,2026-04-27,FALSE,
D000077,Line A,Standard,LineA-STA-00077,2026-04-28,FALSE,
D000261,Line A,Standard,LineA-STA-00261,2026-04-28,FALSE,
D000406,Line A,Standard,LineA-STA-00406,2026-04-28,FALSE,
D000454,Line A,Standard,LineA-STA-00454,2026-04-28,FALSE,
D000532,Line A,Standard,LineA-STA-00532,2026-04-28,FALSE,
D000614,Line A,Standard,LineA-STA-00614,2026-04-28,FALSE,
D000620,Line A,Standard,LineA-STA-00620,2026-04-28,FALSE,
D000703,Line A,Standard,LineA-STA-00703,2026-04-28,FALSE,
D000778,Line A,Standard,LineA-STA-00778,2026-04-28,FALSE,
D001085,Line A,Standard,LineA-STA-01085,2026-04-28,FALSE,
D001201,Line A,Standard,LineA-STA-01201,2026-04-28,FALSE,
D001287,Line A,Standard,LineA-STA-01287,2026-04-28,FALSE,
D001289,Line A,Standard,LineA-STA-01289,2026-04-28,FALSE,
D001340,Line A,Standard,LineA-STA-01340,2026-04-28,FALSE,
D001381,Line A,Standard,LineA-STA-01381,2026-04-28,FALSE,
D001387,Line A,Standard,LineA-STA-01387,2026-04-28,FALSE,
D001448,Line A,Standard,LineA-STA-01448,2026-04-28,FALSE,
D001679,Line A,Standard,LineA-STA-01679,2026-04-28,FALSE,
D001739,Line A,Standard,LineA-STA-01739,2026-04-28,FALSE,
D002067,Line A,Standard,LineA-STA-02067,2026-04-28,FALSE,
D002156,Line A,Standard,LineA-STA-02156,2026-04-28,FALSE,
D002214,Line A,Standard,LineA-STA-02214,2026-04-28,FALSE,
D002243,Line A,Standard,LineA-STA-02243,2026-04-28,FALSE,
D002263,Line A,Pro,LineA-PRO-00013,2026-04-28,FALSE,
D002490,Line A,Pro,LineA-PRO-00240,2026-04-28,FALSE,
D002539,Line A,Pro,LineA-PRO-00289,2026-04-28,FALSE,
D002636,Line A,Pro,LineA-PRO-00386,2026-04-28,FALSE,
D002683,Line A,Pro,LineA-PRO-00433,2026-04-28,FALSE,
D002808,Line A,Pro,LineA-PRO-00558,2026-04-28,FALSE,
D002845,Line A,Pro,LineA-PRO-00595,2026-04-28,FALSE,
D002879,Line A,Pro,LineA-PRO-00629,2026-04-28,FALSE,
D003148,Line A,Pro,LineA-PRO-00898,2026-04-28,FALSE,
D003360,Line A,Pro,LineA-PRO-01110,2026-04-28,FALSE,
D003367,Line A,Pro,LineA-PRO-01117,2026-04-28,FALSE,
D003382,Line A,Pro,LineA-PRO-01132,2026-04-28,FALSE,
D003621,Line A,Pro,LineA-PRO-01371,2026-04-28,FALSE,
D003667,Line A,Pro,LineA-PRO-01417,2026-04-28,FALSE,
D003759,Line A,Pro,LineA-PRO-01509,2026-04-28,FALSE,
D003763,Line A,Pro,LineA-PRO-01513,2026-04-28,FALSE,
D003918,Line A,Pro,LineA-PRO-01668,2026-04-28,FALSE,
D003946,Line A,Pro,LineA-PRO-01696,2026-04-28,FALSE,
D004092,Line A,Pro,LineA-PRO-01842,2026-04-28,FALSE,
D004209,Line A,Pro,LineA-PRO-01959,2026-04-28,FALSE,
D004503,Line A,Pro,LineA-PRO-02253,2026-04-28,FALSE,
D004570,Line A,Pro,LineA-PRO-02320,2026-04-28,FALSE,
D004601,Line A,Pro,LineA-PRO-02351,2026-04-28,FALSE,
D004633,Line A,Pro,LineA-PRO-02383,2026-04-28,FALSE,
D004817,Line A,Pro,LineA-PRO-02567,2026-04-28,FALSE,
D005219,Line B,Standard,LineB-STA-00219,2026-04-28,FALSE,
D005288,Line B,Standard,LineB-STA-00288,2026-04-28,FALSE,
D005348,Line B,Standard,LineB-STA-00348,2026-04-28,FALSE,
D005594,Line B,Standard,LineB-STA-00594,2026-04-28,FALSE,
D005617,Line B,Standard,LineB-STA-00617,2026-04-28,FALSE,
D005652,Line B,Standard,LineB-STA-00652,2026-04-28,FALSE,
D005801,Line B,Standard,LineB-STA-00801,2026-04-28,FALSE,
D005867,Line B,Standard,LineB-STA-00867,2026-04-28,FALSE,
D005982,Line B,Standard,LineB-STA-00982,2026-04-28,FALSE,
D006025,Line B,Standard,LineB-STA-01025,2026-04-28,FALSE,
D006189,Line B,Standard,LineB-STA-01189,2026-04-28,FALSE,
D006294,Line B,Standard,LineB-STA-01294,2026-04-28,FALSE,
D006295,Line B,Standard,LineB-STA-01295,2026-04-28,FALSE,
D006305,Line B,Standard,LineB-STA-01305,2026-04-28,FALSE,
D006497,Line B,Standard,LineB-STA-01497,2026-04-28,FALSE,
D006610,Line B,Standard,LineB-STA-01610,2026-04-28,FALSE,
D006674,Line B,Standard,LineB-STA-01674,2026-04-28,FALSE,
D006744,Line B,Standard,LineB-STA-01744,2026-04-28,FALSE,
D006810,Line B,Standard,LineB-STA-01810,2026-04-28,FALSE,
D006929,Line B,Standard,LineB-STA-01929,2026-04-28,FALSE,
D007136,Line B,Standard,LineB-STA-02136,2026-04-28,FALSE,
D007380,Line B,Standard,LineB-STA-02380,2026-04-28,FALSE,
D007494,Line B,Standard,LineB-STA-02494,2026-04-28,FALSE,
D007584,Line B,Standard,LineB-STA-02584,2026-04-28,FALSE,
D007687,Line B,Standard,LineB-STA-02687,2026-04-28,FALSE,
D007813,Line B,Standard,LineB-STA-02813,2026-04-28,FALSE,
D008068,Line B,Standard,LineB-STA-03068,2026-04-28,FALSE,
D008080,Line B,Standard,LineB-STA-03080,2026-04-28,FALSE,
D008092,Line B,Standard,LineB-STA-03092,2026-04-28,FALSE,
D008141,Line B,Standard,LineB-STA-03141,2026-04-28,FALSE,
D008377,Line B,Standard,LineB-STA-03377,2026-04-28,FALSE,
D008454,Line B,Standard,LineB-STA-03454,2026-04-28,FALSE,
D008492,Line B,Standard,LineB-STA-03492,2026-04-28,FALSE,
D008751,Line B,Standard,LineB-STA-03751,2026-04-28,FALSE,
D008793,Line B,Standard,LineB-STA-03793,2026-04-28,FALSE,
D008804,Line B,Standard,LineB-STA-03804,2026-04-28,FALSE,
D008809,Line B,Standard,LineB-STA-03809,2026-04-28,FALSE,
D008844,Line B,Standard,LineB-STA-03844,2026-04-28,FALSE,
D008884,Line B,Standard,LineB-STA-03884,2026-04-28,FALSE,
D009116,Line B,Standard,LineB-STA-04116,2026-04-28,FALSE,
D009377,Line B,Pro,LineB-PRO-00127,2026-04-28,FALSE,
D009445,Line B,Pro,LineB-PRO-00195,2026-04-28,FALSE,
D009536,Line B,Pro,LineB-PRO-00286,2026-04-28,FALSE,
D009626,Line B,Pro,LineB-PRO-00376,2026-04-28,FALSE,
D009676,Line B,Pro,LineB-PRO-00426,2026-04-28,FALSE,
D009693,Line B,Pro,LineB-PRO-00443,2026-04-28,FALSE,
D009737,Line B,Pro,LineB-PRO-00487,2026-04-28,FALSE,
D009918,Line B,Pro,LineB-PRO-00668,2026-04-28,FALSE,
D009919,Line B,Pro,LineB-PRO-00669,2026-04-28,FALSE,
D009952,Line B,Pro,LineB-PRO-00702,2026-04-28,FALSE,
D010019,Line B,Pro,LineB-PRO-00769,2026-04-28,TRUE,cosmetic_scratch
D000232,Line A,Standard,LineA-STA-00232,2026-04-29,FALSE,
D000276,Line A,Standard,LineA-STA-00276,2026-04-29,FALSE,
D000393,Line A,Standard,LineA-STA-00393,2026-04-29,FALSE,
D000394,Line A,Standard,LineA-STA-00394,2026-04-29,FALSE,
D000492,Line A,Standard,LineA-STA-00492,2026-04-29,FALSE,
D000549,Line A,Standard,LineA-STA-00549,2026-04-29,FALSE,
D000578,Line A,Standard,LineA-STA-00578,2026-04-29,FALSE,
D000653,Line A,Standard,LineA-STA-00653,2026-04-29,FALSE,
D000751,Line A,Standard,LineA-STA-00751,2026-04-29,FALSE,
D001008,Line A,Standard,LineA-STA-01008,2026-04-29,FALSE,
D001014,Line A,Standard,LineA-STA-01014,2026-04-29,FALSE,
D001178,Line A,Standard,LineA-STA-01178,2026-04-29,FALSE,
D001182,Line A,Standard,LineA-STA-01182,2026-04-29,FALSE,
D001345,Line A,Standard,LineA-STA-01345,2026-04-29,FALSE,
D001553,Line A,Standard,LineA-STA-01553,2026-04-29,FALSE,
D001567,Line A,Standard,LineA-STA-01567,2026-04-29,FALSE,
D001704,Line A,Standard,LineA-STA-01704,2026-04-29,FALSE,
D001784,Line A,Standard,LineA-STA-01784,2026-04-29,FALSE,
D001801,Line A,Standard,LineA-STA-01801,2026-04-29,FALSE,
D001832,Line A,Standard,LineA-STA-01832,2026-04-29,FALSE,
D001875,Line A,Standard,LineA-STA-01875,2026-04-29,FALSE,
D001895,Line A,Standard,LineA-STA-01895,2026-04-29,FALSE,
D001938,Line A,Standard,LineA-STA-01938,2026-04-29,FALSE,
D002028,Line A,Standard,LineA-STA-02028,2026-04-29,FALSE,
D002215,Line A,Standard,LineA-STA-02215,2026-04-29,FALSE,
D002217,Line A,Standard,LineA-STA-02217,2026-04-29,FALSE,
D002231,Line A,Standard,LineA-STA-02231,2026-04-29,FALSE,
D002302,Line A,Pro,LineA-PRO-00052,2026-04-29,TRUE,component_misalignment
D002479,Line A,Pro,LineA-PRO-00229,2026-04-29,FALSE,
D002575,Line A,Pro,LineA-PRO-00325,2026-04-29,FALSE,
D002671,Line A,Pro,LineA-PRO-00421,2026-04-29,FALSE,
D002748,Line A,Pro,LineA-PRO-00498,2026-04-29,FALSE,
D002800,Line A,Pro,LineA-PRO-00550,2026-04-29,FALSE,
D002856,Line A,Pro,LineA-PRO-00606,2026-04-29,FALSE,
D002955,Line A,Pro,LineA-PRO-00705,2026-04-29,FALSE,
D003114,Line A,Pro,LineA-PRO-00864,2026-04-29,FALSE,
D003189,Line A,Pro,LineA-PRO-00939,2026-04-29,FALSE,
D003306,Line A,Pro,LineA-PRO-01056,2026-04-29,FALSE,
D003410,Line A,Pro,LineA-PRO-01160,2026-04-29,FALSE,
D003627,Line A,Pro,LineA-PRO-01377,2026-04-29,FALSE,
D003879,Line A,Pro,LineA-PRO-01629,2026-04-29,FALSE,
D003908,Line A,Pro,LineA-PRO-01658,2026-04-29,TRUE,firmware_flash_fail
D004149,Line A,Pro,LineA-PRO-01899,2026-04-29,FALSE,
D004328,Line A,Pro,LineA-PRO-02078,2026-04-29,FALSE,
D004378,Line A,Pro,LineA-PRO-02128,2026-04-29,FALSE,
D004898,Line A,Pro,LineA-PRO-02648,2026-04-29,FALSE,
D004965,Line A,Pro,LineA-PRO-02715,2026-04-29,FALSE,
D004978,Line A,Pro,LineA-PRO-02728,2026-04-29,FALSE,
D005123,Line B,Standard,LineB-STA-00123,2026-04-29,FALSE,
D005171,Line B,Standard,LineB-STA-00171,2026-04-29,FALSE,
D005204,Line B,Standard,LineB-STA-00204,2026-04-29,FALSE,
D005258,Line B,Standard,LineB-STA-00258,2026-04-29,FALSE,
D005305,Line B,Standard,LineB-STA-00305,2026-04-29,FALSE,
D005312,Line B,Standard,LineB-STA-00312,2026-04-29,FALSE,
D005409,Line B,Standard,LineB-STA-00409,2026-04-29,FALSE,
D005427,Line B,Standard,LineB-STA-00427,2026-04-29,FALSE,
D005571,Line B,Standard,LineB-STA-00571,2026-04-29,FALSE,
D005822,Line B,Standard,LineB-STA-00822,2026-04-29,FALSE,
D006007,Line B,Standard,LineB-STA-01007,2026-04-29,FALSE,
D006218,Line B,Standard,LineB-STA-01218,2026-04-29,FALSE,
D006219,Line B,Standard,LineB-STA-01219,2026-04-29,FALSE,
D006223,Line B,Standard,LineB-STA-01223,2026-04-29,FALSE,
D006319,Line B,Standard,LineB-STA-01319,2026-04-29,FALSE,
D006346,Line B,Standard,LineB-STA-01346,2026-04-29,FALSE,
D006472,Line B,Standard,LineB-STA-01472,2026-04-29,FALSE,
D006532,Line B,Standard,LineB-STA-01532,2026-04-29,FALSE,
D006535,Line B,Standard,LineB-STA-01535,2026-04-29,FALSE,
D006887,Line B,Standard,LineB-STA-01887,2026-04-29,FALSE,
D007052,Line B,Standard,LineB-STA-02052,2026-04-29,FALSE,
D007081,Line B,Standard,LineB-STA-02081,2026-04-29,FALSE,
D007085,Line B,Standard,LineB-STA-02085,2026-04-29,FALSE,
D007094,Line B,Standard,LineB-STA-02094,2026-04-29,FALSE,
D007186,Line B,Standard,LineB-STA-02186,2026-04-29,FALSE,
D007212,Line B,Standard,LineB-STA-02212,2026-04-29,FALSE,
D007255,Line B,Standard,LineB-STA-02255,2026-04-29,FALSE,
D007302,Line B,Standard,LineB-STA-02302,2026-04-29,FALSE,
D007335,Line B,Standard,LineB-STA-02335,2026-04-29,FALSE,
D007478,Line B,Standard,LineB-STA-02478,2026-04-29,FALSE,
D007489,Line B,Standard,LineB-STA-02489,2026-04-29,FALSE,
D007491,Line B,Standard,LineB-STA-02491,2026-04-29,FALSE,
D007548,Line B,Standard,LineB-STA-02548,2026-04-29,TRUE,screen_dead_pixel
D007817,Line B,Standard,LineB-STA-02817,2026-04-29,FALSE,
D007880,Line B,Standard,LineB-STA-02880,2026-04-29,FALSE,
D007954,Line B,Standard,LineB-STA-02954,2026-04-29,FALSE,
D007998,Line B,Standard,LineB-STA-02998,2026-04-29,FALSE,
D008028,Line B,Standard,LineB-STA-03028,2026-04-29,FALSE,
D008570,Line B,Standard,LineB-STA-03570,2026-04-29,FALSE,
D008709,Line B,Standard,LineB-STA-03709,2026-04-29,FALSE,
D008713,Line B,Standard,LineB-STA-03713,2026-04-29,FALSE,
D009008,Line B,Standard,LineB-STA-04008,2026-04-29,FALSE,
D009014,Line B,Standard,LineB-STA-04014,2026-04-29,FALSE,
D009167,Line B,Standard,LineB-STA-04167,2026-04-29,FALSE,
D009269,Line B,Pro,LineB-PRO-00019,2026-04-29,FALSE,
D009410,Line B,Pro,LineB-PRO-00160,2026-04-29,FALSE,
D009424,Line B,Pro,LineB-PRO-00174,2026-04-29,FALSE,
D009806,Line B,Pro,LineB-PRO-00556,2026-04-29,FALSE,
D009814,Line B,Pro,LineB-PRO-00564,2026-04-29,FALSE,
D009917,Line B,Pro,LineB-PRO-00667,2026-04-29,FALSE,
D009991,Line B,Pro,LineB-PRO-00741,2026-04-29,FALSE,
D000173,Line A,Standard,LineA-STA-00173,2026-04-30,FALSE,
D000303,Line A,Standard,LineA-STA-00303,2026-04-30,FALSE,
D000502,Line A,Standard,LineA-STA-00502,2026-04-30,FALSE,
D000530,Line A,Standard,LineA-STA-00530,2026-04-30,FALSE,
D000537,Line A,Standard,LineA-STA-00537,2026-04-30,FALSE,
D000665,Line A,Standard,LineA-STA-00665,2026-04-30,FALSE,
D000698,Line A,Standard,LineA-STA-00698,2026-04-30,FALSE,
D000777,Line A,Standard,LineA-STA-00777,2026-04-30,FALSE,
D000815,Line A,Standard,LineA-STA-00815,2026-04-30,FALSE,
D000827,Line A,Standard,LineA-STA-00827,2026-04-30,FALSE,
D001067,Line A,Standard,LineA-STA-01067,2026-04-30,FALSE,
D001333,Line A,Standard,LineA-STA-01333,2026-04-30,FALSE,
D001359,Line A,Standard,LineA-STA-01359,2026-04-30,FALSE,
D001539,Line A,Standard,LineA-STA-01539,2026-04-30,FALSE,
D001598,Line A,Standard,LineA-STA-01598,2026-04-30,FALSE,
D001620,Line A,Standard,LineA-STA-01620,2026-04-30,FALSE,
D001649,Line A,Standard,LineA-STA-01649,2026-04-30,FALSE,
D001792,Line A,Standard,LineA-STA-01792,2026-04-30,FALSE,
D001830,Line A,Standard,LineA-STA-01830,2026-04-30,FALSE,
D002040,Line A,Standard,LineA-STA-02040,2026-04-30,FALSE,
D002144,Line A,Standard,LineA-STA-02144,2026-04-30,FALSE,
D002423,Line A,Pro,LineA-PRO-00173,2026-04-30,FALSE,
D002643,Line A,Pro,LineA-PRO-00393,2026-04-30,FALSE,
D002791,Line A,Pro,LineA-PRO-00541,2026-04-30,FALSE,
D002794,Line A,Pro,LineA-PRO-00544,2026-04-30,FALSE,
D002840,Line A,Pro,LineA-PRO-00590,2026-04-30,FALSE,
D003014,Line A,Pro,LineA-PRO-00764,2026-04-30,FALSE,
D003034,Line A,Pro,LineA-PRO-00784,2026-04-30,FALSE,
D003309,Line A,Pro,LineA-PRO-01059,2026-04-30,FALSE,
D003384,Line A,Pro,LineA-PRO-01134,2026-04-30,FALSE,
D003443,Line A,Pro,LineA-PRO-01193,2026-04-30,FALSE,
D003467,Line A,Pro,LineA-PRO-01217,2026-04-30,FALSE,
D003885,Line A,Pro,LineA-PRO-01635,2026-04-30,FALSE,
D004020,Line A,Pro,LineA-PRO-01770,2026-04-30,FALSE,
D004298,Line A,Pro,LineA-PRO-02048,2026-04-30,FALSE,
D004326,Line A,Pro,LineA-PRO-02076,2026-04-30,FALSE,
D004375,Line A,Pro,LineA-PRO-02125,2026-04-30,FALSE,
D004437,Line A,Pro,LineA-PRO-02187,2026-04-30,FALSE,
D004542,Line A,Pro,LineA-PRO-02292,2026-04-30,FALSE,
D004665,Line A,Pro,LineA-PRO-02415,2026-04-30,FALSE,
D004774,Line A,Pro,LineA-PRO-02524,2026-04-30,FALSE,
D004899,Line A,Pro,LineA-PRO-02649,2026-04-30,FALSE,
D004935,Line A,Pro,LineA-PRO-02685,2026-04-30,FALSE,
D005001,Line B,Standard,LineB-STA-00001,2026-04-30,FALSE,
D005089,Line B,Standard,LineB-STA-00089,2026-04-30,FALSE,
D005129,Line B,Standard,LineB-STA-00129,2026-04-30,FALSE,
D005245,Line B,Standard,LineB-STA-00245,2026-04-30,FALSE,
D005342,Line B,Standard,LineB-STA-00342,2026-04-30,FALSE,
D005364,Line B,Standard,LineB-STA-00364,2026-04-30,FALSE,
D005431,Line B,Standard,LineB-STA-00431,2026-04-30,FALSE,
D005457,Line B,Standard,LineB-STA-00457,2026-04-30,FALSE,
D005616,Line B,Standard,LineB-STA-00616,2026-04-30,FALSE,
D005926,Line B,Standard,LineB-STA-00926,2026-04-30,FALSE,
D006020,Line B,Standard,LineB-STA-01020,2026-04-30,FALSE,
D006495,Line B,Standard,LineB-STA-01495,2026-04-30,FALSE,
D006547,Line B,Standard,LineB-STA-01547,2026-04-30,FALSE,
D006572,Line B,Standard,LineB-STA-01572,2026-04-30,FALSE,
D006589,Line B,Standard,LineB-STA-01589,2026-04-30,FALSE,
D006673,Line B,Standard,LineB-STA-01673,2026-04-30,FALSE,
D006814,Line B,Standard,LineB-STA-01814,2026-04-30,FALSE,
D006920,Line B,Standard,LineB-STA-01920,2026-04-30,FALSE,
D006928,Line B,Standard,LineB-STA-01928,2026-04-30,FALSE,
D006984,Line B,Standard,LineB-STA-01984,2026-04-30,FALSE,
D007167,Line B,Standard,LineB-STA-02167,2026-04-30,FALSE,
D007200,Line B,Standard,LineB-STA-02200,2026-04-30,FALSE,
D007278,Line B,Standard,LineB-STA-02278,2026-04-30,FALSE,
D007419,Line B,Standard,LineB-STA-02419,2026-04-30,FALSE,
D007543,Line B,Standard,LineB-STA-02543,2026-04-30,FALSE,
D007593,Line B,Standard,LineB-STA-02593,2026-04-30,FALSE,
D007650,Line B,Standard,LineB-STA-02650,2026-04-30,FALSE,
D007839,Line B,Standard,LineB-STA-02839,2026-04-30,FALSE,
D007916,Line B,Standard,LineB-STA-02916,2026-04-30,FALSE,
D007989,Line B,Standard,LineB-STA-02989,2026-04-30,FALSE,
D008046,Line B,Standard,LineB-STA-03046,2026-04-30,FALSE,
D008328,Line B,Standard,LineB-STA-03328,2026-04-30,FALSE,
D008368,Line B,Standard,LineB-STA-03368,2026-04-30,FALSE,
D008423,Line B,Standard,LineB-STA-03423,2026-04-30,FALSE,
D008469,Line B,Standard,LineB-STA-03469,2026-04-30,FALSE,
D008525,Line B,Standard,LineB-STA-03525,2026-04-30,FALSE,
D008540,Line B,Standard,LineB-STA-03540,2026-04-30,FALSE,
D008699,Line B,Standard,LineB-STA-03699,2026-04-30,FALSE,
D008714,Line B,Standard,LineB-STA-03714,2026-04-30,FALSE,
D008739,Line B,Standard,LineB-STA-03739,2026-04-30,FALSE,
D008801,Line B,Standard,LineB-STA-03801,2026-04-30,FALSE,
D008919,Line B,Standard,LineB-STA-03919,2026-04-30,FALSE,
D008995,Line B,Standard,LineB-STA-03995,2026-04-30,FALSE,
D009172,Line B,Standard,LineB-STA-04172,2026-04-30,FALSE,
D009234,Line B,Standard,LineB-STA-04234,2026-04-30,FALSE,
D009407,Line B,Pro,LineB-PRO-00157,2026-04-30,FALSE,
D009416,Line B,Pro,LineB-PRO-00166,2026-04-30,FALSE,
D009628,Line B,Pro,LineB-PRO-00378,2026-04-30,FALSE,
D009730,Line B,Pro,LineB-PRO-00480,2026-04-30,FALSE,
D009895,Line B,Pro,LineB-PRO-00645,2026-04-30,FALSE,
D009904,Line B,Pro,LineB-PRO-00654,2026-04-30,FALSE,
D009959,Line B,Pro,LineB-PRO-00709,2026-04-30,FALSE,
D009979,Line B,Pro,LineB-PRO-00729,2026-04-30,FALSE,
D000046,Line A,Standard,LineA-STA-00046,2026-05-01,FALSE,
D000076,Line A,Standard,LineA-STA-00076,2026-05-01,FALSE,
D000272,Line A,Standard,LineA-STA-00272,2026-05-01,FALSE,
D000363,Line A,Standard,LineA-STA-00363,2026-05-01,FALSE,
D000375,Line A,Standard,LineA-STA-00375,2026-05-01,FALSE,
D000515,Line A,Standard,LineA-STA-00515,2026-05-01,FALSE,
D000544,Line A,Standard,LineA-STA-00544,2026-05-01,FALSE,
D000577,Line A,Standard,LineA-STA-00577,2026-05-01,FALSE,
D000630,Line A,Standard,LineA-STA-00630,2026-05-01,FALSE,
D000736,Line A,Standard,LineA-STA-00736,2026-05-01,FALSE,
D000800,Line A,Standard,LineA-STA-00800,2026-05-01,FALSE,
D000965,Line A,Standard,LineA-STA-00965,2026-05-01,FALSE,
D001125,Line A,Standard,LineA-STA-01125,2026-05-01,FALSE,
D001213,Line A,Standard,LineA-STA-01213,2026-05-01,FALSE,
D001421,Line A,Standard,LineA-STA-01421,2026-05-01,FALSE,
D001425,Line A,Standard,LineA-STA-01425,2026-05-01,FALSE,
D001484,Line A,Standard,LineA-STA-01484,2026-05-01,FALSE,
D001612,Line A,Standard,LineA-STA-01612,2026-05-01,FALSE,
D001639,Line A,Standard,LineA-STA-01639,2026-05-01,FALSE,
D001797,Line A,Standard,LineA-STA-01797,2026-05-01,FALSE,
D001807,Line A,Standard,LineA-STA-01807,2026-05-01,FALSE,
D001902,Line A,Standard,LineA-STA-01902,2026-05-01,FALSE,
D001981,Line A,Standard,LineA-STA-01981,2026-05-01,FALSE,
D002050,Line A,Standard,LineA-STA-02050,2026-05-01,FALSE,
D002131,Line A,Standard,LineA-STA-02131,2026-05-01,FALSE,
D002193,Line A,Standard,LineA-STA-02193,2026-05-01,FALSE,
D002251,Line A,Pro,LineA-PRO-00001,2026-05-01,FALSE,
D002308,Line A,Pro,LineA-PRO-00058,2026-05-01,FALSE,
D002395,Line A,Pro,LineA-PRO-00145,2026-05-01,FALSE,
D002405,Line A,Pro,LineA-PRO-00155,2026-05-01,TRUE,screen_dead_pixel
D002457,Line A,Pro,LineA-PRO-00207,2026-05-01,FALSE,
D002621,Line A,Pro,LineA-PRO-00371,2026-05-01,FALSE,
D002726,Line A,Pro,LineA-PRO-00476,2026-05-01,FALSE,
D002739,Line A,Pro,LineA-PRO-00489,2026-05-01,FALSE,
D002782,Line A,Pro,LineA-PRO-00532,2026-05-01,FALSE,
D002796,Line A,Pro,LineA-PRO-00546,2026-05-01,FALSE,
D002873,Line A,Pro,LineA-PRO-00623,2026-05-01,FALSE,
D002883,Line A,Pro,LineA-PRO-00633,2026-05-01,FALSE,
D002947,Line A,Pro,LineA-PRO-00697,2026-05-01,FALSE,
D003053,Line A,Pro,LineA-PRO-00803,2026-05-01,FALSE,
D003352,Line A,Pro,LineA-PRO-01102,2026-05-01,FALSE,
D003568,Line A,Pro,LineA-PRO-01318,2026-05-01,FALSE,
D003683,Line A,Pro,LineA-PRO-01433,2026-05-01,FALSE,
D003701,Line A,Pro,LineA-PRO-01451,2026-05-01,FALSE,
D003703,Line A,Pro,LineA-PRO-01453,2026-05-01,FALSE,
D003739,Line A,Pro,LineA-PRO-01489,2026-05-01,FALSE,
D003750,Line A,Pro,LineA-PRO-01500,2026-05-01,FALSE,
D003757,Line A,Pro,LineA-PRO-01507,2026-05-01,FALSE,
D003793,Line A,Pro,LineA-PRO-01543,2026-05-01,FALSE,
D003803,Line A,Pro,LineA-PRO-01553,2026-05-01,FALSE,
D003811,Line A,Pro,LineA-PRO-01561,2026-05-01,FALSE,
D003929,Line A,Pro,LineA-PRO-01679,2026-05-01,FALSE,
D003958,Line A,Pro,LineA-PRO-01708,2026-05-01,FALSE,
D004105,Line A,Pro,LineA-PRO-01855,2026-05-01,FALSE,
D004254,Line A,Pro,LineA-PRO-02004,2026-05-01,FALSE,
D004360,Line A,Pro,LineA-PRO-02110,2026-05-01,TRUE,firmware_flash_fail
D004516,Line A,Pro,LineA-PRO-02266,2026-05-01,FALSE,
D004757,Line A,Pro,LineA-PRO-02507,2026-05-01,FALSE,
D004760,Line A,Pro,LineA-PRO-02510,2026-05-01,FALSE,
D005050,Line B,Standard,LineB-STA-00050,2026-05-01,TRUE,connector_seating
D005237,Line B,Standard,LineB-STA-00237,2026-05-01,FALSE,
D005283,Line B,Standard,LineB-STA-00283,2026-05-01,FALSE,
D005481,Line B,Standard,LineB-STA-00481,2026-05-01,FALSE,
D005638,Line B,Standard,LineB-STA-00638,2026-05-01,FALSE,
D005964,Line B,Standard,LineB-STA-00964,2026-05-01,FALSE,
D006009,Line B,Standard,LineB-STA-01009,2026-05-01,FALSE,
D006285,Line B,Standard,LineB-STA-01285,2026-05-01,FALSE,
D006375,Line B,Standard,LineB-STA-01375,2026-05-01,FALSE,
D006392,Line B,Standard,LineB-STA-01392,2026-05-01,TRUE,component_misalignment
D007123,Line B,Standard,LineB-STA-02123,2026-05-01,FALSE,
D007309,Line B,Standard,LineB-STA-02309,2026-05-01,FALSE,
D007359,Line B,Standard,LineB-STA-02359,2026-05-01,FALSE,
D007522,Line B,Standard,LineB-STA-02522,2026-05-01,FALSE,
D007734,Line B,Standard,LineB-STA-02734,2026-05-01,FALSE,
D007834,Line B,Standard,LineB-STA-02834,2026-05-01,FALSE,
D007923,Line B,Standard,LineB-STA-02923,2026-05-01,FALSE,
D008015,Line B,Standard,LineB-STA-03015,2026-05-01,FALSE,
D008235,Line B,Standard,LineB-STA-03235,2026-05-01,FALSE,
D008299,Line B,Standard,LineB-STA-03299,2026-05-01,FALSE,
D008381,Line B,Standard,LineB-STA-03381,2026-05-01,FALSE,
D008489,Line B,Standard,LineB-STA-03489,2026-05-01,FALSE,
D008544,Line B,Standard,LineB-STA-03544,2026-05-01,FALSE,
D008673,Line B,Standard,LineB-STA-03673,2026-05-01,FALSE,
D008700,Line B,Standard,LineB-STA-03700,2026-05-01,FALSE,
D008870,Line B,Standard,LineB-STA-03870,2026-05-01,FALSE,
D008909,Line B,Standard,LineB-STA-03909,2026-05-01,FALSE,
D009029,Line B,Standard,LineB-STA-04029,2026-05-01,FALSE,
D009107,Line B,Standard,LineB-STA-04107,2026-05-01,FALSE,
D009284,Line B,Pro,LineB-PRO-00034,2026-05-01,FALSE,
D009306,Line B,Pro,LineB-PRO-00056,2026-05-01,FALSE,
D009357,Line B,Pro,LineB-PRO-00107,2026-05-01,FALSE,
D009426,Line B,Pro,LineB-PRO-00176,2026-05-01,FALSE,
D009451,Line B,Pro,LineB-PRO-00201,2026-05-01,FALSE,
D009489,Line B,Pro,LineB-PRO-00239,2026-05-01,FALSE,
D009680,Line B,Pro,LineB-PRO-00430,2026-05-01,FALSE,
D009690,Line B,Pro,LineB-PRO-00440,2026-05-01,FALSE,
D009818,Line B,Pro,LineB-PRO-00568,2026-05-01,FALSE,
D009840,Line B,Pro,LineB-PRO-00590,2026-05-01,FALSE,
D009891,Line B,Pro,LineB-PRO-00641,2026-05-01,FALSE,
D009935,Line B,Pro,LineB-PRO-00685,2026-05-01,FALSE,
D009943,Line B,Pro,LineB-PRO-00693,2026-05-01,TRUE,solder_joint
D000019,Line A,Standard,LineA-STA-00019,2026-05-02,FALSE,
D000051,Line A,Standard,LineA-STA-00051,2026-05-02,FALSE,
D000059,Line A,Standard,LineA-STA-00059,2026-05-02,FALSE,
D000184,Line A,Standard,LineA-STA-00184,2026-05-02,FALSE,
D000228,Line A,Standard,LineA-STA-00228,2026-05-02,FALSE,
D000273,Line A,Standard,LineA-STA-00273,2026-05-02,TRUE,solder_joint
D000359,Line A,Standard,LineA-STA-00359,2026-05-02,FALSE,
D000407,Line A,Standard,LineA-STA-00407,2026-05-02,FALSE,
D000503,Line A,Standard,LineA-STA-00503,2026-05-02,FALSE,
D000526,Line A,Standard,LineA-STA-00526,2026-05-02,FALSE,
D000591,Line A,Standard,LineA-STA-00591,2026-05-02,FALSE,
D000624,Line A,Standard,LineA-STA-00624,2026-05-02,FALSE,
D000668,Line A,Standard,LineA-STA-00668,2026-05-02,FALSE,
D000749,Line A,Standard,LineA-STA-00749,2026-05-02,FALSE,
D000840,Line A,Standard,LineA-STA-00840,2026-05-02,FALSE,
D000880,Line A,Standard,LineA-STA-00880,2026-05-02,FALSE,
D000903,Line A,Standard,LineA-STA-00903,2026-05-02,FALSE,
D000939,Line A,Standard,LineA-STA-00939,2026-05-02,FALSE,
D000990,Line A,Standard,LineA-STA-00990,2026-05-02,FALSE,
D001058,Line A,Standard,LineA-STA-01058,2026-05-02,FALSE,
D001205,Line A,Standard,LineA-STA-01205,2026-05-02,FALSE,
D001252,Line A,Standard,LineA-STA-01252,2026-05-02,FALSE,
D001255,Line A,Standard,LineA-STA-01255,2026-05-02,FALSE,
D001398,Line A,Standard,LineA-STA-01398,2026-05-02,FALSE,
D001402,Line A,Standard,LineA-STA-01402,2026-05-02,FALSE,
D001486,Line A,Standard,LineA-STA-01486,2026-05-02,FALSE,
D001544,Line A,Standard,LineA-STA-01544,2026-05-02,FALSE,
D001555,Line A,Standard,LineA-STA-01555,2026-05-02,FALSE,
D001586,Line A,Standard,LineA-STA-01586,2026-05-02,FALSE,
D001593,Line A,Standard,LineA-STA-01593,2026-05-02,FALSE,
D001683,Line A,Standard,LineA-STA-01683,2026-05-02,FALSE,
D001696,Line A,Standard,LineA-STA-01696,2026-05-02,FALSE,
D001749,Line A,Standard,LineA-STA-01749,2026-05-02,FALSE,
D001765,Line A,Standard,LineA-STA-01765,2026-05-02,FALSE,
D001795,Line A,Standard,LineA-STA-01795,2026-05-02,FALSE,
D001916,Line A,Standard,LineA-STA-01916,2026-05-02,FALSE,
D002177,Line A,Standard,LineA-STA-02177,2026-05-02,FALSE,
D002333,Line A,Pro,LineA-PRO-00083,2026-05-02,FALSE,
D002653,Line A,Pro,LineA-PRO-00403,2026-05-02,FALSE,
D002696,Line A,Pro,LineA-PRO-00446,2026-05-02,FALSE,
D002851,Line A,Pro,LineA-PRO-00601,2026-05-02,FALSE,
D002852,Line A,Pro,LineA-PRO-00602,2026-05-02,FALSE,
D003205,Line A,Pro,LineA-PRO-00955,2026-05-02,FALSE,
D003566,Line A,Pro,LineA-PRO-01316,2026-05-02,FALSE,
D003567,Line A,Pro,LineA-PRO-01317,2026-05-02,FALSE,
D003708,Line A,Pro,LineA-PRO-01458,2026-05-02,FALSE,
D003780,Line A,Pro,LineA-PRO-01530,2026-05-02,FALSE,
D003856,Line A,Pro,LineA-PRO-01606,2026-05-02,FALSE,
D003932,Line A,Pro,LineA-PRO-01682,2026-05-02,FALSE,
D004057,Line A,Pro,LineA-PRO-01807,2026-05-02,FALSE,
D004168,Line A,Pro,LineA-PRO-01918,2026-05-02,FALSE,
D004274,Line A,Pro,LineA-PRO-02024,2026-05-02,FALSE,
D004422,Line A,Pro,LineA-PRO-02172,2026-05-02,FALSE,
D004552,Line A,Pro,LineA-PRO-02302,2026-05-02,FALSE,
D004703,Line A,Pro,LineA-PRO-02453,2026-05-02,FALSE,
D004781,Line A,Pro,LineA-PRO-02531,2026-05-02,FALSE,
D004797,Line A,Pro,LineA-PRO-02547,2026-05-02,TRUE,battery_swell
D004843,Line A,Pro,LineA-PRO-02593,2026-05-02,FALSE,
D004982,Line A,Pro,LineA-PRO-02732,2026-05-02,FALSE,
D004999,Line A,Pro,LineA-PRO-02749,2026-05-02,TRUE,cosmetic_scratch
D005005,Line B,Standard,LineB-STA-00005,2026-05-02,FALSE,
D005200,Line B,Standard,LineB-STA-00200,2026-05-02,FALSE,
D005264,Line B,Standard,LineB-STA-00264,2026-05-02,FALSE,
D005350,Line B,Standard,LineB-STA-00350,2026-05-02,FALSE,
D005367,Line B,Standard,LineB-STA-00367,2026-05-02,FALSE,
D005418,Line B,Standard,LineB-STA-00418,2026-05-02,FALSE,
D005449,Line B,Standard,LineB-STA-00449,2026-05-02,FALSE,
D005805,Line B,Standard,LineB-STA-00805,2026-05-02,FALSE,
D005916,Line B,Standard,LineB-STA-00916,2026-05-02,FALSE,
D005968,Line B,Standard,LineB-STA-00968,2026-05-02,FALSE,
D005988,Line B,Standard,LineB-STA-00988,2026-05-02,FALSE,
D006137,Line B,Standard,LineB-STA-01137,2026-05-02,FALSE,
D006151,Line B,Standard,LineB-STA-01151,2026-05-02,FALSE,
D006183,Line B,Standard,LineB-STA-01183,2026-05-02,FALSE,
D006357,Line B,Standard,LineB-STA-01357,2026-05-02,FALSE,
D006388,Line B,Standard,LineB-STA-01388,2026-05-02,FALSE,
D006400,Line B,Standard,LineB-STA-01400,2026-05-02,FALSE,
D006445,Line B,Standard,LineB-STA-01445,2026-05-02,FALSE,
D006454,Line B,Standard,LineB-STA-01454,2026-05-02,FALSE,
D006566,Line B,Standard,LineB-STA-01566,2026-05-02,TRUE,firmware_flash_fail
D006571,Line B,Standard,LineB-STA-01571,2026-05-02,FALSE,
D006590,Line B,Standard,LineB-STA-01590,2026-05-02,FALSE,
D006642,Line B,Standard,LineB-STA-01642,2026-05-02,FALSE,
D006751,Line B,Standard,LineB-STA-01751,2026-05-02,FALSE,
D006763,Line B,Standard,LineB-STA-01763,2026-05-02,FALSE,
D006793,Line B,Standard,LineB-STA-01793,2026-05-02,FALSE,
D006996,Line B,Standard,LineB-STA-01996,2026-05-02,FALSE,
D007093,Line B,Standard,LineB-STA-02093,2026-05-02,FALSE,
D007244,Line B,Standard,LineB-STA-02244,2026-05-02,FALSE,
D007252,Line B,Standard,LineB-STA-02252,2026-05-02,FALSE,
D007332,Line B,Standard,LineB-STA-02332,2026-05-02,FALSE,
D007396,Line B,Standard,LineB-STA-02396,2026-05-02,FALSE,
D007481,Line B,Standard,LineB-STA-02481,2026-05-02,FALSE,
D007490,Line B,Standard,LineB-STA-02490,2026-05-02,FALSE,
D007498,Line B,Standard,LineB-STA-02498,2026-05-02,FALSE,
D007531,Line B,Standard,LineB-STA-02531,2026-05-02,FALSE,
D007615,Line B,Standard,LineB-STA-02615,2026-05-02,FALSE,
D007731,Line B,Standard,LineB-STA-02731,2026-05-02,FALSE,
D007846,Line B,Standard,LineB-STA-02846,2026-05-02,FALSE,
D007964,Line B,Standard,LineB-STA-02964,2026-05-02,FALSE,
D008067,Line B,Standard,LineB-STA-03067,2026-05-02,FALSE,
D008119,Line B,Standard,LineB-STA-03119,2026-05-02,FALSE,
D008173,Line B,Standard,LineB-STA-03173,2026-05-02,FALSE,
D008292,Line B,Standard,LineB-STA-03292,2026-05-02,FALSE,
D008521,Line B,Standard,LineB-STA-03521,2026-05-02,FALSE,
D008545,Line B,Standard,LineB-STA-03545,2026-05-02,TRUE,screen_dead_pixel
D008569,Line B,Standard,LineB-STA-03569,2026-05-02,FALSE,
D008597,Line B,Standard,LineB-STA-03597,2026-05-02,FALSE,
D008826,Line B,Standard,LineB-STA-03826,2026-05-02,FALSE,
D009101,Line B,Standard,LineB-STA-04101,2026-05-02,FALSE,
D009158,Line B,Standard,LineB-STA-04158,2026-05-02,FALSE,
D009211,Line B,Standard,LineB-STA-04211,2026-05-02,FALSE,
D009463,Line B,Pro,LineB-PRO-00213,2026-05-02,FALSE,
D009584,Line B,Pro,LineB-PRO-00334,2026-05-02,FALSE,
D009664,Line B,Pro,LineB-PRO-00414,2026-05-02,FALSE,
D009706,Line B,Pro,LineB-PRO-00456,2026-05-02,FALSE,
D009727,Line B,Pro,LineB-PRO-00477,2026-05-02,FALSE,
D009731,Line B,Pro,LineB-PRO-00481,2026-05-02,FALSE,
D009774,Line B,Pro,LineB-PRO-00524,2026-05-02,FALSE,
D009843,Line B,Pro,LineB-PRO-00593,2026-05-02,FALSE,
D009885,Line B,Pro,LineB-PRO-00635,2026-05-02,FALSE,
D000259,Line A,Standard,LineA-STA-00259,2026-05-03,FALSE,
D000336,Line A,Standard,LineA-STA-00336,2026-05-03,FALSE,
D000452,Line A,Standard,LineA-STA-00452,2026-05-03,FALSE,
D000592,Line A,Standard,LineA-STA-00592,2026-05-03,FALSE,
D000674,Line A,Standard,LineA-STA-00674,2026-05-03,FALSE,
D000740,Line A,Standard,LineA-STA-00740,2026-05-03,FALSE,
D000902,Line A,Standard,LineA-STA-00902,2026-05-03,FALSE,
D000966,Line A,Standard,LineA-STA-00966,2026-05-03,FALSE,
D001324,Line A,Standard,LineA-STA-01324,2026-05-03,FALSE,
D001534,Line A,Standard,LineA-STA-01534,2026-05-03,FALSE,
D001920,Line A,Standard,LineA-STA-01920,2026-05-03,FALSE,
D002232,Line A,Standard,LineA-STA-02232,2026-05-03,FALSE,
D002242,Line A,Standard,LineA-STA-02242,2026-05-03,FALSE,
D002377,Line A,Pro,LineA-PRO-00127,2026-05-03,FALSE,
D002382,Line A,Pro,LineA-PRO-00132,2026-05-03,FALSE,
D002451,Line A,Pro,LineA-PRO-00201,2026-05-03,FALSE,
D002481,Line A,Pro,LineA-PRO-00231,2026-05-03,FALSE,
D002505,Line A,Pro,LineA-PRO-00255,2026-05-03,FALSE,
D002517,Line A,Pro,LineA-PRO-00267,2026-05-03,FALSE,
D002550,Line A,Pro,LineA-PRO-00300,2026-05-03,FALSE,
D002767,Line A,Pro,LineA-PRO-00517,2026-05-03,FALSE,
D003330,Line A,Pro,LineA-PRO-01080,2026-05-03,FALSE,
D003464,Line A,Pro,LineA-PRO-01214,2026-05-03,FALSE,
D003653,Line A,Pro,LineA-PRO-01403,2026-05-03,FALSE,
D003698,Line A,Pro,LineA-PRO-01448,2026-05-03,FALSE,
D003747,Line A,Pro,LineA-PRO-01497,2026-05-03,FALSE,
D003767,Line A,Pro,LineA-PRO-01517,2026-05-03,FALSE,
D003794,Line A,Pro,LineA-PRO-01544,2026-05-03,TRUE,battery_swell
D003808,Line A,Pro,LineA-PRO-01558,2026-05-03,FALSE,
D003951,Line A,Pro,LineA-PRO-01701,2026-05-03,FALSE,
D003967,Line A,Pro,LineA-PRO-01717,2026-05-03,FALSE,
D004103,Line A,Pro,LineA-PRO-01853,2026-05-03,FALSE,
D004185,Line A,Pro,LineA-PRO-01935,2026-05-03,FALSE,
D004187,Line A,Pro,LineA-PRO-01937,2026-05-03,FALSE,
D004724,Line A,Pro,LineA-PRO-02474,2026-05-03,FALSE,
D004733,Line A,Pro,LineA-PRO-02483,2026-05-03,FALSE,
D004812,Line A,Pro,LineA-PRO-02562,2026-05-03,FALSE,
D004945,Line A,Pro,LineA-PRO-02695,2026-05-03,FALSE,
D004998,Line A,Pro,LineA-PRO-02748,2026-05-03,FALSE,
D005460,Line B,Standard,LineB-STA-00460,2026-05-03,FALSE,
D005584,Line B,Standard,LineB-STA-00584,2026-05-03,FALSE,
D005662,Line B,Standard,LineB-STA-00662,2026-05-03,FALSE,
D005693,Line B,Standard,LineB-STA-00693,2026-05-03,FALSE,
D005707,Line B,Standard,LineB-STA-00707,2026-05-03,FALSE,
D005917,Line B,Standard,LineB-STA-00917,2026-05-03,FALSE,
D006113,Line B,Standard,LineB-STA-01113,2026-05-03,FALSE,
D006172,Line B,Standard,LineB-STA-01172,2026-05-03,FALSE,
D006253,Line B,Standard,LineB-STA-01253,2026-05-03,FALSE,
D006493,Line B,Standard,LineB-STA-01493,2026-05-03,FALSE,
D006567,Line B,Standard,LineB-STA-01567,2026-05-03,FALSE,
D006627,Line B,Standard,LineB-STA-01627,2026-05-03,FALSE,
D006733,Line B,Standard,LineB-STA-01733,2026-05-03,FALSE,
D006822,Line B,Standard,LineB-STA-01822,2026-05-03,FALSE,
D006968,Line B,Standard,LineB-STA-01968,2026-05-03,FALSE,
D007067,Line B,Standard,LineB-STA-02067,2026-05-03,FALSE,
D007095,Line B,Standard,LineB-STA-02095,2026-05-03,FALSE,
D007148,Line B,Standard,LineB-STA-02148,2026-05-03,FALSE,
D007230,Line B,Standard,LineB-STA-02230,2026-05-03,FALSE,
D007291,Line B,Standard,LineB-STA-02291,2026-05-03,FALSE,
D007320,Line B,Standard,LineB-STA-02320,2026-05-03,FALSE,
D007326,Line B,Standard,LineB-STA-02326,2026-05-03,FALSE,
D007391,Line B,Standard,LineB-STA-02391,2026-05-03,FALSE,
D007576,Line B,Standard,LineB-STA-02576,2026-05-03,FALSE,
D007643,Line B,Standard,LineB-STA-02643,2026-05-03,FALSE,
D007658,Line B,Standard,LineB-STA-02658,2026-05-03,FALSE,
D007868,Line B,Standard,LineB-STA-02868,2026-05-03,FALSE,
D007891,Line B,Standard,LineB-STA-02891,2026-05-03,FALSE,
D007941,Line B,Standard,LineB-STA-02941,2026-05-03,FALSE,
D008019,Line B,Standard,LineB-STA-03019,2026-05-03,FALSE,
D008034,Line B,Standard,LineB-STA-03034,2026-05-03,FALSE,
D008224,Line B,Standard,LineB-STA-03224,2026-05-03,FALSE,
D008379,Line B,Standard,LineB-STA-03379,2026-05-03,FALSE,
D008386,Line B,Standard,LineB-STA-03386,2026-05-03,FALSE,
D008766,Line B,Standard,LineB-STA-03766,2026-05-03,FALSE,
D008803,Line B,Standard,LineB-STA-03803,2026-05-03,FALSE,
D008957,Line B,Standard,LineB-STA-03957,2026-05-03,FALSE,
D008991,Line B,Standard,LineB-STA-03991,2026-05-03,FALSE,
D009047,Line B,Standard,LineB-STA-04047,2026-05-03,FALSE,
D009078,Line B,Standard,LineB-STA-04078,2026-05-03,FALSE,
D009097,Line B,Standard,LineB-STA-04097,2026-05-03,FALSE,
D009138,Line B,Standard,LineB-STA-04138,2026-05-03,FALSE,
D009329,Line B,Pro,LineB-PRO-00079,2026-05-03,FALSE,
D009349,Line B,Pro,LineB-PRO-00099,2026-05-03,FALSE,
D009419,Line B,Pro,LineB-PRO-00169,2026-05-03,FALSE,
D009472,Line B,Pro,LineB-PRO-00222,2026-05-03,TRUE,capacitor_leak
D009513,Line B,Pro,LineB-PRO-00263,2026-05-03,FALSE,
D009711,Line B,Pro,LineB-PRO-00461,2026-05-03,FALSE,
D009720,Line B,Pro,LineB-PRO-00470,2026-05-03,FALSE,
D009780,Line B,Pro,LineB-PRO-00530,2026-05-03,FALSE,
D009829,Line B,Pro,LineB-PRO-00579,2026-05-03,FALSE,
D009842,Line B,Pro,LineB-PRO-00592,2026-05-03,FALSE,
D009868,Line B,Pro,LineB-PRO-00618,2026-05-03,FALSE,
D009923,Line B,Pro,LineB-PRO-00673,2026-05-03,FALSE,
D009939,Line B,Pro,LineB-PRO-00689,2026-05-03,FALSE,
D000006,Line A,Standard,LineA-STA-00006,2026-05-04,FALSE,
D000093,Line A,Standard,LineA-STA-00093,2026-05-04,FALSE,
D000169,Line A,Standard,LineA-STA-00169,2026-05-04,FALSE,
D000224,Line A,Standard,LineA-STA-00224,2026-05-04,FALSE,
D000361,Line A,Standard,LineA-STA-00361,2026-05-04,FALSE,
D000371,Line A,Standard,LineA-STA-00371,2026-05-04,FALSE,
D000640,Line A,Standard,LineA-STA-00640,2026-05-04,FALSE,
D000656,Line A,Standard,LineA-STA-00656,2026-05-04,FALSE,
D001007,Line A,Standard,LineA-STA-01007,2026-05-04,FALSE,
D001098,Line A,Standard,LineA-STA-01098,2026-05-04,FALSE,
D001209,Line A,Standard,LineA-STA-01209,2026-05-04,FALSE,
D001447,Line A,Standard,LineA-STA-01447,2026-05-04,FALSE,
D001508,Line A,Standard,LineA-STA-01508,2026-05-04,FALSE,
D001520,Line A,Standard,LineA-STA-01520,2026-05-04,FALSE,
D001641,Line A,Standard,LineA-STA-01641,2026-05-04,FALSE,
D001669,Line A,Standard,LineA-STA-01669,2026-05-04,FALSE,
D001689,Line A,Standard,LineA-STA-01689,2026-05-04,FALSE,
D001715,Line A,Standard,LineA-STA-01715,2026-05-04,FALSE,
D001914,Line A,Standard,LineA-STA-01914,2026-05-04,FALSE,
D001946,Line A,Standard,LineA-STA-01946,2026-05-04,FALSE,
D001977,Line A,Standard,LineA-STA-01977,2026-05-04,FALSE,
D002014,Line A,Standard,LineA-STA-02014,2026-05-04,FALSE,
D002024,Line A,Standard,LineA-STA-02024,2026-05-04,FALSE,
D002027,Line A,Standard,LineA-STA-02027,2026-05-04,FALSE,
D002079,Line A,Standard,LineA-STA-02079,2026-05-04,FALSE,
D002111,Line A,Standard,LineA-STA-02111,2026-05-04,FALSE,
D002205,Line A,Standard,LineA-STA-02205,2026-05-04,FALSE,
D002360,Line A,Pro,LineA-PRO-00110,2026-05-04,FALSE,
D002393,Line A,Pro,LineA-PRO-00143,2026-05-04,FALSE,
D002413,Line A,Pro,LineA-PRO-00163,2026-05-04,FALSE,
D002429,Line A,Pro,LineA-PRO-00179,2026-05-04,FALSE,
D002524,Line A,Pro,LineA-PRO-00274,2026-05-04,FALSE,
D002525,Line A,Pro,LineA-PRO-00275,2026-05-04,FALSE,
D002544,Line A,Pro,LineA-PRO-00294,2026-05-04,FALSE,
D003033,Line A,Pro,LineA-PRO-00783,2026-05-04,FALSE,
D003060,Line A,Pro,LineA-PRO-00810,2026-05-04,FALSE,
D003193,Line A,Pro,LineA-PRO-00943,2026-05-04,FALSE,
D003217,Line A,Pro,LineA-PRO-00967,2026-05-04,FALSE,
D003227,Line A,Pro,LineA-PRO-00977,2026-05-04,FALSE,
D003497,Line A,Pro,LineA-PRO-01247,2026-05-04,FALSE,
D003540,Line A,Pro,LineA-PRO-01290,2026-05-04,FALSE,
D003623,Line A,Pro,LineA-PRO-01373,2026-05-04,TRUE,solder_joint
D003828,Line A,Pro,LineA-PRO-01578,2026-05-04,FALSE,
D003867,Line A,Pro,LineA-PRO-01617,2026-05-04,FALSE,
D003889,Line A,Pro,LineA-PRO-01639,2026-05-04,FALSE,
D003896,Line A,Pro,LineA-PRO-01646,2026-05-04,TRUE,component_misalignment
D003928,Line A,Pro,LineA-PRO-01678,2026-05-04,FALSE,
D003979,Line A,Pro,LineA-PRO-01729,2026-05-04,FALSE,
D003992,Line A,Pro,LineA-PRO-01742,2026-05-04,FALSE,
D004002,Line A,Pro,LineA-PRO-01752,2026-05-04,FALSE,
D004004,Line A,Pro,LineA-PRO-01754,2026-05-04,FALSE,
D004023,Line A,Pro,LineA-PRO-01773,2026-05-04,FALSE,
D004212,Line A,Pro,LineA-PRO-01962,2026-05-04,FALSE,
D004364,Line A,Pro,LineA-PRO-02114,2026-05-04,FALSE,
D004380,Line A,Pro,LineA-PRO-02130,2026-05-04,FALSE,
D004515,Line A,Pro,LineA-PRO-02265,2026-05-04,FALSE,
D004522,Line A,Pro,LineA-PRO-02272,2026-05-04,FALSE,
D004581,Line A,Pro,LineA-PRO-02331,2026-05-04,FALSE,
D004752,Line A,Pro,LineA-PRO-02502,2026-05-04,FALSE,
D004839,Line A,Pro,LineA-PRO-02589,2026-05-04,FALSE,
D004933,Line A,Pro,LineA-PRO-02683,2026-05-04,FALSE,
D005012,Line B,Standard,LineB-STA-00012,2026-05-04,FALSE,
D005031,Line B,Standard,LineB-STA-00031,2026-05-04,FALSE,
D005126,Line B,Standard,LineB-STA-00126,2026-05-04,FALSE,
D005163,Line B,Standard,LineB-STA-00163,2026-05-04,FALSE,
D005207,Line B,Standard,LineB-STA-00207,2026-05-04,FALSE,
D005232,Line B,Standard,LineB-STA-00232,2026-05-04,FALSE,
D005293,Line B,Standard,LineB-STA-00293,2026-05-04,FALSE,
D005301,Line B,Standard,LineB-STA-00301,2026-05-04,FALSE,
D005401,Line B,Standard,LineB-STA-00401,2026-05-04,FALSE,
D005597,Line B,Standard,LineB-STA-00597,2026-05-04,FALSE,
D005828,Line B,Standard,LineB-STA-00828,2026-05-04,FALSE,
D005831,Line B,Standard,LineB-STA-00831,2026-05-04,FALSE,
D005866,Line B,Standard,LineB-STA-00866,2026-05-04,FALSE,
D005869,Line B,Standard,LineB-STA-00869,2026-05-04,FALSE,
D006040,Line B,Standard,LineB-STA-01040,2026-05-04,FALSE,
D006072,Line B,Standard,LineB-STA-01072,2026-05-04,FALSE,
D006095,Line B,Standard,LineB-STA-01095,2026-05-04,FALSE,
D006179,Line B,Standard,LineB-STA-01179,2026-05-04,FALSE,
D006413,Line B,Standard,LineB-STA-01413,2026-05-04,FALSE,
D006436,Line B,Standard,LineB-STA-01436,2026-05-04,FALSE,
D006448,Line B,Standard,LineB-STA-01448,2026-05-04,FALSE,
D006455,Line B,Standard,LineB-STA-01455,2026-05-04,FALSE,
D006463,Line B,Standard,LineB-STA-01463,2026-05-04,FALSE,
D006503,Line B,Standard,LineB-STA-01503,2026-05-04,FALSE,
D006640,Line B,Standard,LineB-STA-01640,2026-05-04,FALSE,
D006705,Line B,Standard,LineB-STA-01705,2026-05-04,FALSE,
D006798,Line B,Standard,LineB-STA-01798,2026-05-04,FALSE,
D006821,Line B,Standard,LineB-STA-01821,2026-05-04,FALSE,
D006891,Line B,Standard,LineB-STA-01891,2026-05-04,TRUE,firmware_flash_fail
D007031,Line B,Standard,LineB-STA-02031,2026-05-04,FALSE,
D007138,Line B,Standard,LineB-STA-02138,2026-05-04,FALSE,
D007158,Line B,Standard,LineB-STA-02158,2026-05-04,FALSE,
D007404,Line B,Standard,LineB-STA-02404,2026-05-04,FALSE,
D007433,Line B,Standard,LineB-STA-02433,2026-05-04,FALSE,
D007465,Line B,Standard,LineB-STA-02465,2026-05-04,FALSE,
D007515,Line B,Standard,LineB-STA-02515,2026-05-04,FALSE,
D007518,Line B,Standard,LineB-STA-02518,2026-05-04,FALSE,
D007647,Line B,Standard,LineB-STA-02647,2026-05-04,FALSE,
D007849,Line B,Standard,LineB-STA-02849,2026-05-04,FALSE,
D007900,Line B,Standard,LineB-STA-02900,2026-05-04,FALSE,
D008238,Line B,Standard,LineB-STA-03238,2026-05-04,FALSE,
D008277,Line B,Standard,LineB-STA-03277,2026-05-04,FALSE,
D008356,Line B,Standard,LineB-STA-03356,2026-05-04,FALSE,
D008411,Line B,Standard,LineB-STA-03411,2026-05-04,FALSE,
D008603,Line B,Standard,LineB-STA-03603,2026-05-04,TRUE,firmware_flash_fail
D008698,Line B,Standard,LineB-STA-03698,2026-05-04,FALSE,
D008770,Line B,Standard,LineB-STA-03770,2026-05-04,FALSE,
D008858,Line B,Standard,LineB-STA-03858,2026-05-04,FALSE,
D009224,Line B,Standard,LineB-STA-04224,2026-05-04,FALSE,
D009261,Line B,Pro,LineB-PRO-00011,2026-05-04,FALSE,
D009412,Line B,Pro,LineB-PRO-00162,2026-05-04,FALSE,
D009468,Line B,Pro,LineB-PRO-00218,2026-05-04,TRUE,component_misalignment
D009595,Line B,Pro,LineB-PRO-00345,2026-05-04,FALSE,
D009620,Line B,Pro,LineB-PRO-00370,2026-05-04,FALSE,
D009661,Line B,Pro,LineB-PRO-00411,2026-05-04,TRUE,component_misalignment
D000049,Line A,Standard,LineA-STA-00049,2026-05-05,FALSE,
D000264,Line A,Standard,LineA-STA-00264,2026-05-05,FALSE,
D000267,Line A,Standard,LineA-STA-00267,2026-05-05,FALSE,
D000329,Line A,Standard,LineA-STA-00329,2026-05-05,FALSE,
D000365,Line A,Standard,LineA-STA-00365,2026-05-05,FALSE,
D000603,Line A,Standard,LineA-STA-00603,2026-05-05,FALSE,
D000742,Line A,Standard,LineA-STA-00742,2026-05-05,FALSE,
D000782,Line A,Standard,LineA-STA-00782,2026-05-05,FALSE,
D000824,Line A,Standard,LineA-STA-00824,2026-05-05,FALSE,
D000843,Line A,Standard,LineA-STA-00843,2026-05-05,FALSE,
D000855,Line A,Standard,LineA-STA-00855,2026-05-05,FALSE,
D000888,Line A,Standard,LineA-STA-00888,2026-05-05,FALSE,
D000890,Line A,Standard,LineA-STA-00890,2026-05-05,FALSE,
D001194,Line A,Standard,LineA-STA-01194,2026-05-05,FALSE,
D001240,Line A,Standard,LineA-STA-01240,2026-05-05,FALSE,
D001291,Line A,Standard,LineA-STA-01291,2026-05-05,FALSE,
D001512,Line A,Standard,LineA-STA-01512,2026-05-05,FALSE,
D001517,Line A,Standard,LineA-STA-01517,2026-05-05,FALSE,
D001558,Line A,Standard,LineA-STA-01558,2026-05-05,FALSE,
D001648,Line A,Standard,LineA-STA-01648,2026-05-05,FALSE,
D001779,Line A,Standard,LineA-STA-01779,2026-05-05,FALSE,
D001798,Line A,Standard,LineA-STA-01798,2026-05-05,FALSE,
D002029,Line A,Standard,LineA-STA-02029,2026-05-05,FALSE,
D002134,Line A,Standard,LineA-STA-02134,2026-05-05,TRUE,housing_crack
D002149,Line A,Standard,LineA-STA-02149,2026-05-05,FALSE,
D002220,Line A,Standard,LineA-STA-02220,2026-05-05,FALSE,
D002310,Line A,Pro,LineA-PRO-00060,2026-05-05,FALSE,
D002446,Line A,Pro,LineA-PRO-00196,2026-05-05,FALSE,
D002448,Line A,Pro,LineA-PRO-00198,2026-05-05,FALSE,
D002449,Line A,Pro,LineA-PRO-00199,2026-05-05,FALSE,
D002561,Line A,Pro,LineA-PRO-00311,2026-05-05,FALSE,
D002722,Line A,Pro,LineA-PRO-00472,2026-05-05,FALSE,
D002818,Line A,Pro,LineA-PRO-00568,2026-05-05,FALSE,
D002915,Line A,Pro,LineA-PRO-00665,2026-05-05,FALSE,
D002958,Line A,Pro,LineA-PRO-00708,2026-05-05,FALSE,
D003239,Line A,Pro,LineA-PRO-00989,2026-05-05,FALSE,
D003260,Line A,Pro,LineA-PRO-01010,2026-05-05,FALSE,
D003449,Line A,Pro,LineA-PRO-01199,2026-05-05,FALSE,
D003589,Line A,Pro,LineA-PRO-01339,2026-05-05,TRUE,solder_joint
D003634,Line A,Pro,LineA-PRO-01384,2026-05-05,FALSE,
D003670,Line A,Pro,LineA-PRO-01420,2026-05-05,FALSE,
D003694,Line A,Pro,LineA-PRO-01444,2026-05-05,FALSE,
D003718,Line A,Pro,LineA-PRO-01468,2026-05-05,FALSE,
D003910,Line A,Pro,LineA-PRO-01660,2026-05-05,FALSE,
D004047,Line A,Pro,LineA-PRO-01797,2026-05-05,FALSE,
D004081,Line A,Pro,LineA-PRO-01831,2026-05-05,FALSE,
D004132,Line A,Pro,LineA-PRO-01882,2026-05-05,FALSE,
D004307,Line A,Pro,LineA-PRO-02057,2026-05-05,FALSE,
D004385,Line A,Pro,LineA-PRO-02135,2026-05-05,FALSE,
D004429,Line A,Pro,LineA-PRO-02179,2026-05-05,FALSE,
D004764,Line A,Pro,LineA-PRO-02514,2026-05-05,FALSE,
D004776,Line A,Pro,LineA-PRO-02526,2026-05-05,FALSE,
D004810,Line A,Pro,LineA-PRO-02560,2026-05-05,FALSE,
D004842,Line A,Pro,LineA-PRO-02592,2026-05-05,FALSE,
D005286,Line B,Standard,LineB-STA-00286,2026-05-05,FALSE,
D005303,Line B,Standard,LineB-STA-00303,2026-05-05,FALSE,
D005369,Line B,Standard,LineB-STA-00369,2026-05-05,FALSE,
D005375,Line B,Standard,LineB-STA-00375,2026-05-05,FALSE,
D005472,Line B,Standard,LineB-STA-00472,2026-05-05,FALSE,
D005519,Line B,Standard,LineB-STA-00519,2026-05-05,FALSE,
D005697,Line B,Standard,LineB-STA-00697,2026-05-05,FALSE,
D005765,Line B,Standard,LineB-STA-00765,2026-05-05,FALSE,
D005824,Line B,Standard,LineB-STA-00824,2026-05-05,FALSE,
D005862,Line B,Standard,LineB-STA-00862,2026-05-05,FALSE,
D005931,Line B,Standard,LineB-STA-00931,2026-05-05,FALSE,
D006120,Line B,Standard,LineB-STA-01120,2026-05-05,FALSE,
D006203,Line B,Standard,LineB-STA-01203,2026-05-05,FALSE,
D006212,Line B,Standard,LineB-STA-01212,2026-05-05,FALSE,
D006558,Line B,Standard,LineB-STA-01558,2026-05-05,TRUE,battery_swell
D006578,Line B,Standard,LineB-STA-01578,2026-05-05,FALSE,
D006630,Line B,Standard,LineB-STA-01630,2026-05-05,FALSE,
D006704,Line B,Standard,LineB-STA-01704,2026-05-05,TRUE,firmware_flash_fail
D006927,Line B,Standard,LineB-STA-01927,2026-05-05,FALSE,
D007105,Line B,Standard,LineB-STA-02105,2026-05-05,FALSE,
D007289,Line B,Standard,LineB-STA-02289,2026-05-05,FALSE,
D007339,Line B,Standard,LineB-STA-02339,2026-05-05,FALSE,
D007549,Line B,Standard,LineB-STA-02549,2026-05-05,FALSE,
D007858,Line B,Standard,LineB-STA-02858,2026-05-05,FALSE,
D008109,Line B,Standard,LineB-STA-03109,2026-05-05,FALSE,
D008243,Line B,Standard,LineB-STA-03243,2026-05-05,FALSE,
D008265,Line B,Standard,LineB-STA-03265,2026-05-05,FALSE,
D008282,Line B,Standard,LineB-STA-03282,2026-05-05,FALSE,
D008459,Line B,Standard,LineB-STA-03459,2026-05-05,FALSE,
D008579,Line B,Standard,LineB-STA-03579,2026-05-05,FALSE,
D008758,Line B,Standard,LineB-STA-03758,2026-05-05,FALSE,
D008875,Line B,Standard,LineB-STA-03875,2026-05-05,FALSE,
D008876,Line B,Standard,LineB-STA-03876,2026-05-05,FALSE,
D008904,Line B,Standard,LineB-STA-03904,2026-05-05,FALSE,
D008907,Line B,Standard,LineB-STA-03907,2026-05-05,FALSE,
D009249,Line B,Standard,LineB-STA-04249,2026-05-05,FALSE,
D009252,Line B,Pro,LineB-PRO-00002,2026-05-05,TRUE,label_misprint
D009491,Line B,Pro,LineB-PRO-00241,2026-05-05,FALSE,
D009649,Line B,Pro,LineB-PRO-00399,2026-05-05,FALSE,
D009685,Line B,Pro,LineB-PRO-00435,2026-05-05,FALSE,
D009705,Line B,Pro,LineB-PRO-00455,2026-05-05,FALSE,
D009811,Line B,Pro,LineB-PRO-00561,2026-05-05,FALSE,
D009826,Line B,Pro,LineB-PRO-00576,2026-05-05,FALSE,
D009832,Line B,Pro,LineB-PRO-00582,2026-05-05,FALSE,
D009870,Line B,Pro,LineB-PRO-00620,2026-05-05,FALSE,
D000111,Line A,Standard,LineA-STA-00111,2026-05-06,TRUE,label_misprint
D000229,Line A,Standard,LineA-STA-00229,2026-05-06,FALSE,
D000507,Line A,Standard,LineA-STA-00507,2026-05-06,FALSE,
D000552,Line A,Standard,LineA-STA-00552,2026-05-06,FALSE,
D000723,Line A,Standard,LineA-STA-00723,2026-05-06,FALSE,
D000786,Line A,Standard,LineA-STA-00786,2026-05-06,FALSE,
D000896,Line A,Standard,LineA-STA-00896,2026-05-06,FALSE,
D000942,Line A,Standard,LineA-STA-00942,2026-05-06,FALSE,
D001181,Line A,Standard,LineA-STA-01181,2026-05-06,FALSE,
D001231,Line A,Standard,LineA-STA-01231,2026-05-06,FALSE,
D001247,Line A,Standard,LineA-STA-01247,2026-05-06,FALSE,
D001270,Line A,Standard,LineA-STA-01270,2026-05-06,FALSE,
D001320,Line A,Standard,LineA-STA-01320,2026-05-06,FALSE,
D001399,Line A,Standard,LineA-STA-01399,2026-05-06,FALSE,
D001466,Line A,Standard,LineA-STA-01466,2026-05-06,FALSE,
D001617,Line A,Standard,LineA-STA-01617,2026-05-06,FALSE,
D001741,Line A,Standard,LineA-STA-01741,2026-05-06,FALSE,
D001742,Line A,Standard,LineA-STA-01742,2026-05-06,FALSE,
D001758,Line A,Standard,LineA-STA-01758,2026-05-06,FALSE,
D001786,Line A,Standard,LineA-STA-01786,2026-05-06,FALSE,
D002120,Line A,Standard,LineA-STA-02120,2026-05-06,FALSE,
D002139,Line A,Standard,LineA-STA-02139,2026-05-06,FALSE,
D002184,Line A,Standard,LineA-STA-02184,2026-05-06,FALSE,
D002237,Line A,Standard,LineA-STA-02237,2026-05-06,FALSE,
D002326,Line A,Pro,LineA-PRO-00076,2026-05-06,FALSE,
D002376,Line A,Pro,LineA-PRO-00126,2026-05-06,FALSE,
D002380,Line A,Pro,LineA-PRO-00130,2026-05-06,FALSE,
D002381,Line A,Pro,LineA-PRO-00131,2026-05-06,FALSE,
D002512,Line A,Pro,LineA-PRO-00262,2026-05-06,FALSE,
D002519,Line A,Pro,LineA-PRO-00269,2026-05-06,FALSE,
D002688,Line A,Pro,LineA-PRO-00438,2026-05-06,TRUE,component_misalignment
D002753,Line A,Pro,LineA-PRO-00503,2026-05-06,FALSE,
D002826,Line A,Pro,LineA-PRO-00576,2026-05-06,TRUE,component_misalignment
D002848,Line A,Pro,LineA-PRO-00598,2026-05-06,FALSE,
D002962,Line A,Pro,LineA-PRO-00712,2026-05-06,FALSE,
D002990,Line A,Pro,LineA-PRO-00740,2026-05-06,FALSE,
D003115,Line A,Pro,LineA-PRO-00865,2026-05-06,FALSE,
D003208,Line A,Pro,LineA-PRO-00958,2026-05-06,FALSE,
D003346,Line A,Pro,LineA-PRO-01096,2026-05-06,FALSE,
D003446,Line A,Pro,LineA-PRO-01196,2026-05-06,FALSE,
D003459,Line A,Pro,LineA-PRO-01209,2026-05-06,FALSE,
D003721,Line A,Pro,LineA-PRO-01471,2026-05-06,FALSE,
D003764,Line A,Pro,LineA-PRO-01514,2026-05-06,FALSE,
D003781,Line A,Pro,LineA-PRO-01531,2026-05-06,FALSE,
D003819,Line A,Pro,LineA-PRO-01569,2026-05-06,FALSE,
D003998,Line A,Pro,LineA-PRO-01748,2026-05-06,FALSE,
D004477,Line A,Pro,LineA-PRO-02227,2026-05-06,FALSE,
D004672,Line A,Pro,LineA-PRO-02422,2026-05-06,FALSE,
D004702,Line A,Pro,LineA-PRO-02452,2026-05-06,TRUE,firmware_flash_fail
D004830,Line A,Pro,LineA-PRO-02580,2026-05-06,FALSE,
D004889,Line A,Pro,LineA-PRO-02639,2026-05-06,FALSE,
D004903,Line A,Pro,LineA-PRO-02653,2026-05-06,FALSE,
D004914,Line A,Pro,LineA-PRO-02664,2026-05-06,FALSE,
D004937,Line A,Pro,LineA-PRO-02687,2026-05-06,FALSE,
D004958,Line A,Pro,LineA-PRO-02708,2026-05-06,FALSE,
D004967,Line A,Pro,LineA-PRO-02717,2026-05-06,TRUE,capacitor_leak
D005087,Line B,Standard,LineB-STA-00087,2026-05-06,FALSE,
D005110,Line B,Standard,LineB-STA-00110,2026-05-06,FALSE,
D005120,Line B,Standard,LineB-STA-00120,2026-05-06,FALSE,
D005131,Line B,Standard,LineB-STA-00131,2026-05-06,FALSE,
D005166,Line B,Standard,LineB-STA-00166,2026-05-06,FALSE,
D005177,Line B,Standard,LineB-STA-00177,2026-05-06,FALSE,
D005397,Line B,Standard,LineB-STA-00397,2026-05-06,FALSE,
D005412,Line B,Standard,LineB-STA-00412,2026-05-06,FALSE,
D005576,Line B,Standard,LineB-STA-00576,2026-05-06,FALSE,
D005595,Line B,Standard,LineB-STA-00595,2026-05-06,FALSE,
D005609,Line B,Standard,LineB-STA-00609,2026-05-06,FALSE,
D005655,Line B,Standard,LineB-STA-00655,2026-05-06,FALSE,
D005700,Line B,Standard,LineB-STA-00700,2026-05-06,FALSE,
D005708,Line B,Standard,LineB-STA-00708,2026-05-06,FALSE,
D005741,Line B,Standard,LineB-STA-00741,2026-05-06,FALSE,
D005770,Line B,Standard,LineB-STA-00770,2026-05-06,FALSE,
D005778,Line B,Standard,LineB-STA-00778,2026-05-06,FALSE,
D005817,Line B,Standard,LineB-STA-00817,2026-05-06,FALSE,
D006146,Line B,Standard,LineB-STA-01146,2026-05-06,FALSE,
D006191,Line B,Standard,LineB-STA-01191,2026-05-06,FALSE,
D006194,Line B,Standard,LineB-STA-01194,2026-05-06,FALSE,
D006211,Line B,Standard,LineB-STA-01211,2026-05-06,FALSE,
D006308,Line B,Standard,LineB-STA-01308,2026-05-06,FALSE,
D006465,Line B,Standard,LineB-STA-01465,2026-05-06,TRUE,label_misprint
D006537,Line B,Standard,LineB-STA-01537,2026-05-06,FALSE,
D006580,Line B,Standard,LineB-STA-01580,2026-05-06,FALSE,
D006644,Line B,Standard,LineB-STA-01644,2026-05-06,FALSE,
D006727,Line B,Standard,LineB-STA-01727,2026-05-06,FALSE,
D006748,Line B,Standard,LineB-STA-01748,2026-05-06,FALSE,
D006764,Line B,Standard,LineB-STA-01764,2026-05-06,FALSE,
D006773,Line B,Standard,LineB-STA-01773,2026-05-06,FALSE,
D006865,Line B,Standard,LineB-STA-01865,2026-05-06,FALSE,
D006992,Line B,Standard,LineB-STA-01992,2026-05-06,FALSE,
D007142,Line B,Standard,LineB-STA-02142,2026-05-06,FALSE,
D007218,Line B,Standard,LineB-STA-02218,2026-05-06,FALSE,
D007256,Line B,Standard,LineB-STA-02256,2026-05-06,FALSE,
D007267,Line B,Standard,LineB-STA-02267,2026-05-06,FALSE,
D007318,Line B,Standard,LineB-STA-02318,2026-05-06,FALSE,
D007319,Line B,Standard,LineB-STA-02319,2026-05-06,FALSE,
D007397,Line B,Standard,LineB-STA-02397,2026-05-06,FALSE,
D007485,Line B,Standard,LineB-STA-02485,2026-05-06,FALSE,
D007574,Line B,Standard,LineB-STA-02574,2026-05-06,FALSE,
D007865,Line B,Standard,LineB-STA-02865,2026-05-06,FALSE,
D008171,Line B,Standard,LineB-STA-03171,2026-05-06,FALSE,
D008227,Line B,Standard,LineB-STA-03227,2026-05-06,FALSE,
D008468,Line B,Standard,LineB-STA-03468,2026-05-06,FALSE,
D008529,Line B,Standard,LineB-STA-03529,2026-05-06,FALSE,
D008564,Line B,Standard,LineB-STA-03564,2026-05-06,FALSE,
D008624,Line B,Standard,LineB-STA-03624,2026-05-06,FALSE,
D008626,Line B,Standard,LineB-STA-03626,2026-05-06,FALSE,
D008834,Line B,Standard,LineB-STA-03834,2026-05-06,FALSE,
D008850,Line B,Standard,LineB-STA-03850,2026-05-06,FALSE,
D008901,Line B,Standard,LineB-STA-03901,2026-05-06,TRUE,connector_seating
D009132,Line B,Standard,LineB-STA-04132,2026-05-06,FALSE,
D009198,Line B,Standard,LineB-STA-04198,2026-05-06,FALSE,
D009361,Line B,Pro,LineB-PRO-00111,2026-05-06,FALSE,
D009383,Line B,Pro,LineB-PRO-00133,2026-05-06,FALSE,
D009432,Line B,Pro,LineB-PRO-00182,2026-05-06,FALSE,
D009504,Line B,Pro,LineB-PRO-00254,2026-05-06,FALSE,
D009598,Line B,Pro,LineB-PRO-00348,2026-05-06,FALSE,
D009630,Line B,Pro,LineB-PRO-00380,2026-05-06,FALSE,
D009738,Line B,Pro,LineB-PRO-00488,2026-05-06,FALSE,
D009762,Line B,Pro,LineB-PRO-00512,2026-05-06,FALSE,
D009777,Line B,Pro,LineB-PRO-00527,2026-05-06,FALSE,
D009795,Line B,Pro,LineB-PRO-00545,2026-05-06,TRUE,component_misalignment
D009928,Line B,Pro,LineB-PRO-00678,2026-05-06,FALSE,
D009946,Line B,Pro,LineB-PRO-00696,2026-05-06,FALSE,
D009961,Line B,Pro,LineB-PRO-00711,2026-05-06,FALSE,
D009976,Line B,Pro,LineB-PRO-00726,2026-05-06,FALSE,
D000087,Line A,Standard,LineA-STA-00087,2026-05-07,FALSE,
D000105,Line A,Standard,LineA-STA-00105,2026-05-07,FALSE,
D000234,Line A,Standard,LineA-STA-00234,2026-05-07,FALSE,
D000244,Line A,Standard,LineA-STA-00244,2026-05-07,FALSE,
D000255,Line A,Standard,LineA-STA-00255,2026-05-07,FALSE,
D000295,Line A,Standard,LineA-STA-00295,2026-05-07,FALSE,
D000297,Line A,Standard,LineA-STA-00297,2026-05-07,FALSE,
D000320,Line A,Standard,LineA-STA-00320,2026-05-07,FALSE,
D000467,Line A,Standard,LineA-STA-00467,2026-05-07,FALSE,
D000633,Line A,Standard,LineA-STA-00633,2026-05-07,FALSE,
D000725,Line A,Standard,LineA-STA-00725,2026-05-07,FALSE,
D001150,Line A,Standard,LineA-STA-01150,2026-05-07,FALSE,
D001184,Line A,Standard,LineA-STA-01184,2026-05-07,FALSE,
D001293,Line A,Standard,LineA-STA-01293,2026-05-07,FALSE,
D001407,Line A,Standard,LineA-STA-01407,2026-05-07,FALSE,
D001453,Line A,Standard,LineA-STA-01453,2026-05-07,FALSE,
D001573,Line A,Standard,LineA-STA-01573,2026-05-07,FALSE,
D001979,Line A,Standard,LineA-STA-01979,2026-05-07,FALSE,
D002107,Line A,Standard,LineA-STA-02107,2026-05-07,FALSE,
D002208,Line A,Standard,LineA-STA-02208,2026-05-07,FALSE,
D002274,Line A,Pro,LineA-PRO-00024,2026-05-07,FALSE,
D002371,Line A,Pro,LineA-PRO-00121,2026-05-07,TRUE,screen_dead_pixel
D002434,Line A,Pro,LineA-PRO-00184,2026-05-07,FALSE,
D002480,Line A,Pro,LineA-PRO-00230,2026-05-07,FALSE,
D002715,Line A,Pro,LineA-PRO-00465,2026-05-07,FALSE,
D002764,Line A,Pro,LineA-PRO-00514,2026-05-07,FALSE,
D002986,Line A,Pro,LineA-PRO-00736,2026-05-07,FALSE,
D003037,Line A,Pro,LineA-PRO-00787,2026-05-07,FALSE,
D003045,Line A,Pro,LineA-PRO-00795,2026-05-07,FALSE,
D003141,Line A,Pro,LineA-PRO-00891,2026-05-07,FALSE,
D003152,Line A,Pro,LineA-PRO-00902,2026-05-07,FALSE,
D003199,Line A,Pro,LineA-PRO-00949,2026-05-07,FALSE,
D003272,Line A,Pro,LineA-PRO-01022,2026-05-07,FALSE,
D003362,Line A,Pro,LineA-PRO-01112,2026-05-07,FALSE,
D003396,Line A,Pro,LineA-PRO-01146,2026-05-07,FALSE,
D003404,Line A,Pro,LineA-PRO-01154,2026-05-07,FALSE,
D003547,Line A,Pro,LineA-PRO-01297,2026-05-07,TRUE,housing_crack
D003622,Line A,Pro,LineA-PRO-01372,2026-05-07,FALSE,
D003695,Line A,Pro,LineA-PRO-01445,2026-05-07,FALSE,
D003870,Line A,Pro,LineA-PRO-01620,2026-05-07,FALSE,
D003911,Line A,Pro,LineA-PRO-01661,2026-05-07,FALSE,
D003919,Line A,Pro,LineA-PRO-01669,2026-05-07,FALSE,
D004001,Line A,Pro,LineA-PRO-01751,2026-05-07,FALSE,
D004043,Line A,Pro,LineA-PRO-01793,2026-05-07,FALSE,
D004063,Line A,Pro,LineA-PRO-01813,2026-05-07,FALSE,
D004095,Line A,Pro,LineA-PRO-01845,2026-05-07,FALSE,
D004113,Line A,Pro,LineA-PRO-01863,2026-05-07,TRUE,component_misalignment
D004321,Line A,Pro,LineA-PRO-02071,2026-05-07,FALSE,
D004346,Line A,Pro,LineA-PRO-02096,2026-05-07,FALSE,
D004425,Line A,Pro,LineA-PRO-02175,2026-05-07,FALSE,
D004502,Line A,Pro,LineA-PRO-02252,2026-05-07,FALSE,
D004545,Line A,Pro,LineA-PRO-02295,2026-05-07,FALSE,
D004632,Line A,Pro,LineA-PRO-02382,2026-05-07,FALSE,
D004730,Line A,Pro,LineA-PRO-02480,2026-05-07,FALSE,
D004819,Line A,Pro,LineA-PRO-02569,2026-05-07,FALSE,
D005013,Line B,Standard,LineB-STA-00013,2026-05-07,FALSE,
D005100,Line B,Standard,LineB-STA-00100,2026-05-07,FALSE,
D005116,Line B,Standard,LineB-STA-00116,2026-05-07,FALSE,
D005119,Line B,Standard,LineB-STA-00119,2026-05-07,FALSE,
D005125,Line B,Standard,LineB-STA-00125,2026-05-07,FALSE,
D005149,Line B,Standard,LineB-STA-00149,2026-05-07,FALSE,
D005213,Line B,Standard,LineB-STA-00213,2026-05-07,FALSE,
D005260,Line B,Standard,LineB-STA-00260,2026-05-07,FALSE,
D005361,Line B,Standard,LineB-STA-00361,2026-05-07,FALSE,
D005414,Line B,Standard,LineB-STA-00414,2026-05-07,FALSE,
D005577,Line B,Standard,LineB-STA-00577,2026-05-07,FALSE,
D005815,Line B,Standard,LineB-STA-00815,2026-05-07,FALSE,
D005856,Line B,Standard,LineB-STA-00856,2026-05-07,FALSE,
D005996,Line B,Standard,LineB-STA-00996,2026-05-07,FALSE,
D006035,Line B,Standard,LineB-STA-01035,2026-05-07,FALSE,
D006103,Line B,Standard,LineB-STA-01103,2026-05-07,FALSE,
D006202,Line B,Standard,LineB-STA-01202,2026-05-07,FALSE,
D006226,Line B,Standard,LineB-STA-01226,2026-05-07,FALSE,
D006282,Line B,Standard,LineB-STA-01282,2026-05-07,FALSE,
D006322,Line B,Standard,LineB-STA-01322,2026-05-07,FALSE,
D006327,Line B,Standard,LineB-STA-01327,2026-05-07,FALSE,
D006470,Line B,Standard,LineB-STA-01470,2026-05-07,FALSE,
D006638,Line B,Standard,LineB-STA-01638,2026-05-07,FALSE,
D006777,Line B,Standard,LineB-STA-01777,2026-05-07,FALSE,
D006844,Line B,Standard,LineB-STA-01844,2026-05-07,FALSE,
D007090,Line B,Standard,LineB-STA-02090,2026-05-07,FALSE,
D007758,Line B,Standard,LineB-STA-02758,2026-05-07,FALSE,
D007780,Line B,Standard,LineB-STA-02780,2026-05-07,FALSE,
D007895,Line B,Standard,LineB-STA-02895,2026-05-07,FALSE,
D007897,Line B,Standard,LineB-STA-02897,2026-05-07,FALSE,
D007898,Line B,Standard,LineB-STA-02898,2026-05-07,FALSE,
D007967,Line B,Standard,LineB-STA-02967,2026-05-07,FALSE,
D008010,Line B,Standard,LineB-STA-03010,2026-05-07,FALSE,
D008030,Line B,Standard,LineB-STA-03030,2026-05-07,FALSE,
D008281,Line B,Standard,LineB-STA-03281,2026-05-07,FALSE,
D008345,Line B,Standard,LineB-STA-03345,2026-05-07,FALSE,
D008387,Line B,Standard,LineB-STA-03387,2026-05-07,FALSE,
D008508,Line B,Standard,LineB-STA-03508,2026-05-07,FALSE,
D008596,Line B,Standard,LineB-STA-03596,2026-05-07,FALSE,
D008630,Line B,Standard,LineB-STA-03630,2026-05-07,FALSE,
D008657,Line B,Standard,LineB-STA-03657,2026-05-07,FALSE,
D008757,Line B,Standard,LineB-STA-03757,2026-05-07,FALSE,
D008824,Line B,Standard,LineB-STA-03824,2026-05-07,FALSE,
D008921,Line B,Standard,LineB-STA-03921,2026-05-07,FALSE,
D009257,Line B,Pro,LineB-PRO-00007,2026-05-07,FALSE,
D009271,Line B,Pro,LineB-PRO-00021,2026-05-07,FALSE,
D009303,Line B,Pro,LineB-PRO-00053,2026-05-07,TRUE,housing_crack
D009397,Line B,Pro,LineB-PRO-00147,2026-05-07,FALSE,
D009449,Line B,Pro,LineB-PRO-00199,2026-05-07,FALSE,
D009479,Line B,Pro,LineB-PRO-00229,2026-05-07,FALSE,
D009610,Line B,Pro,LineB-PRO-00360,2026-05-07,FALSE,
D009704,Line B,Pro,LineB-PRO-00454,2026-05-07,FALSE,
D009792,Line B,Pro,LineB-PRO-00542,2026-05-07,FALSE,
D009794,Line B,Pro,LineB-PRO-00544,2026-05-07,FALSE,
D009841,Line B,Pro,LineB-PRO-00591,2026-05-07,FALSE,
D000015,Line A,Standard,LineA-STA-00015,2026-05-08,FALSE,
D000055,Line A,Standard,LineA-STA-00055,2026-05-08,FALSE,
D000253,Line A,Standard,LineA-STA-00253,2026-05-08,FALSE,
D000340,Line A,Standard,LineA-STA-00340,2026-05-08,FALSE,
D000390,Line A,Standard,LineA-STA-00390,2026-05-08,FALSE,
D000536,Line A,Standard,LineA-STA-00536,2026-05-08,FALSE,
D000661,Line A,Standard,LineA-STA-00661,2026-05-08,FALSE,
D000839,Line A,Standard,LineA-STA-00839,2026-05-08,FALSE,
D000875,Line A,Standard,LineA-STA-00875,2026-05-08,FALSE,
D000934,Line A,Standard,LineA-STA-00934,2026-05-08,FALSE,
D000958,Line A,Standard,LineA-STA-00958,2026-05-08,FALSE,
D001028,Line A,Standard,LineA-STA-01028,2026-05-08,FALSE,
D001179,Line A,Standard,LineA-STA-01179,2026-05-08,FALSE,
D001237,Line A,Standard,LineA-STA-01237,2026-05-08,FALSE,
D001238,Line A,Standard,LineA-STA-01238,2026-05-08,FALSE,
D001418,Line A,Standard,LineA-STA-01418,2026-05-08,FALSE,
D001582,Line A,Standard,LineA-STA-01582,2026-05-08,FALSE,
D001640,Line A,Standard,LineA-STA-01640,2026-05-08,FALSE,
D001751,Line A,Standard,LineA-STA-01751,2026-05-08,FALSE,
D001882,Line A,Standard,LineA-STA-01882,2026-05-08,FALSE,
D001943,Line A,Standard,LineA-STA-01943,2026-05-08,FALSE,
D001994,Line A,Standard,LineA-STA-01994,2026-05-08,FALSE,
D002005,Line A,Standard,LineA-STA-02005,2026-05-08,FALSE,
D002352,Line A,Pro,LineA-PRO-00102,2026-05-08,FALSE,
D002353,Line A,Pro,LineA-PRO-00103,2026-05-08,FALSE,
D002368,Line A,Pro,LineA-PRO-00118,2026-05-08,FALSE,
D002506,Line A,Pro,LineA-PRO-00256,2026-05-08,FALSE,
D002596,Line A,Pro,LineA-PRO-00346,2026-05-08,FALSE,
D002833,Line A,Pro,LineA-PRO-00583,2026-05-08,FALSE,
D002882,Line A,Pro,LineA-PRO-00632,2026-05-08,FALSE,
D002913,Line A,Pro,LineA-PRO-00663,2026-05-08,FALSE,
D002974,Line A,Pro,LineA-PRO-00724,2026-05-08,FALSE,
D003000,Line A,Pro,LineA-PRO-00750,2026-05-08,TRUE,capacitor_leak
D003010,Line A,Pro,LineA-PRO-00760,2026-05-08,FALSE,
D003087,Line A,Pro,LineA-PRO-00837,2026-05-08,FALSE,
D003181,Line A,Pro,LineA-PRO-00931,2026-05-08,TRUE,battery_swell
D003245,Line A,Pro,LineA-PRO-00995,2026-05-08,FALSE,
D003246,Line A,Pro,LineA-PRO-00996,2026-05-08,FALSE,
D003492,Line A,Pro,LineA-PRO-01242,2026-05-08,FALSE,
D003927,Line A,Pro,LineA-PRO-01677,2026-05-08,FALSE,
D004158,Line A,Pro,LineA-PRO-01908,2026-05-08,FALSE,
D004170,Line A,Pro,LineA-PRO-01920,2026-05-08,FALSE,
D004276,Line A,Pro,LineA-PRO-02026,2026-05-08,FALSE,
D004288,Line A,Pro,LineA-PRO-02038,2026-05-08,FALSE,
D004336,Line A,Pro,LineA-PRO-02086,2026-05-08,FALSE,
D004407,Line A,Pro,LineA-PRO-02157,2026-05-08,FALSE,
D004468,Line A,Pro,LineA-PRO-02218,2026-05-08,FALSE,
D004615,Line A,Pro,LineA-PRO-02365,2026-05-08,FALSE,
D004623,Line A,Pro,LineA-PRO-02373,2026-05-08,FALSE,
D004805,Line A,Pro,LineA-PRO-02555,2026-05-08,FALSE,
D005066,Line B,Standard,LineB-STA-00066,2026-05-08,FALSE,
D005156,Line B,Standard,LineB-STA-00156,2026-05-08,FALSE,
D005246,Line B,Standard,LineB-STA-00246,2026-05-08,FALSE,
D005256,Line B,Standard,LineB-STA-00256,2026-05-08,FALSE,
D005285,Line B,Standard,LineB-STA-00285,2026-05-08,FALSE,
D005343,Line B,Standard,LineB-STA-00343,2026-05-08,FALSE,
D005406,Line B,Standard,LineB-STA-00406,2026-05-08,FALSE,
D005514,Line B,Standard,LineB-STA-00514,2026-05-08,FALSE,
D005517,Line B,Standard,LineB-STA-00517,2026-05-08,FALSE,
D005528,Line B,Standard,LineB-STA-00528,2026-05-08,FALSE,
D005827,Line B,Standard,LineB-STA-00827,2026-05-08,FALSE,
D006117,Line B,Standard,LineB-STA-01117,2026-05-08,FALSE,
D006122,Line B,Standard,LineB-STA-01122,2026-05-08,FALSE,
D006266,Line B,Standard,LineB-STA-01266,2026-05-08,FALSE,
D006298,Line B,Standard,LineB-STA-01298,2026-05-08,FALSE,
D006381,Line B,Standard,LineB-STA-01381,2026-05-08,FALSE,
D006423,Line B,Standard,LineB-STA-01423,2026-05-08,FALSE,
D006457,Line B,Standard,LineB-STA-01457,2026-05-08,FALSE,
D006476,Line B,Standard,LineB-STA-01476,2026-05-08,FALSE,
D006485,Line B,Standard,LineB-STA-01485,2026-05-08,FALSE,
D006491,Line B,Standard,LineB-STA-01491,2026-05-08,FALSE,
D006734,Line B,Standard,LineB-STA-01734,2026-05-08,FALSE,
D006801,Line B,Standard,LineB-STA-01801,2026-05-08,FALSE,
D006881,Line B,Standard,LineB-STA-01881,2026-05-08,FALSE,
D007011,Line B,Standard,LineB-STA-02011,2026-05-08,FALSE,
D007172,Line B,Standard,LineB-STA-02172,2026-05-08,TRUE,component_misalignment
D007221,Line B,Standard,LineB-STA-02221,2026-05-08,TRUE,capacitor_leak
D007301,Line B,Standard,LineB-STA-02301,2026-05-08,FALSE,
D007387,Line B,Standard,LineB-STA-02387,2026-05-08,FALSE,
D007452,Line B,Standard,LineB-STA-02452,2026-05-08,FALSE,
D007474,Line B,Standard,LineB-STA-02474,2026-05-08,FALSE,
D007497,Line B,Standard,LineB-STA-02497,2026-05-08,FALSE,
D007708,Line B,Standard,LineB-STA-02708,2026-05-08,FALSE,
D007763,Line B,Standard,LineB-STA-02763,2026-05-08,FALSE,
D007832,Line B,Standard,LineB-STA-02832,2026-05-08,FALSE,
D007951,Line B,Standard,LineB-STA-02951,2026-05-08,FALSE,
D008153,Line B,Standard,LineB-STA-03153,2026-05-08,FALSE,
D008214,Line B,Standard,LineB-STA-03214,2026-05-08,FALSE,
D008373,Line B,Standard,LineB-STA-03373,2026-05-08,FALSE,
D008487,Line B,Standard,LineB-STA-03487,2026-05-08,FALSE,
D008591,Line B,Standard,LineB-STA-03591,2026-05-08,FALSE,
D008605,Line B,Standard,LineB-STA-03605,2026-05-08,FALSE,
D008726,Line B,Standard,LineB-STA-03726,2026-05-08,FALSE,
D008946,Line B,Standard,LineB-STA-03946,2026-05-08,FALSE,
D009040,Line B,Standard,LineB-STA-04040,2026-05-08,FALSE,
D009145,Line B,Standard,LineB-STA-04145,2026-05-08,FALSE,
D009148,Line B,Standard,LineB-STA-04148,2026-05-08,FALSE,
D009253,Line B,Pro,LineB-PRO-00003,2026-05-08,FALSE,
D009280,Line B,Pro,LineB-PRO-00030,2026-05-08,FALSE,
D009395,Line B,Pro,LineB-PRO-00145,2026-05-08,TRUE,battery_swell
D009470,Line B,Pro,LineB-PRO-00220,2026-05-08,FALSE,
D009588,Line B,Pro,LineB-PRO-00338,2026-05-08,FALSE,
D009698,Line B,Pro,LineB-PRO-00448,2026-05-08,FALSE,
D009789,Line B,Pro,LineB-PRO-00539,2026-05-08,TRUE,firmware_flash_fail
D009986,Line B,Pro,LineB-PRO-00736,2026-05-08,FALSE,
D000017,Line A,Standard,LineA-STA-00017,2026-05-09,FALSE,
D000022,Line A,Standard,LineA-STA-00022,2026-05-09,FALSE,
D000145,Line A,Standard,LineA-STA-00145,2026-05-09,FALSE,
D000154,Line A,Standard,LineA-STA-00154,2026-05-09,FALSE,
D000231,Line A,Standard,LineA-STA-00231,2026-05-09,FALSE,
D000233,Line A,Standard,LineA-STA-00233,2026-05-09,FALSE,
D000315,Line A,Standard,LineA-STA-00315,2026-05-09,FALSE,
D000367,Line A,Standard,LineA-STA-00367,2026-05-09,FALSE,
D000495,Line A,Standard,LineA-STA-00495,2026-05-09,FALSE,
D000545,Line A,Standard,LineA-STA-00545,2026-05-09,FALSE,
D000551,Line A,Standard,LineA-STA-00551,2026-05-09,FALSE,
D000573,Line A,Standard,LineA-STA-00573,2026-05-09,FALSE,
D000579,Line A,Standard,LineA-STA-00579,2026-05-09,FALSE,
D000618,Line A,Standard,LineA-STA-00618,2026-05-09,FALSE,
D000752,Line A,Standard,LineA-STA-00752,2026-05-09,FALSE,
D000797,Line A,Standard,LineA-STA-00797,2026-05-09,FALSE,
D000889,Line A,Standard,LineA-STA-00889,2026-05-09,FALSE,
D000898,Line A,Standard,LineA-STA-00898,2026-05-09,FALSE,
D000911,Line A,Standard,LineA-STA-00911,2026-05-09,FALSE,
D000924,Line A,Standard,LineA-STA-00924,2026-05-09,FALSE,
D000964,Line A,Standard,LineA-STA-00964,2026-05-09,FALSE,
D001048,Line A,Standard,LineA-STA-01048,2026-05-09,FALSE,
D001117,Line A,Standard,LineA-STA-01117,2026-05-09,FALSE,
D001206,Line A,Standard,LineA-STA-01206,2026-05-09,FALSE,
D001318,Line A,Standard,LineA-STA-01318,2026-05-09,FALSE,
D001366,Line A,Standard,LineA-STA-01366,2026-05-09,FALSE,
D001411,Line A,Standard,LineA-STA-01411,2026-05-09,FALSE,
D001584,Line A,Standard,LineA-STA-01584,2026-05-09,FALSE,
D001674,Line A,Standard,LineA-STA-01674,2026-05-09,FALSE,
D001980,Line A,Standard,LineA-STA-01980,2026-05-09,FALSE,
D002052,Line A,Standard,LineA-STA-02052,2026-05-09,FALSE,
D002137,Line A,Standard,LineA-STA-02137,2026-05-09,FALSE,
D002146,Line A,Standard,LineA-STA-02146,2026-05-09,FALSE,
D002245,Line A,Standard,LineA-STA-02245,2026-05-09,FALSE,
D002358,Line A,Pro,LineA-PRO-00108,2026-05-09,FALSE,
D002420,Line A,Pro,LineA-PRO-00170,2026-05-09,FALSE,
D002586,Line A,Pro,LineA-PRO-00336,2026-05-09,FALSE,
D002605,Line A,Pro,LineA-PRO-00355,2026-05-09,FALSE,
D003028,Line A,Pro,LineA-PRO-00778,2026-05-09,FALSE,
D003075,Line A,Pro,LineA-PRO-00825,2026-05-09,FALSE,
D003161,Line A,Pro,LineA-PRO-00911,2026-05-09,FALSE,
D003184,Line A,Pro,LineA-PRO-00934,2026-05-09,FALSE,
D003186,Line A,Pro,LineA-PRO-00936,2026-05-09,FALSE,
D003194,Line A,Pro,LineA-PRO-00944,2026-05-09,FALSE,
D003259,Line A,Pro,LineA-PRO-01009,2026-05-09,FALSE,
D003303,Line A,Pro,LineA-PRO-01053,2026-05-09,FALSE,
D003333,Line A,Pro,LineA-PRO-01083,2026-05-09,TRUE,solder_joint
D003483,Line A,Pro,LineA-PRO-01233,2026-05-09,FALSE,
D003517,Line A,Pro,LineA-PRO-01267,2026-05-09,FALSE,
D003613,Line A,Pro,LineA-PRO-01363,2026-05-09,FALSE,
D003624,Line A,Pro,LineA-PRO-01374,2026-05-09,FALSE,
D003643,Line A,Pro,LineA-PRO-01393,2026-05-09,FALSE,
D003645,Line A,Pro,LineA-PRO-01395,2026-05-09,FALSE,
D003686,Line A,Pro,LineA-PRO-01436,2026-05-09,FALSE,
D003733,Line A,Pro,LineA-PRO-01483,2026-05-09,FALSE,
D003809,Line A,Pro,LineA-PRO-01559,2026-05-09,FALSE,
D003812,Line A,Pro,LineA-PRO-01562,2026-05-09,FALSE,
D003971,Line A,Pro,LineA-PRO-01721,2026-05-09,FALSE,
D004115,Line A,Pro,LineA-PRO-01865,2026-05-09,FALSE,
D004163,Line A,Pro,LineA-PRO-01913,2026-05-09,FALSE,
D004167,Line A,Pro,LineA-PRO-01917,2026-05-09,FALSE,
D004200,Line A,Pro,LineA-PRO-01950,2026-05-09,FALSE,
D004230,Line A,Pro,LineA-PRO-01980,2026-05-09,FALSE,
D004239,Line A,Pro,LineA-PRO-01989,2026-05-09,FALSE,
D004260,Line A,Pro,LineA-PRO-02010,2026-05-09,FALSE,
D004474,Line A,Pro,LineA-PRO-02224,2026-05-09,FALSE,
D004493,Line A,Pro,LineA-PRO-02243,2026-05-09,FALSE,
D004517,Line A,Pro,LineA-PRO-02267,2026-05-09,FALSE,
D004531,Line A,Pro,LineA-PRO-02281,2026-05-09,FALSE,
D004544,Line A,Pro,LineA-PRO-02294,2026-05-09,FALSE,
D004622,Line A,Pro,LineA-PRO-02372,2026-05-09,FALSE,
D004745,Line A,Pro,LineA-PRO-02495,2026-05-09,FALSE,
D004785,Line A,Pro,LineA-PRO-02535,2026-05-09,FALSE,
D004897,Line A,Pro,LineA-PRO-02647,2026-05-09,FALSE,
D005090,Line B,Standard,LineB-STA-00090,2026-05-09,FALSE,
D005244,Line B,Standard,LineB-STA-00244,2026-05-09,FALSE,
D005362,Line B,Standard,LineB-STA-00362,2026-05-09,FALSE,
D005396,Line B,Standard,LineB-STA-00396,2026-05-09,FALSE,
D005635,Line B,Standard,LineB-STA-00635,2026-05-09,FALSE,
D005924,Line B,Standard,LineB-STA-00924,2026-05-09,FALSE,
D005938,Line B,Standard,LineB-STA-00938,2026-05-09,FALSE,
D006026,Line B,Standard,LineB-STA-01026,2026-05-09,FALSE,
D006070,Line B,Standard,LineB-STA-01070,2026-05-09,FALSE,
D006128,Line B,Standard,LineB-STA-01128,2026-05-09,FALSE,
D006167,Line B,Standard,LineB-STA-01167,2026-05-09,FALSE,
D006180,Line B,Standard,LineB-STA-01180,2026-05-09,TRUE,label_misprint
D006265,Line B,Standard,LineB-STA-01265,2026-05-09,FALSE,
D006499,Line B,Standard,LineB-STA-01499,2026-05-09,FALSE,
D006586,Line B,Standard,LineB-STA-01586,2026-05-09,FALSE,
D006613,Line B,Standard,LineB-STA-01613,2026-05-09,FALSE,
D006663,Line B,Standard,LineB-STA-01663,2026-05-09,FALSE,
D006683,Line B,Standard,LineB-STA-01683,2026-05-09,FALSE,
D006707,Line B,Standard,LineB-STA-01707,2026-05-09,FALSE,
D006787,Line B,Standard,LineB-STA-01787,2026-05-09,FALSE,
D006924,Line B,Standard,LineB-STA-01924,2026-05-09,FALSE,
D006983,Line B,Standard,LineB-STA-01983,2026-05-09,FALSE,
D007281,Line B,Standard,LineB-STA-02281,2026-05-09,FALSE,
D007591,Line B,Standard,LineB-STA-02591,2026-05-09,FALSE,
D008039,Line B,Standard,LineB-STA-03039,2026-05-09,FALSE,
D008087,Line B,Standard,LineB-STA-03087,2026-05-09,FALSE,
D008154,Line B,Standard,LineB-STA-03154,2026-05-09,FALSE,
D008205,Line B,Standard,LineB-STA-03205,2026-05-09,FALSE,
D008256,Line B,Standard,LineB-STA-03256,2026-05-09,FALSE,
D008418,Line B,Standard,LineB-STA-03418,2026-05-09,FALSE,
D008466,Line B,Standard,LineB-STA-03466,2026-05-09,FALSE,
D008602,Line B,Standard,LineB-STA-03602,2026-05-09,FALSE,
D008795,Line B,Standard,LineB-STA-03795,2026-05-09,FALSE,
D008836,Line B,Standard,LineB-STA-03836,2026-05-09,FALSE,
D008856,Line B,Standard,LineB-STA-03856,2026-05-09,FALSE,
D009031,Line B,Standard,LineB-STA-04031,2026-05-09,FALSE,
D009057,Line B,Standard,LineB-STA-04057,2026-05-09,FALSE,
D009062,Line B,Standard,LineB-STA-04062,2026-05-09,FALSE,
D009165,Line B,Standard,LineB-STA-04165,2026-05-09,FALSE,
D009237,Line B,Standard,LineB-STA-04237,2026-05-09,FALSE,
D009316,Line B,Pro,LineB-PRO-00066,2026-05-09,FALSE,
D009413,Line B,Pro,LineB-PRO-00163,2026-05-09,FALSE,
D009606,Line B,Pro,LineB-PRO-00356,2026-05-09,FALSE,
D009638,Line B,Pro,LineB-PRO-00388,2026-05-09,FALSE,
D009641,Line B,Pro,LineB-PRO-00391,2026-05-09,FALSE,
D009804,Line B,Pro,LineB-PRO-00554,2026-05-09,FALSE,
D009999,Line B,Pro,LineB-PRO-00749,2026-05-09,FALSE,
D000069,Line A,Standard,LineA-STA-00069,2026-05-10,FALSE,
D000163,Line A,Standard,LineA-STA-00163,2026-05-10,FALSE,
D000380,Line A,Standard,LineA-STA-00380,2026-05-10,FALSE,
D000386,Line A,Standard,LineA-STA-00386,2026-05-10,FALSE,
D000449,Line A,Standard,LineA-STA-00449,2026-05-10,FALSE,
D000639,Line A,Standard,LineA-STA-00639,2026-05-10,FALSE,
D000852,Line A,Standard,LineA-STA-00852,2026-05-10,FALSE,
D001034,Line A,Standard,LineA-STA-01034,2026-05-10,FALSE,
D001126,Line A,Standard,LineA-STA-01126,2026-05-10,FALSE,
D001331,Line A,Standard,LineA-STA-01331,2026-05-10,FALSE,
D001468,Line A,Standard,LineA-STA-01468,2026-05-10,FALSE,
D001574,Line A,Standard,LineA-STA-01574,2026-05-10,FALSE,
D001608,Line A,Standard,LineA-STA-01608,2026-05-10,FALSE,
D001667,Line A,Standard,LineA-STA-01667,2026-05-10,FALSE,
D001824,Line A,Standard,LineA-STA-01824,2026-05-10,FALSE,
D001880,Line A,Standard,LineA-STA-01880,2026-05-10,FALSE,
D002009,Line A,Standard,LineA-STA-02009,2026-05-10,FALSE,
D002138,Line A,Standard,LineA-STA-02138,2026-05-10,FALSE,
D002165,Line A,Standard,LineA-STA-02165,2026-05-10,FALSE,
D002234,Line A,Standard,LineA-STA-02234,2026-05-10,FALSE,
D002339,Line A,Pro,LineA-PRO-00089,2026-05-10,FALSE,
D002626,Line A,Pro,LineA-PRO-00376,2026-05-10,FALSE,
D002661,Line A,Pro,LineA-PRO-00411,2026-05-10,FALSE,
D002889,Line A,Pro,LineA-PRO-00639,2026-05-10,FALSE,
D003031,Line A,Pro,LineA-PRO-00781,2026-05-10,FALSE,
D003101,Line A,Pro,LineA-PRO-00851,2026-05-10,FALSE,
D003144,Line A,Pro,LineA-PRO-00894,2026-05-10,FALSE,
D003294,Line A,Pro,LineA-PRO-01044,2026-05-10,FALSE,
D003310,Line A,Pro,LineA-PRO-01060,2026-05-10,FALSE,
D003407,Line A,Pro,LineA-PRO-01157,2026-05-10,FALSE,
D003523,Line A,Pro,LineA-PRO-01273,2026-05-10,FALSE,
D003570,Line A,Pro,LineA-PRO-01320,2026-05-10,FALSE,
D003575,Line A,Pro,LineA-PRO-01325,2026-05-10,FALSE,
D003709,Line A,Pro,LineA-PRO-01459,2026-05-10,FALSE,
D003786,Line A,Pro,LineA-PRO-01536,2026-05-10,FALSE,
D003796,Line A,Pro,LineA-PRO-01546,2026-05-10,FALSE,
D003850,Line A,Pro,LineA-PRO-01600,2026-05-10,FALSE,
D004118,Line A,Pro,LineA-PRO-01868,2026-05-10,FALSE,
D004506,Line A,Pro,LineA-PRO-02256,2026-05-10,FALSE,
D004620,Line A,Pro,LineA-PRO-02370,2026-05-10,FALSE,
D004631,Line A,Pro,LineA-PRO-02381,2026-05-10,FALSE,
D004643,Line A,Pro,LineA-PRO-02393,2026-05-10,FALSE,
D004680,Line A,Pro,LineA-PRO-02430,2026-05-10,FALSE,
D004986,Line A,Pro,LineA-PRO-02736,2026-05-10,FALSE,
D005309,Line B,Standard,LineB-STA-00309,2026-05-10,FALSE,
D005391,Line B,Standard,LineB-STA-00391,2026-05-10,FALSE,
D005438,Line B,Standard,LineB-STA-00438,2026-05-10,FALSE,
D005462,Line B,Standard,LineB-STA-00462,2026-05-10,FALSE,
D005552,Line B,Standard,LineB-STA-00552,2026-05-10,FALSE,
D005580,Line B,Standard,LineB-STA-00580,2026-05-10,FALSE,
D005646,Line B,Standard,LineB-STA-00646,2026-05-10,FALSE,
D005689,Line B,Standard,LineB-STA-00689,2026-05-10,FALSE,
D005777,Line B,Standard,LineB-STA-00777,2026-05-10,FALSE,
D005806,Line B,Standard,LineB-STA-00806,2026-05-10,FALSE,
D005811,Line B,Standard,LineB-STA-00811,2026-05-10,FALSE,
D005902,Line B,Standard,LineB-STA-00902,2026-05-10,FALSE,
D005950,Line B,Standard,LineB-STA-00950,2026-05-10,FALSE,
D005961,Line B,Standard,LineB-STA-00961,2026-05-10,FALSE,
D006036,Line B,Standard,LineB-STA-01036,2026-05-10,FALSE,
D006477,Line B,Standard,LineB-STA-01477,2026-05-10,FALSE,
D006481,Line B,Standard,LineB-STA-01481,2026-05-10,FALSE,
D006533,Line B,Standard,LineB-STA-01533,2026-05-10,FALSE,
D006648,Line B,Standard,LineB-STA-01648,2026-05-10,FALSE,
D006675,Line B,Standard,LineB-STA-01675,2026-05-10,FALSE,
D006677,Line B,Standard,LineB-STA-01677,2026-05-10,FALSE,
D006710,Line B,Standard,LineB-STA-01710,2026-05-10,FALSE,
D006907,Line B,Standard,LineB-STA-01907,2026-05-10,FALSE,
D006979,Line B,Standard,LineB-STA-01979,2026-05-10,FALSE,
D007027,Line B,Standard,LineB-STA-02027,2026-05-10,FALSE,
D007064,Line B,Standard,LineB-STA-02064,2026-05-10,FALSE,
D007174,Line B,Standard,LineB-STA-02174,2026-05-10,FALSE,
D007234,Line B,Standard,LineB-STA-02234,2026-05-10,FALSE,
D007272,Line B,Standard,LineB-STA-02272,2026-05-10,FALSE,
D007421,Line B,Standard,LineB-STA-02421,2026-05-10,FALSE,
D007447,Line B,Standard,LineB-STA-02447,2026-05-10,FALSE,
D007587,Line B,Standard,LineB-STA-02587,2026-05-10,FALSE,
D007638,Line B,Standard,LineB-STA-02638,2026-05-10,FALSE,
D007674,Line B,Standard,LineB-STA-02674,2026-05-10,FALSE,
D007707,Line B,Standard,LineB-STA-02707,2026-05-10,FALSE,
D007778,Line B,Standard,LineB-STA-02778,2026-05-10,FALSE,
D007855,Line B,Standard,LineB-STA-02855,2026-05-10,FALSE,
D008079,Line B,Standard,LineB-STA-03079,2026-05-10,FALSE,
D008142,Line B,Standard,LineB-STA-03142,2026-05-10,FALSE,
D008237,Line B,Standard,LineB-STA-03237,2026-05-10,FALSE,
D008496,Line B,Standard,LineB-STA-03496,2026-05-10,FALSE,
D008501,Line B,Standard,LineB-STA-03501,2026-05-10,FALSE,
D008807,Line B,Standard,LineB-STA-03807,2026-05-10,FALSE,
D009028,Line B,Standard,LineB-STA-04028,2026-05-10,FALSE,
D009112,Line B,Standard,LineB-STA-04112,2026-05-10,FALSE,
D009285,Line B,Pro,LineB-PRO-00035,2026-05-10,FALSE,
D009439,Line B,Pro,LineB-PRO-00189,2026-05-10,FALSE,
D009480,Line B,Pro,LineB-PRO-00230,2026-05-10,FALSE,
D009585,Line B,Pro,LineB-PRO-00335,2026-05-10,FALSE,
D009605,Line B,Pro,LineB-PRO-00355,2026-05-10,FALSE,
D009631,Line B,Pro,LineB-PRO-00381,2026-05-10,TRUE,battery_swell
D009645,Line B,Pro,LineB-PRO-00395,2026-05-10,FALSE,
D009835,Line B,Pro,LineB-PRO-00585,2026-05-10,TRUE,capacitor_leak
D009866,Line B,Pro,LineB-PRO-00616,2026-05-10,FALSE,
D000036,Line A,Standard,LineA-STA-00036,2026-05-11,FALSE,
D000037,Line A,Standard,LineA-STA-00037,2026-05-11,FALSE,
D000045,Line A,Standard,LineA-STA-00045,2026-05-11,FALSE,
D000062,Line A,Standard,LineA-STA-00062,2026-05-11,FALSE,
D000141,Line A,Standard,LineA-STA-00141,2026-05-11,FALSE,
D000192,Line A,Standard,LineA-STA-00192,2026-05-11,FALSE,
D000213,Line A,Standard,LineA-STA-00213,2026-05-11,FALSE,
D000240,Line A,Standard,LineA-STA-00240,2026-05-11,FALSE,
D000539,Line A,Standard,LineA-STA-00539,2026-05-11,FALSE,
D000568,Line A,Standard,LineA-STA-00568,2026-05-11,FALSE,
D000649,Line A,Standard,LineA-STA-00649,2026-05-11,FALSE,
D000790,Line A,Standard,LineA-STA-00790,2026-05-11,FALSE,
D000847,Line A,Standard,LineA-STA-00847,2026-05-11,FALSE,
D000930,Line A,Standard,LineA-STA-00930,2026-05-11,FALSE,
D000933,Line A,Standard,LineA-STA-00933,2026-05-11,FALSE,
D001046,Line A,Standard,LineA-STA-01046,2026-05-11,FALSE,
D001103,Line A,Standard,LineA-STA-01103,2026-05-11,FALSE,
D001123,Line A,Standard,LineA-STA-01123,2026-05-11,FALSE,
D001153,Line A,Standard,LineA-STA-01153,2026-05-11,FALSE,
D001364,Line A,Standard,LineA-STA-01364,2026-05-11,FALSE,
D001396,Line A,Standard,LineA-STA-01396,2026-05-11,FALSE,
D001432,Line A,Standard,LineA-STA-01432,2026-05-11,FALSE,
D001557,Line A,Standard,LineA-STA-01557,2026-05-11,FALSE,
D001642,Line A,Standard,LineA-STA-01642,2026-05-11,FALSE,
D001646,Line A,Standard,LineA-STA-01646,2026-05-11,FALSE,
D001660,Line A,Standard,LineA-STA-01660,2026-05-11,FALSE,
D001782,Line A,Standard,LineA-STA-01782,2026-05-11,FALSE,
D001809,Line A,Standard,LineA-STA-01809,2026-05-11,FALSE,
D001868,Line A,Standard,LineA-STA-01868,2026-05-11,FALSE,
D001893,Line A,Standard,LineA-STA-01893,2026-05-11,FALSE,
D001904,Line A,Standard,LineA-STA-01904,2026-05-11,FALSE,
D001945,Line A,Standard,LineA-STA-01945,2026-05-11,FALSE,
D002080,Line A,Standard,LineA-STA-02080,2026-05-11,FALSE,
D002257,Line A,Pro,LineA-PRO-00007,2026-05-11,FALSE,
D002465,Line A,Pro,LineA-PRO-00215,2026-05-11,FALSE,
D003056,Line A,Pro,LineA-PRO-00806,2026-05-11,FALSE,
D003067,Line A,Pro,LineA-PRO-00817,2026-05-11,FALSE,
D003127,Line A,Pro,LineA-PRO-00877,2026-05-11,FALSE,
D003232,Line A,Pro,LineA-PRO-00982,2026-05-11,FALSE,
D003257,Line A,Pro,LineA-PRO-01007,2026-05-11,FALSE,
D003387,Line A,Pro,LineA-PRO-01137,2026-05-11,FALSE,
D003508,Line A,Pro,LineA-PRO-01258,2026-05-11,FALSE,
D003594,Line A,Pro,LineA-PRO-01344,2026-05-11,FALSE,
D003649,Line A,Pro,LineA-PRO-01399,2026-05-11,FALSE,
D003689,Line A,Pro,LineA-PRO-01439,2026-05-11,FALSE,
D003731,Line A,Pro,LineA-PRO-01481,2026-05-11,FALSE,
D003753,Line A,Pro,LineA-PRO-01503,2026-05-11,FALSE,
D003775,Line A,Pro,LineA-PRO-01525,2026-05-11,FALSE,
D003851,Line A,Pro,LineA-PRO-01601,2026-05-11,FALSE,
D003863,Line A,Pro,LineA-PRO-01613,2026-05-11,FALSE,
D003987,Line A,Pro,LineA-PRO-01737,2026-05-11,FALSE,
D003994,Line A,Pro,LineA-PRO-01744,2026-05-11,FALSE,
D004006,Line A,Pro,LineA-PRO-01756,2026-05-11,FALSE,
D004009,Line A,Pro,LineA-PRO-01759,2026-05-11,FALSE,
D004201,Line A,Pro,LineA-PRO-01951,2026-05-11,FALSE,
D004304,Line A,Pro,LineA-PRO-02054,2026-05-11,FALSE,
D004453,Line A,Pro,LineA-PRO-02203,2026-05-11,FALSE,
D004475,Line A,Pro,LineA-PRO-02225,2026-05-11,FALSE,
D004722,Line A,Pro,LineA-PRO-02472,2026-05-11,FALSE,
D004748,Line A,Pro,LineA-PRO-02498,2026-05-11,FALSE,
D004766,Line A,Pro,LineA-PRO-02516,2026-05-11,FALSE,
D004835,Line A,Pro,LineA-PRO-02585,2026-05-11,FALSE,
D004970,Line A,Pro,LineA-PRO-02720,2026-05-11,FALSE,
D005015,Line B,Standard,LineB-STA-00015,2026-05-11,FALSE,
D005103,Line B,Standard,LineB-STA-00103,2026-05-11,FALSE,
D005113,Line B,Standard,LineB-STA-00113,2026-05-11,FALSE,
D005185,Line B,Standard,LineB-STA-00185,2026-05-11,FALSE,
D005191,Line B,Standard,LineB-STA-00191,2026-05-11,FALSE,
D005270,Line B,Standard,LineB-STA-00270,2026-05-11,FALSE,
D005295,Line B,Standard,LineB-STA-00295,2026-05-11,FALSE,
D005479,Line B,Standard,LineB-STA-00479,2026-05-11,FALSE,
D005545,Line B,Standard,LineB-STA-00545,2026-05-11,FALSE,
D005648,Line B,Standard,LineB-STA-00648,2026-05-11,FALSE,
D005738,Line B,Standard,LineB-STA-00738,2026-05-11,FALSE,
D005748,Line B,Standard,LineB-STA-00748,2026-05-11,FALSE,
D005795,Line B,Standard,LineB-STA-00795,2026-05-11,FALSE,
D005820,Line B,Standard,LineB-STA-00820,2026-05-11,FALSE,
D005992,Line B,Standard,LineB-STA-00992,2026-05-11,FALSE,
D006056,Line B,Standard,LineB-STA-01056,2026-05-11,FALSE,
D006216,Line B,Standard,LineB-STA-01216,2026-05-11,FALSE,
D006241,Line B,Standard,LineB-STA-01241,2026-05-11,FALSE,
D006267,Line B,Standard,LineB-STA-01267,2026-05-11,FALSE,
D006309,Line B,Standard,LineB-STA-01309,2026-05-11,FALSE,
D006516,Line B,Standard,LineB-STA-01516,2026-05-11,FALSE,
D006597,Line B,Standard,LineB-STA-01597,2026-05-11,FALSE,
D006655,Line B,Standard,LineB-STA-01655,2026-05-11,FALSE,
D006678,Line B,Standard,LineB-STA-01678,2026-05-11,FALSE,
D006713,Line B,Standard,LineB-STA-01713,2026-05-11,FALSE,
D006807,Line B,Standard,LineB-STA-01807,2026-05-11,FALSE,
D006919,Line B,Standard,LineB-STA-01919,2026-05-11,FALSE,
D006960,Line B,Standard,LineB-STA-01960,2026-05-11,FALSE,
D007420,Line B,Standard,LineB-STA-02420,2026-05-11,FALSE,
D007426,Line B,Standard,LineB-STA-02426,2026-05-11,FALSE,
D007523,Line B,Standard,LineB-STA-02523,2026-05-11,FALSE,
D007540,Line B,Standard,LineB-STA-02540,2026-05-11,FALSE,
D007601,Line B,Standard,LineB-STA-02601,2026-05-11,FALSE,
D007793,Line B,Standard,LineB-STA-02793,2026-05-11,FALSE,
D007818,Line B,Standard,LineB-STA-02818,2026-05-11,FALSE,
D007935,Line B,Standard,LineB-STA-02935,2026-05-11,FALSE,
D007972,Line B,Standard,LineB-STA-02972,2026-05-11,FALSE,
D008118,Line B,Standard,LineB-STA-03118,2026-05-11,TRUE,screen_dead_pixel
D008122,Line B,Standard,LineB-STA-03122,2026-05-11,FALSE,
D008137,Line B,Standard,LineB-STA-03137,2026-05-11,FALSE,
D008146,Line B,Standard,LineB-STA-03146,2026-05-11,FALSE,
D008231,Line B,Standard,LineB-STA-03231,2026-05-11,FALSE,
D008288,Line B,Standard,LineB-STA-03288,2026-05-11,TRUE,battery_swell
D008402,Line B,Standard,LineB-STA-03402,2026-05-11,FALSE,
D008412,Line B,Standard,LineB-STA-03412,2026-05-11,FALSE,
D008420,Line B,Standard,LineB-STA-03420,2026-05-11,FALSE,
D008443,Line B,Standard,LineB-STA-03443,2026-05-11,FALSE,
D008526,Line B,Standard,LineB-STA-03526,2026-05-11,FALSE,
D008580,Line B,Standard,LineB-STA-03580,2026-05-11,FALSE,
D008582,Line B,Standard,LineB-STA-03582,2026-05-11,FALSE,
D008622,Line B,Standard,LineB-STA-03622,2026-05-11,FALSE,
D008643,Line B,Standard,LineB-STA-03643,2026-05-11,FALSE,
D008718,Line B,Standard,LineB-STA-03718,2026-05-11,FALSE,
D009075,Line B,Standard,LineB-STA-04075,2026-05-11,FALSE,
D009344,Line B,Pro,LineB-PRO-00094,2026-05-11,FALSE,
D009408,Line B,Pro,LineB-PRO-00158,2026-05-11,FALSE,
D009566,Line B,Pro,LineB-PRO-00316,2026-05-11,TRUE,screen_dead_pixel
D009583,Line B,Pro,LineB-PRO-00333,2026-05-11,FALSE,
D009622,Line B,Pro,LineB-PRO-00372,2026-05-11,FALSE,
D000140,Line A,Standard,LineA-STA-00140,2026-05-12,TRUE,label_misprint
D000208,Line A,Standard,LineA-STA-00208,2026-05-12,FALSE,
D000296,Line A,Standard,LineA-STA-00296,2026-05-12,FALSE,
D000350,Line A,Standard,LineA-STA-00350,2026-05-12,FALSE,
D000358,Line A,Standard,LineA-STA-00358,2026-05-12,FALSE,
D000427,Line A,Standard,LineA-STA-00427,2026-05-12,FALSE,
D000543,Line A,Standard,LineA-STA-00543,2026-05-12,FALSE,
D000632,Line A,Standard,LineA-STA-00632,2026-05-12,FALSE,
D000821,Line A,Standard,LineA-STA-00821,2026-05-12,FALSE,
D000873,Line A,Standard,LineA-STA-00873,2026-05-12,TRUE,capacitor_leak
D000925,Line A,Standard,LineA-STA-00925,2026-05-12,FALSE,
D000940,Line A,Standard,LineA-STA-00940,2026-05-12,FALSE,
D001094,Line A,Standard,LineA-STA-01094,2026-05-12,FALSE,
D001235,Line A,Standard,LineA-STA-01235,2026-05-12,FALSE,
D001254,Line A,Standard,LineA-STA-01254,2026-05-12,FALSE,
D001275,Line A,Standard,LineA-STA-01275,2026-05-12,FALSE,
D001292,Line A,Standard,LineA-STA-01292,2026-05-12,FALSE,
D001474,Line A,Standard,LineA-STA-01474,2026-05-12,FALSE,
D001554,Line A,Standard,LineA-STA-01554,2026-05-12,FALSE,
D001575,Line A,Standard,LineA-STA-01575,2026-05-12,FALSE,
D001645,Line A,Standard,LineA-STA-01645,2026-05-12,FALSE,
D001680,Line A,Standard,LineA-STA-01680,2026-05-12,FALSE,
D001777,Line A,Standard,LineA-STA-01777,2026-05-12,FALSE,
D001843,Line A,Standard,LineA-STA-01843,2026-05-12,FALSE,
D001861,Line A,Standard,LineA-STA-01861,2026-05-12,FALSE,
D002087,Line A,Standard,LineA-STA-02087,2026-05-12,TRUE,connector_seating
D002148,Line A,Standard,LineA-STA-02148,2026-05-12,FALSE,
D002516,Line A,Pro,LineA-PRO-00266,2026-05-12,FALSE,
D002676,Line A,Pro,LineA-PRO-00426,2026-05-12,FALSE,
D002682,Line A,Pro,LineA-PRO-00432,2026-05-12,FALSE,
D002786,Line A,Pro,LineA-PRO-00536,2026-05-12,FALSE,
D002790,Line A,Pro,LineA-PRO-00540,2026-05-12,FALSE,
D002793,Line A,Pro,LineA-PRO-00543,2026-05-12,FALSE,
D002853,Line A,Pro,LineA-PRO-00603,2026-05-12,FALSE,
D002956,Line A,Pro,LineA-PRO-00706,2026-05-12,FALSE,
D003256,Line A,Pro,LineA-PRO-01006,2026-05-12,FALSE,
D003400,Line A,Pro,LineA-PRO-01150,2026-05-12,FALSE,
D003481,Line A,Pro,LineA-PRO-01231,2026-05-12,FALSE,
D003581,Line A,Pro,LineA-PRO-01331,2026-05-12,FALSE,
D003598,Line A,Pro,LineA-PRO-01348,2026-05-12,FALSE,
D003835,Line A,Pro,LineA-PRO-01585,2026-05-12,FALSE,
D003869,Line A,Pro,LineA-PRO-01619,2026-05-12,FALSE,
D003942,Line A,Pro,LineA-PRO-01692,2026-05-12,FALSE,
D004071,Line A,Pro,LineA-PRO-01821,2026-05-12,FALSE,
D004089,Line A,Pro,LineA-PRO-01839,2026-05-12,FALSE,
D004096,Line A,Pro,LineA-PRO-01846,2026-05-12,FALSE,
D004554,Line A,Pro,LineA-PRO-02304,2026-05-12,FALSE,
D004658,Line A,Pro,LineA-PRO-02408,2026-05-12,FALSE,
D004710,Line A,Pro,LineA-PRO-02460,2026-05-12,FALSE,
D004741,Line A,Pro,LineA-PRO-02491,2026-05-12,FALSE,
D004751,Line A,Pro,LineA-PRO-02501,2026-05-12,FALSE,
D004845,Line A,Pro,LineA-PRO-02595,2026-05-12,FALSE,
D004955,Line A,Pro,LineA-PRO-02705,2026-05-12,FALSE,
D005082,Line B,Standard,LineB-STA-00082,2026-05-12,FALSE,
D005101,Line B,Standard,LineB-STA-00101,2026-05-12,FALSE,
D005173,Line B,Standard,LineB-STA-00173,2026-05-12,FALSE,
D005263,Line B,Standard,LineB-STA-00263,2026-05-12,FALSE,
D005292,Line B,Standard,LineB-STA-00292,2026-05-12,FALSE,
D005392,Line B,Standard,LineB-STA-00392,2026-05-12,FALSE,
D005466,Line B,Standard,LineB-STA-00466,2026-05-12,FALSE,
D005482,Line B,Standard,LineB-STA-00482,2026-05-12,FALSE,
D005521,Line B,Standard,LineB-STA-00521,2026-05-12,FALSE,
D005625,Line B,Standard,LineB-STA-00625,2026-05-12,FALSE,
D005634,Line B,Standard,LineB-STA-00634,2026-05-12,FALSE,
D005880,Line B,Standard,LineB-STA-00880,2026-05-12,FALSE,
D005887,Line B,Standard,LineB-STA-00887,2026-05-12,FALSE,
D005995,Line B,Standard,LineB-STA-00995,2026-05-12,FALSE,
D006127,Line B,Standard,LineB-STA-01127,2026-05-12,FALSE,
D006157,Line B,Standard,LineB-STA-01157,2026-05-12,FALSE,
D006222,Line B,Standard,LineB-STA-01222,2026-05-12,FALSE,
D006355,Line B,Standard,LineB-STA-01355,2026-05-12,FALSE,
D006379,Line B,Standard,LineB-STA-01379,2026-05-12,FALSE,
D006689,Line B,Standard,LineB-STA-01689,2026-05-12,FALSE,
D006698,Line B,Standard,LineB-STA-01698,2026-05-12,FALSE,
D006737,Line B,Standard,LineB-STA-01737,2026-05-12,FALSE,
D006740,Line B,Standard,LineB-STA-01740,2026-05-12,FALSE,
D006753,Line B,Standard,LineB-STA-01753,2026-05-12,FALSE,
D006782,Line B,Standard,LineB-STA-01782,2026-05-12,FALSE,
D006794,Line B,Standard,LineB-STA-01794,2026-05-12,FALSE,
D006812,Line B,Standard,LineB-STA-01812,2026-05-12,FALSE,
D006841,Line B,Standard,LineB-STA-01841,2026-05-12,FALSE,
D006888,Line B,Standard,LineB-STA-01888,2026-05-12,FALSE,
D006894,Line B,Standard,LineB-STA-01894,2026-05-12,FALSE,
D006918,Line B,Standard,LineB-STA-01918,2026-05-12,FALSE,
D006994,Line B,Standard,LineB-STA-01994,2026-05-12,TRUE,solder_joint
D007033,Line B,Standard,LineB-STA-02033,2026-05-12,FALSE,
D007069,Line B,Standard,LineB-STA-02069,2026-05-12,FALSE,
D007107,Line B,Standard,LineB-STA-02107,2026-05-12,FALSE,
D007126,Line B,Standard,LineB-STA-02126,2026-05-12,FALSE,
D007226,Line B,Standard,LineB-STA-02226,2026-05-12,FALSE,
D007268,Line B,Standard,LineB-STA-02268,2026-05-12,TRUE,solder_joint
D007400,Line B,Standard,LineB-STA-02400,2026-05-12,FALSE,
D007410,Line B,Standard,LineB-STA-02410,2026-05-12,FALSE,
D007442,Line B,Standard,LineB-STA-02442,2026-05-12,FALSE,
D007477,Line B,Standard,LineB-STA-02477,2026-05-12,FALSE,
D007529,Line B,Standard,LineB-STA-02529,2026-05-12,FALSE,
D007672,Line B,Standard,LineB-STA-02672,2026-05-12,FALSE,
D007759,Line B,Standard,LineB-STA-02759,2026-05-12,FALSE,
D007773,Line B,Standard,LineB-STA-02773,2026-05-12,FALSE,
D007889,Line B,Standard,LineB-STA-02889,2026-05-12,FALSE,
D007983,Line B,Standard,LineB-STA-02983,2026-05-12,FALSE,
D008061,Line B,Standard,LineB-STA-03061,2026-05-12,FALSE,
D008213,Line B,Standard,LineB-STA-03213,2026-05-12,FALSE,
D008333,Line B,Standard,LineB-STA-03333,2026-05-12,FALSE,
D008367,Line B,Standard,LineB-STA-03367,2026-05-12,FALSE,
D008432,Line B,Standard,LineB-STA-03432,2026-05-12,FALSE,
D008483,Line B,Standard,LineB-STA-03483,2026-05-12,FALSE,
D008523,Line B,Standard,LineB-STA-03523,2026-05-12,FALSE,
D008537,Line B,Standard,LineB-STA-03537,2026-05-12,FALSE,
D008554,Line B,Standard,LineB-STA-03554,2026-05-12,FALSE,
D008573,Line B,Standard,LineB-STA-03573,2026-05-12,FALSE,
D008634,Line B,Standard,LineB-STA-03634,2026-05-12,FALSE,
D008638,Line B,Standard,LineB-STA-03638,2026-05-12,FALSE,
D008650,Line B,Standard,LineB-STA-03650,2026-05-12,FALSE,
D008653,Line B,Standard,LineB-STA-03653,2026-05-12,FALSE,
D008658,Line B,Standard,LineB-STA-03658,2026-05-12,FALSE,
D008719,Line B,Standard,LineB-STA-03719,2026-05-12,FALSE,
D008769,Line B,Standard,LineB-STA-03769,2026-05-12,FALSE,
D008815,Line B,Standard,LineB-STA-03815,2026-05-12,FALSE,
D008936,Line B,Standard,LineB-STA-03936,2026-05-12,FALSE,
D009001,Line B,Standard,LineB-STA-04001,2026-05-12,FALSE,
D009111,Line B,Standard,LineB-STA-04111,2026-05-12,FALSE,
D009287,Line B,Pro,LineB-PRO-00037,2026-05-12,FALSE,
D009337,Line B,Pro,LineB-PRO-00087,2026-05-12,FALSE,
D009340,Line B,Pro,LineB-PRO-00090,2026-05-12,FALSE,
D009548,Line B,Pro,LineB-PRO-00298,2026-05-12,FALSE,
D009611,Line B,Pro,LineB-PRO-00361,2026-05-12,FALSE,
D009756,Line B,Pro,LineB-PRO-00506,2026-05-12,FALSE,
D009855,Line B,Pro,LineB-PRO-00605,2026-05-12,FALSE,
D009886,Line B,Pro,LineB-PRO-00636,2026-05-12,FALSE,
D000132,Line A,Standard,LineA-STA-00132,2026-05-13,FALSE,
D000158,Line A,Standard,LineA-STA-00158,2026-05-13,FALSE,
D000281,Line A,Standard,LineA-STA-00281,2026-05-13,FALSE,
D000319,Line A,Standard,LineA-STA-00319,2026-05-13,FALSE,
D000332,Line A,Standard,LineA-STA-00332,2026-05-13,FALSE,
D000366,Line A,Standard,LineA-STA-00366,2026-05-13,FALSE,
D000594,Line A,Standard,LineA-STA-00594,2026-05-13,FALSE,
D000617,Line A,Standard,LineA-STA-00617,2026-05-13,FALSE,
D000664,Line A,Standard,LineA-STA-00664,2026-05-13,FALSE,
D000772,Line A,Standard,LineA-STA-00772,2026-05-13,FALSE,
D000805,Line A,Standard,LineA-STA-00805,2026-05-13,FALSE,
D000914,Line A,Standard,LineA-STA-00914,2026-05-13,FALSE,
D000917,Line A,Standard,LineA-STA-00917,2026-05-13,FALSE,
D000919,Line A,Standard,LineA-STA-00919,2026-05-13,FALSE,
D001003,Line A,Standard,LineA-STA-01003,2026-05-13,FALSE,
D001063,Line A,Standard,LineA-STA-01063,2026-05-13,FALSE,
D001515,Line A,Standard,LineA-STA-01515,2026-05-13,FALSE,
D001604,Line A,Standard,LineA-STA-01604,2026-05-13,FALSE,
D001724,Line A,Standard,LineA-STA-01724,2026-05-13,FALSE,
D001837,Line A,Standard,LineA-STA-01837,2026-05-13,FALSE,
D001911,Line A,Standard,LineA-STA-01911,2026-05-13,FALSE,
D001970,Line A,Standard,LineA-STA-01970,2026-05-13,FALSE,
D002129,Line A,Standard,LineA-STA-02129,2026-05-13,FALSE,
D002350,Line A,Pro,LineA-PRO-00100,2026-05-13,TRUE,capacitor_leak
D002447,Line A,Pro,LineA-PRO-00197,2026-05-13,FALSE,
D002564,Line A,Pro,LineA-PRO-00314,2026-05-13,FALSE,
D002584,Line A,Pro,LineA-PRO-00334,2026-05-13,FALSE,
D002686,Line A,Pro,LineA-PRO-00436,2026-05-13,FALSE,
D002768,Line A,Pro,LineA-PRO-00518,2026-05-13,FALSE,
D002820,Line A,Pro,LineA-PRO-00570,2026-05-13,FALSE,
D002910,Line A,Pro,LineA-PRO-00660,2026-05-13,FALSE,
D002924,Line A,Pro,LineA-PRO-00674,2026-05-13,FALSE,
D002946,Line A,Pro,LineA-PRO-00696,2026-05-13,FALSE,
D003017,Line A,Pro,LineA-PRO-00767,2026-05-13,FALSE,
D003084,Line A,Pro,LineA-PRO-00834,2026-05-13,FALSE,
D003164,Line A,Pro,LineA-PRO-00914,2026-05-13,FALSE,
D003754,Line A,Pro,LineA-PRO-01504,2026-05-13,FALSE,
D003823,Line A,Pro,LineA-PRO-01573,2026-05-13,FALSE,
D003957,Line A,Pro,LineA-PRO-01707,2026-05-13,FALSE,
D004061,Line A,Pro,LineA-PRO-01811,2026-05-13,FALSE,
D004085,Line A,Pro,LineA-PRO-01835,2026-05-13,TRUE,solder_joint
D004279,Line A,Pro,LineA-PRO-02029,2026-05-13,FALSE,
D004415,Line A,Pro,LineA-PRO-02165,2026-05-13,FALSE,
D004497,Line A,Pro,LineA-PRO-02247,2026-05-13,FALSE,
D004850,Line A,Pro,LineA-PRO-02600,2026-05-13,FALSE,
D004974,Line A,Pro,LineA-PRO-02724,2026-05-13,FALSE,
D004985,Line A,Pro,LineA-PRO-02735,2026-05-13,FALSE,
D004997,Line A,Pro,LineA-PRO-02747,2026-05-13,FALSE,
D005176,Line B,Standard,LineB-STA-00176,2026-05-13,FALSE,
D005319,Line B,Standard,LineB-STA-00319,2026-05-13,FALSE,
D005328,Line B,Standard,LineB-STA-00328,2026-05-13,FALSE,
D005346,Line B,Standard,LineB-STA-00346,2026-05-13,FALSE,
D005439,Line B,Standard,LineB-STA-00439,2026-05-13,FALSE,
D005539,Line B,Standard,LineB-STA-00539,2026-05-13,FALSE,
D005560,Line B,Standard,LineB-STA-00560,2026-05-13,FALSE,
D005605,Line B,Standard,LineB-STA-00605,2026-05-13,FALSE,
D005690,Line B,Standard,LineB-STA-00690,2026-05-13,FALSE,
D005746,Line B,Standard,LineB-STA-00746,2026-05-13,FALSE,
D005896,Line B,Standard,LineB-STA-00896,2026-05-13,FALSE,
D005947,Line B,Standard,LineB-STA-00947,2026-05-13,FALSE,
D006080,Line B,Standard,LineB-STA-01080,2026-05-13,FALSE,
D006233,Line B,Standard,LineB-STA-01233,2026-05-13,FALSE,
D006330,Line B,Standard,LineB-STA-01330,2026-05-13,FALSE,
D006398,Line B,Standard,LineB-STA-01398,2026-05-13,FALSE,
D006450,Line B,Standard,LineB-STA-01450,2026-05-13,TRUE,cosmetic_scratch
D006460,Line B,Standard,LineB-STA-01460,2026-05-13,FALSE,
D006555,Line B,Standard,LineB-STA-01555,2026-05-13,FALSE,
D006634,Line B,Standard,LineB-STA-01634,2026-05-13,FALSE,
D006711,Line B,Standard,LineB-STA-01711,2026-05-13,FALSE,
D006817,Line B,Standard,LineB-STA-01817,2026-05-13,FALSE,
D006846,Line B,Standard,LineB-STA-01846,2026-05-13,FALSE,
D007036,Line B,Standard,LineB-STA-02036,2026-05-13,FALSE,
D007097,Line B,Standard,LineB-STA-02097,2026-05-13,FALSE,
D007323,Line B,Standard,LineB-STA-02323,2026-05-13,FALSE,
D007385,Line B,Standard,LineB-STA-02385,2026-05-13,FALSE,
D007416,Line B,Standard,LineB-STA-02416,2026-05-13,TRUE,housing_crack
D007592,Line B,Standard,LineB-STA-02592,2026-05-13,FALSE,
D007623,Line B,Standard,LineB-STA-02623,2026-05-13,FALSE,
D007836,Line B,Standard,LineB-STA-02836,2026-05-13,FALSE,
D007958,Line B,Standard,LineB-STA-02958,2026-05-13,FALSE,
D008135,Line B,Standard,LineB-STA-03135,2026-05-13,FALSE,
D008248,Line B,Standard,LineB-STA-03248,2026-05-13,FALSE,
D008268,Line B,Standard,LineB-STA-03268,2026-05-13,FALSE,
D008312,Line B,Standard,LineB-STA-03312,2026-05-13,FALSE,
D008533,Line B,Standard,LineB-STA-03533,2026-05-13,FALSE,
D008767,Line B,Standard,LineB-STA-03767,2026-05-13,FALSE,
D008811,Line B,Standard,LineB-STA-03811,2026-05-13,FALSE,
D008959,Line B,Standard,LineB-STA-03959,2026-05-13,FALSE,
D008998,Line B,Standard,LineB-STA-03998,2026-05-13,FALSE,
D009150,Line B,Standard,LineB-STA-04150,2026-05-13,FALSE,
D009353,Line B,Pro,LineB-PRO-00103,2026-05-13,FALSE,
D009379,Line B,Pro,LineB-PRO-00129,2026-05-13,FALSE,
D009398,Line B,Pro,LineB-PRO-00148,2026-05-13,TRUE,solder_joint
D009454,Line B,Pro,LineB-PRO-00204,2026-05-13,FALSE,
D009621,Line B,Pro,LineB-PRO-00371,2026-05-13,FALSE,
D009666,Line B,Pro,LineB-PRO-00416,2026-05-13,FALSE,
D009893,Line B,Pro,LineB-PRO-00643,2026-05-13,FALSE,
D009954,Line B,Pro,LineB-PRO-00704,2026-05-13,FALSE,
D000033,Line A,Standard,LineA-STA-00033,2026-05-14,FALSE,
D000119,Line A,Standard,LineA-STA-00119,2026-05-14,FALSE,
D000147,Line A,Standard,LineA-STA-00147,2026-05-14,FALSE,
D000217,Line A,Standard,LineA-STA-00217,2026-05-14,FALSE,
D000339,Line A,Standard,LineA-STA-00339,2026-05-14,FALSE,
D000673,Line A,Standard,LineA-STA-00673,2026-05-14,FALSE,
D000817,Line A,Standard,LineA-STA-00817,2026-05-14,FALSE,
D001035,Line A,Standard,LineA-STA-01035,2026-05-14,FALSE,
D001053,Line A,Standard,LineA-STA-01053,2026-05-14,FALSE,
D001294,Line A,Standard,LineA-STA-01294,2026-05-14,FALSE,
D001300,Line A,Standard,LineA-STA-01300,2026-05-14,FALSE,
D001352,Line A,Standard,LineA-STA-01352,2026-05-14,FALSE,
D001841,Line A,Standard,LineA-STA-01841,2026-05-14,FALSE,
D001860,Line A,Standard,LineA-STA-01860,2026-05-14,TRUE,connector_seating
D001949,Line A,Standard,LineA-STA-01949,2026-05-14,FALSE,
D001956,Line A,Standard,LineA-STA-01956,2026-05-14,FALSE,
D002136,Line A,Standard,LineA-STA-02136,2026-05-14,FALSE,
D002342,Line A,Pro,LineA-PRO-00092,2026-05-14,FALSE,
D002400,Line A,Pro,LineA-PRO-00150,2026-05-14,FALSE,
D002461,Line A,Pro,LineA-PRO-00211,2026-05-14,FALSE,
D002593,Line A,Pro,LineA-PRO-00343,2026-05-14,FALSE,
D002631,Line A,Pro,LineA-PRO-00381,2026-05-14,TRUE,solder_joint
D002632,Line A,Pro,LineA-PRO-00382,2026-05-14,FALSE,
D002675,Line A,Pro,LineA-PRO-00425,2026-05-14,TRUE,capacitor_leak
D002832,Line A,Pro,LineA-PRO-00582,2026-05-14,TRUE,firmware_flash_fail
D003020,Line A,Pro,LineA-PRO-00770,2026-05-14,TRUE,housing_crack
D003093,Line A,Pro,LineA-PRO-00843,2026-05-14,FALSE,
D003276,Line A,Pro,LineA-PRO-01026,2026-05-14,FALSE,
D003300,Line A,Pro,LineA-PRO-01050,2026-05-14,FALSE,
D003438,Line A,Pro,LineA-PRO-01188,2026-05-14,FALSE,
D003499,Line A,Pro,LineA-PRO-01249,2026-05-14,FALSE,
D003557,Line A,Pro,LineA-PRO-01307,2026-05-14,FALSE,
D003577,Line A,Pro,LineA-PRO-01327,2026-05-14,FALSE,
D003606,Line A,Pro,LineA-PRO-01356,2026-05-14,FALSE,
D003610,Line A,Pro,LineA-PRO-01360,2026-05-14,FALSE,
D003633,Line A,Pro,LineA-PRO-01383,2026-05-14,FALSE,
D003983,Line A,Pro,LineA-PRO-01733,2026-05-14,FALSE,
D004146,Line A,Pro,LineA-PRO-01896,2026-05-14,FALSE,
D004207,Line A,Pro,LineA-PRO-01957,2026-05-14,FALSE,
D004331,Line A,Pro,LineA-PRO-02081,2026-05-14,FALSE,
D004372,Line A,Pro,LineA-PRO-02122,2026-05-14,FALSE,
D004381,Line A,Pro,LineA-PRO-02131,2026-05-14,FALSE,
D004424,Line A,Pro,LineA-PRO-02174,2026-05-14,FALSE,
D004452,Line A,Pro,LineA-PRO-02202,2026-05-14,FALSE,
D004508,Line A,Pro,LineA-PRO-02258,2026-05-14,FALSE,
D004535,Line A,Pro,LineA-PRO-02285,2026-05-14,TRUE,firmware_flash_fail
D004645,Line A,Pro,LineA-PRO-02395,2026-05-14,FALSE,
D004667,Line A,Pro,LineA-PRO-02417,2026-05-14,FALSE,
D004716,Line A,Pro,LineA-PRO-02466,2026-05-14,FALSE,
D004837,Line A,Pro,LineA-PRO-02587,2026-05-14,FALSE,
D004846,Line A,Pro,LineA-PRO-02596,2026-05-14,FALSE,
D005014,Line B,Standard,LineB-STA-00014,2026-05-14,FALSE,
D005052,Line B,Standard,LineB-STA-00052,2026-05-14,FALSE,
D005053,Line B,Standard,LineB-STA-00053,2026-05-14,FALSE,
D005092,Line B,Standard,LineB-STA-00092,2026-05-14,FALSE,
D005306,Line B,Standard,LineB-STA-00306,2026-05-14,FALSE,
D005463,Line B,Standard,LineB-STA-00463,2026-05-14,FALSE,
D005782,Line B,Standard,LineB-STA-00782,2026-05-14,FALSE,
D005858,Line B,Standard,LineB-STA-00858,2026-05-14,FALSE,
D005897,Line B,Standard,LineB-STA-00897,2026-05-14,FALSE,
D005920,Line B,Standard,LineB-STA-00920,2026-05-14,FALSE,
D006012,Line B,Standard,LineB-STA-01012,2026-05-14,FALSE,
D006029,Line B,Standard,LineB-STA-01029,2026-05-14,FALSE,
D006092,Line B,Standard,LineB-STA-01092,2026-05-14,FALSE,
D006115,Line B,Standard,LineB-STA-01115,2026-05-14,FALSE,
D006165,Line B,Standard,LineB-STA-01165,2026-05-14,FALSE,
D006239,Line B,Standard,LineB-STA-01239,2026-05-14,FALSE,
D006240,Line B,Standard,LineB-STA-01240,2026-05-14,FALSE,
D006443,Line B,Standard,LineB-STA-01443,2026-05-14,FALSE,
D006456,Line B,Standard,LineB-STA-01456,2026-05-14,FALSE,
D006531,Line B,Standard,LineB-STA-01531,2026-05-14,FALSE,
D006643,Line B,Standard,LineB-STA-01643,2026-05-14,FALSE,
D006666,Line B,Standard,LineB-STA-01666,2026-05-14,FALSE,
D006772,Line B,Standard,LineB-STA-01772,2026-05-14,FALSE,
D006873,Line B,Standard,LineB-STA-01873,2026-05-14,FALSE,
D007145,Line B,Standard,LineB-STA-02145,2026-05-14,FALSE,
D007146,Line B,Standard,LineB-STA-02146,2026-05-14,FALSE,
D007149,Line B,Standard,LineB-STA-02149,2026-05-14,FALSE,
D007156,Line B,Standard,LineB-STA-02156,2026-05-14,FALSE,
D007288,Line B,Standard,LineB-STA-02288,2026-05-14,FALSE,
D007437,Line B,Standard,LineB-STA-02437,2026-05-14,FALSE,
D007467,Line B,Standard,LineB-STA-02467,2026-05-14,FALSE,
D007635,Line B,Standard,LineB-STA-02635,2026-05-14,FALSE,
D007722,Line B,Standard,LineB-STA-02722,2026-05-14,FALSE,
D007730,Line B,Standard,LineB-STA-02730,2026-05-14,FALSE,
D007940,Line B,Standard,LineB-STA-02940,2026-05-14,FALSE,
D008060,Line B,Standard,LineB-STA-03060,2026-05-14,FALSE,
D008093,Line B,Standard,LineB-STA-03093,2026-05-14,FALSE,
D008150,Line B,Standard,LineB-STA-03150,2026-05-14,FALSE,
D008198,Line B,Standard,LineB-STA-03198,2026-05-14,FALSE,
D008241,Line B,Standard,LineB-STA-03241,2026-05-14,FALSE,
D008274,Line B,Standard,LineB-STA-03274,2026-05-14,FALSE,
D008304,Line B,Standard,LineB-STA-03304,2026-05-14,FALSE,
D008460,Line B,Standard,LineB-STA-03460,2026-05-14,FALSE,
D008499,Line B,Standard,LineB-STA-03499,2026-05-14,FALSE,
D008509,Line B,Standard,LineB-STA-03509,2026-05-14,FALSE,
D008531,Line B,Standard,LineB-STA-03531,2026-05-14,FALSE,
D008677,Line B,Standard,LineB-STA-03677,2026-05-14,FALSE,
D008680,Line B,Standard,LineB-STA-03680,2026-05-14,FALSE,
D008967,Line B,Standard,LineB-STA-03967,2026-05-14,FALSE,
D008972,Line B,Standard,LineB-STA-03972,2026-05-14,FALSE,
D009058,Line B,Standard,LineB-STA-04058,2026-05-14,FALSE,
D009106,Line B,Standard,LineB-STA-04106,2026-05-14,FALSE,
D009168,Line B,Standard,LineB-STA-04168,2026-05-14,FALSE,
D009274,Line B,Pro,LineB-PRO-00024,2026-05-14,FALSE,
D009371,Line B,Pro,LineB-PRO-00121,2026-05-14,FALSE,
D009495,Line B,Pro,LineB-PRO-00245,2026-05-14,FALSE,
D009520,Line B,Pro,LineB-PRO-00270,2026-05-14,FALSE,
D009530,Line B,Pro,LineB-PRO-00280,2026-05-14,FALSE,
D009563,Line B,Pro,LineB-PRO-00313,2026-05-14,FALSE,
D009578,Line B,Pro,LineB-PRO-00328,2026-05-14,FALSE,
D009599,Line B,Pro,LineB-PRO-00349,2026-05-14,TRUE,capacitor_leak
D009749,Line B,Pro,LineB-PRO-00499,2026-05-14,FALSE,
D009860,Line B,Pro,LineB-PRO-00610,2026-05-14,FALSE,
D009888,Line B,Pro,LineB-PRO-00638,2026-05-14,FALSE,
D009934,Line B,Pro,LineB-PRO-00684,2026-05-14,FALSE,
D000038,Line A,Standard,LineA-STA-00038,2026-05-15,FALSE,
D000242,Line A,Standard,LineA-STA-00242,2026-05-15,FALSE,
D000251,Line A,Standard,LineA-STA-00251,2026-05-15,FALSE,
D000459,Line A,Standard,LineA-STA-00459,2026-05-15,FALSE,
D000485,Line A,Standard,LineA-STA-00485,2026-05-15,FALSE,
D000505,Line A,Standard,LineA-STA-00505,2026-05-15,FALSE,
D000563,Line A,Standard,LineA-STA-00563,2026-05-15,FALSE,
D000811,Line A,Standard,LineA-STA-00811,2026-05-15,FALSE,
D001024,Line A,Standard,LineA-STA-01024,2026-05-15,FALSE,
D001033,Line A,Standard,LineA-STA-01033,2026-05-15,FALSE,
D001040,Line A,Standard,LineA-STA-01040,2026-05-15,FALSE,
D001110,Line A,Standard,LineA-STA-01110,2026-05-15,FALSE,
D001210,Line A,Standard,LineA-STA-01210,2026-05-15,TRUE,cosmetic_scratch
D001217,Line A,Standard,LineA-STA-01217,2026-05-15,FALSE,
D001229,Line A,Standard,LineA-STA-01229,2026-05-15,FALSE,
D001380,Line A,Standard,LineA-STA-01380,2026-05-15,FALSE,
D001394,Line A,Standard,LineA-STA-01394,2026-05-15,FALSE,
D001505,Line A,Standard,LineA-STA-01505,2026-05-15,FALSE,
D001600,Line A,Standard,LineA-STA-01600,2026-05-15,FALSE,
D001774,Line A,Standard,LineA-STA-01774,2026-05-15,FALSE,
D001903,Line A,Standard,LineA-STA-01903,2026-05-15,FALSE,
D001919,Line A,Standard,LineA-STA-01919,2026-05-15,FALSE,
D001930,Line A,Standard,LineA-STA-01930,2026-05-15,FALSE,
D002036,Line A,Standard,LineA-STA-02036,2026-05-15,FALSE,
D002109,Line A,Standard,LineA-STA-02109,2026-05-15,FALSE,
D002202,Line A,Standard,LineA-STA-02202,2026-05-15,FALSE,
D002203,Line A,Standard,LineA-STA-02203,2026-05-15,FALSE,
D002240,Line A,Standard,LineA-STA-02240,2026-05-15,FALSE,
D002410,Line A,Pro,LineA-PRO-00160,2026-05-15,FALSE,
D002478,Line A,Pro,LineA-PRO-00228,2026-05-15,FALSE,
D002735,Line A,Pro,LineA-PRO-00485,2026-05-15,FALSE,
D002966,Line A,Pro,LineA-PRO-00716,2026-05-15,TRUE,screen_dead_pixel
D003005,Line A,Pro,LineA-PRO-00755,2026-05-15,FALSE,
D003068,Line A,Pro,LineA-PRO-00818,2026-05-15,FALSE,
D003142,Line A,Pro,LineA-PRO-00892,2026-05-15,FALSE,
D003143,Line A,Pro,LineA-PRO-00893,2026-05-15,FALSE,
D003342,Line A,Pro,LineA-PRO-01092,2026-05-15,FALSE,
D003348,Line A,Pro,LineA-PRO-01098,2026-05-15,FALSE,
D003553,Line A,Pro,LineA-PRO-01303,2026-05-15,FALSE,
D003560,Line A,Pro,LineA-PRO-01310,2026-05-15,FALSE,
D003563,Line A,Pro,LineA-PRO-01313,2026-05-15,FALSE,
D003640,Line A,Pro,LineA-PRO-01390,2026-05-15,FALSE,
D004040,Line A,Pro,LineA-PRO-01790,2026-05-15,FALSE,
D004315,Line A,Pro,LineA-PRO-02065,2026-05-15,FALSE,
D004324,Line A,Pro,LineA-PRO-02074,2026-05-15,FALSE,
D004476,Line A,Pro,LineA-PRO-02226,2026-05-15,TRUE,solder_joint
D004489,Line A,Pro,LineA-PRO-02239,2026-05-15,FALSE,
D004543,Line A,Pro,LineA-PRO-02293,2026-05-15,FALSE,
D004638,Line A,Pro,LineA-PRO-02388,2026-05-15,FALSE,
D004815,Line A,Pro,LineA-PRO-02565,2026-05-15,FALSE,
D005115,Line B,Standard,LineB-STA-00115,2026-05-15,FALSE,
D005239,Line B,Standard,LineB-STA-00239,2026-05-15,FALSE,
D005273,Line B,Standard,LineB-STA-00273,2026-05-15,FALSE,
D005568,Line B,Standard,LineB-STA-00568,2026-05-15,FALSE,
D005572,Line B,Standard,LineB-STA-00572,2026-05-15,FALSE,
D005668,Line B,Standard,LineB-STA-00668,2026-05-15,FALSE,
D005674,Line B,Standard,LineB-STA-00674,2026-05-15,FALSE,
D005780,Line B,Standard,LineB-STA-00780,2026-05-15,FALSE,
D005837,Line B,Standard,LineB-STA-00837,2026-05-15,FALSE,
D005853,Line B,Standard,LineB-STA-00853,2026-05-15,FALSE,
D005952,Line B,Standard,LineB-STA-00952,2026-05-15,FALSE,
D005976,Line B,Standard,LineB-STA-00976,2026-05-15,FALSE,
D006003,Line B,Standard,LineB-STA-01003,2026-05-15,FALSE,
D006050,Line B,Standard,LineB-STA-01050,2026-05-15,FALSE,
D006147,Line B,Standard,LineB-STA-01147,2026-05-15,FALSE,
D006242,Line B,Standard,LineB-STA-01242,2026-05-15,FALSE,
D006260,Line B,Standard,LineB-STA-01260,2026-05-15,FALSE,
D006511,Line B,Standard,LineB-STA-01511,2026-05-15,FALSE,
D006916,Line B,Standard,LineB-STA-01916,2026-05-15,FALSE,
D007051,Line B,Standard,LineB-STA-02051,2026-05-15,FALSE,
D007131,Line B,Standard,LineB-STA-02131,2026-05-15,FALSE,
D007173,Line B,Standard,LineB-STA-02173,2026-05-15,FALSE,
D007253,Line B,Standard,LineB-STA-02253,2026-05-15,FALSE,
D007368,Line B,Standard,LineB-STA-02368,2026-05-15,FALSE,
D007394,Line B,Standard,LineB-STA-02394,2026-05-15,FALSE,
D007412,Line B,Standard,LineB-STA-02412,2026-05-15,FALSE,
D007436,Line B,Standard,LineB-STA-02436,2026-05-15,FALSE,
D007544,Line B,Standard,LineB-STA-02544,2026-05-15,FALSE,
D007566,Line B,Standard,LineB-STA-02566,2026-05-15,FALSE,
D007651,Line B,Standard,LineB-STA-02651,2026-05-15,FALSE,
D007688,Line B,Standard,LineB-STA-02688,2026-05-15,FALSE,
D007710,Line B,Standard,LineB-STA-02710,2026-05-15,FALSE,
D007943,Line B,Standard,LineB-STA-02943,2026-05-15,FALSE,
D008020,Line B,Standard,LineB-STA-03020,2026-05-15,FALSE,
D008197,Line B,Standard,LineB-STA-03197,2026-05-15,FALSE,
D008276,Line B,Standard,LineB-STA-03276,2026-05-15,FALSE,
D008380,Line B,Standard,LineB-STA-03380,2026-05-15,FALSE,
D008393,Line B,Standard,LineB-STA-03393,2026-05-15,FALSE,
D008743,Line B,Standard,LineB-STA-03743,2026-05-15,FALSE,
D008938,Line B,Standard,LineB-STA-03938,2026-05-15,FALSE,
D008945,Line B,Standard,LineB-STA-03945,2026-05-15,FALSE,
D009010,Line B,Standard,LineB-STA-04010,2026-05-15,FALSE,
D009076,Line B,Standard,LineB-STA-04076,2026-05-15,FALSE,
D009088,Line B,Standard,LineB-STA-04088,2026-05-15,FALSE,
D009325,Line B,Pro,LineB-PRO-00075,2026-05-15,FALSE,
D009528,Line B,Pro,LineB-PRO-00278,2026-05-15,FALSE,
D009699,Line B,Pro,LineB-PRO-00449,2026-05-15,FALSE,
D009803,Line B,Pro,LineB-PRO-00553,2026-05-15,FALSE,
D009965,Line B,Pro,LineB-PRO-00715,2026-05-15,FALSE,
D000079,Line A,Standard,LineA-STA-00079,2026-05-16,FALSE,
D000219,Line A,Standard,LineA-STA-00219,2026-05-16,FALSE,
D000638,Line A,Standard,LineA-STA-00638,2026-05-16,FALSE,
D000680,Line A,Standard,LineA-STA-00680,2026-05-16,FALSE,
D000741,Line A,Standard,LineA-STA-00741,2026-05-16,FALSE,
D000828,Line A,Standard,LineA-STA-00828,2026-05-16,FALSE,
D000869,Line A,Standard,LineA-STA-00869,2026-05-16,FALSE,
D000993,Line A,Standard,LineA-STA-00993,2026-05-16,FALSE,
D001111,Line A,Standard,LineA-STA-01111,2026-05-16,FALSE,
D001157,Line A,Standard,LineA-STA-01157,2026-05-16,FALSE,
D001283,Line A,Standard,LineA-STA-01283,2026-05-16,FALSE,
D001664,Line A,Standard,LineA-STA-01664,2026-05-16,FALSE,
D001684,Line A,Standard,LineA-STA-01684,2026-05-16,FALSE,
D001738,Line A,Standard,LineA-STA-01738,2026-05-16,FALSE,
D001770,Line A,Standard,LineA-STA-01770,2026-05-16,FALSE,
D001790,Line A,Standard,LineA-STA-01790,2026-05-16,FALSE,
D001804,Line A,Standard,LineA-STA-01804,2026-05-16,FALSE,
D001811,Line A,Standard,LineA-STA-01811,2026-05-16,FALSE,
D001816,Line A,Standard,LineA-STA-01816,2026-05-16,FALSE,
D001874,Line A,Standard,LineA-STA-01874,2026-05-16,FALSE,
D002301,Line A,Pro,LineA-PRO-00051,2026-05-16,FALSE,
D002351,Line A,Pro,LineA-PRO-00101,2026-05-16,FALSE,
D002583,Line A,Pro,LineA-PRO-00333,2026-05-16,FALSE,
D002611,Line A,Pro,LineA-PRO-00361,2026-05-16,FALSE,
D002817,Line A,Pro,LineA-PRO-00567,2026-05-16,FALSE,
D002881,Line A,Pro,LineA-PRO-00631,2026-05-16,FALSE,
D002957,Line A,Pro,LineA-PRO-00707,2026-05-16,FALSE,
D003039,Line A,Pro,LineA-PRO-00789,2026-05-16,TRUE,connector_seating
D003106,Line A,Pro,LineA-PRO-00856,2026-05-16,FALSE,
D003236,Line A,Pro,LineA-PRO-00986,2026-05-16,FALSE,
D003243,Line A,Pro,LineA-PRO-00993,2026-05-16,FALSE,
D003268,Line A,Pro,LineA-PRO-01018,2026-05-16,FALSE,
D003349,Line A,Pro,LineA-PRO-01099,2026-05-16,FALSE,
D003379,Line A,Pro,LineA-PRO-01129,2026-05-16,FALSE,
D003452,Line A,Pro,LineA-PRO-01202,2026-05-16,FALSE,
D003546,Line A,Pro,LineA-PRO-01296,2026-05-16,FALSE,
D003561,Line A,Pro,LineA-PRO-01311,2026-05-16,FALSE,
D003831,Line A,Pro,LineA-PRO-01581,2026-05-16,FALSE,
D003960,Line A,Pro,LineA-PRO-01710,2026-05-16,FALSE,
D004032,Line A,Pro,LineA-PRO-01782,2026-05-16,FALSE,
D004122,Line A,Pro,LineA-PRO-01872,2026-05-16,FALSE,
D004186,Line A,Pro,LineA-PRO-01936,2026-05-16,FALSE,
D004365,Line A,Pro,LineA-PRO-02115,2026-05-16,FALSE,
D004382,Line A,Pro,LineA-PRO-02132,2026-05-16,FALSE,
D004525,Line A,Pro,LineA-PRO-02275,2026-05-16,FALSE,
D004874,Line A,Pro,LineA-PRO-02624,2026-05-16,FALSE,
D004877,Line A,Pro,LineA-PRO-02627,2026-05-16,FALSE,
D004892,Line A,Pro,LineA-PRO-02642,2026-05-16,FALSE,
D005045,Line B,Standard,LineB-STA-00045,2026-05-16,FALSE,
D005060,Line B,Standard,LineB-STA-00060,2026-05-16,FALSE,
D005169,Line B,Standard,LineB-STA-00169,2026-05-16,FALSE,
D005253,Line B,Standard,LineB-STA-00253,2026-05-16,FALSE,
D005329,Line B,Standard,LineB-STA-00329,2026-05-16,FALSE,
D005645,Line B,Standard,LineB-STA-00645,2026-05-16,FALSE,
D005834,Line B,Standard,LineB-STA-00834,2026-05-16,FALSE,
D005891,Line B,Standard,LineB-STA-00891,2026-05-16,FALSE,
D005901,Line B,Standard,LineB-STA-00901,2026-05-16,FALSE,
D006123,Line B,Standard,LineB-STA-01123,2026-05-16,FALSE,
D006133,Line B,Standard,LineB-STA-01133,2026-05-16,FALSE,
D006277,Line B,Standard,LineB-STA-01277,2026-05-16,FALSE,
D006304,Line B,Standard,LineB-STA-01304,2026-05-16,FALSE,
D006540,Line B,Standard,LineB-STA-01540,2026-05-16,FALSE,
D006712,Line B,Standard,LineB-STA-01712,2026-05-16,FALSE,
D006723,Line B,Standard,LineB-STA-01723,2026-05-16,FALSE,
D006901,Line B,Standard,LineB-STA-01901,2026-05-16,FALSE,
D006930,Line B,Standard,LineB-STA-01930,2026-05-16,FALSE,
D006959,Line B,Standard,LineB-STA-01959,2026-05-16,FALSE,
D006977,Line B,Standard,LineB-STA-01977,2026-05-16,FALSE,
D007189,Line B,Standard,LineB-STA-02189,2026-05-16,FALSE,
D007327,Line B,Standard,LineB-STA-02327,2026-05-16,FALSE,
D007392,Line B,Standard,LineB-STA-02392,2026-05-16,FALSE,
D007395,Line B,Standard,LineB-STA-02395,2026-05-16,FALSE,
D007469,Line B,Standard,LineB-STA-02469,2026-05-16,FALSE,
D007525,Line B,Standard,LineB-STA-02525,2026-05-16,FALSE,
D007572,Line B,Standard,LineB-STA-02572,2026-05-16,FALSE,
D007605,Line B,Standard,LineB-STA-02605,2026-05-16,FALSE,
D007639,Line B,Standard,LineB-STA-02639,2026-05-16,FALSE,
D007739,Line B,Standard,LineB-STA-02739,2026-05-16,FALSE,
D007800,Line B,Standard,LineB-STA-02800,2026-05-16,FALSE,
D008050,Line B,Standard,LineB-STA-03050,2026-05-16,FALSE,
D008138,Line B,Standard,LineB-STA-03138,2026-05-16,FALSE,
D008216,Line B,Standard,LineB-STA-03216,2026-05-16,FALSE,
D008414,Line B,Standard,LineB-STA-03414,2026-05-16,FALSE,
D008428,Line B,Standard,LineB-STA-03428,2026-05-16,FALSE,
D008480,Line B,Standard,LineB-STA-03480,2026-05-16,FALSE,
D008574,Line B,Standard,LineB-STA-03574,2026-05-16,FALSE,
D008676,Line B,Standard,LineB-STA-03676,2026-05-16,FALSE,
D008960,Line B,Standard,LineB-STA-03960,2026-05-16,FALSE,
D009051,Line B,Standard,LineB-STA-04051,2026-05-16,FALSE,
D009207,Line B,Standard,LineB-STA-04207,2026-05-16,FALSE,
D009506,Line B,Pro,LineB-PRO-00256,2026-05-16,FALSE,
D009508,Line B,Pro,LineB-PRO-00258,2026-05-16,FALSE,
D009558,Line B,Pro,LineB-PRO-00308,2026-05-16,FALSE,
D009770,Line B,Pro,LineB-PRO-00520,2026-05-16,FALSE,
D009879,Line B,Pro,LineB-PRO-00629,2026-05-16,FALSE,
D009889,Line B,Pro,LineB-PRO-00639,2026-05-16,FALSE,
D009966,Line B,Pro,LineB-PRO-00716,2026-05-16,FALSE,
D000094,Line A,Standard,LineA-STA-00094,2026-05-17,FALSE,
D000096,Line A,Standard,LineA-STA-00096,2026-05-17,FALSE,
D000103,Line A,Standard,LineA-STA-00103,2026-05-17,FALSE,
D000121,Line A,Standard,LineA-STA-00121,2026-05-17,FALSE,
D000373,Line A,Standard,LineA-STA-00373,2026-05-17,FALSE,
D000415,Line A,Standard,LineA-STA-00415,2026-05-17,FALSE,
D000641,Line A,Standard,LineA-STA-00641,2026-05-17,FALSE,
D000848,Line A,Standard,LineA-STA-00848,2026-05-17,FALSE,
D000854,Line A,Standard,LineA-STA-00854,2026-05-17,FALSE,
D000901,Line A,Standard,LineA-STA-00901,2026-05-17,FALSE,
D000944,Line A,Standard,LineA-STA-00944,2026-05-17,FALSE,
D000983,Line A,Standard,LineA-STA-00983,2026-05-17,FALSE,
D001093,Line A,Standard,LineA-STA-01093,2026-05-17,FALSE,
D001196,Line A,Standard,LineA-STA-01196,2026-05-17,FALSE,
D001323,Line A,Standard,LineA-STA-01323,2026-05-17,FALSE,
D001431,Line A,Standard,LineA-STA-01431,2026-05-17,FALSE,
D001437,Line A,Standard,LineA-STA-01437,2026-05-17,FALSE,
D001527,Line A,Standard,LineA-STA-01527,2026-05-17,FALSE,
D001547,Line A,Standard,LineA-STA-01547,2026-05-17,FALSE,
D001852,Line A,Standard,LineA-STA-01852,2026-05-17,FALSE,
D001990,Line A,Standard,LineA-STA-01990,2026-05-17,FALSE,
D002181,Line A,Standard,LineA-STA-02181,2026-05-17,FALSE,
D002271,Line A,Pro,LineA-PRO-00021,2026-05-17,FALSE,
D002591,Line A,Pro,LineA-PRO-00341,2026-05-17,FALSE,
D002745,Line A,Pro,LineA-PRO-00495,2026-05-17,FALSE,
D002928,Line A,Pro,LineA-PRO-00678,2026-05-17,FALSE,
D002932,Line A,Pro,LineA-PRO-00682,2026-05-17,FALSE,
D002936,Line A,Pro,LineA-PRO-00686,2026-05-17,FALSE,
D002937,Line A,Pro,LineA-PRO-00687,2026-05-17,FALSE,
D003133,Line A,Pro,LineA-PRO-00883,2026-05-17,FALSE,
D003212,Line A,Pro,LineA-PRO-00962,2026-05-17,FALSE,
D003240,Line A,Pro,LineA-PRO-00990,2026-05-17,FALSE,
D003264,Line A,Pro,LineA-PRO-01014,2026-05-17,FALSE,
D003296,Line A,Pro,LineA-PRO-01046,2026-05-17,FALSE,
D003371,Line A,Pro,LineA-PRO-01121,2026-05-17,FALSE,
D003394,Line A,Pro,LineA-PRO-01144,2026-05-17,FALSE,
D003436,Line A,Pro,LineA-PRO-01186,2026-05-17,FALSE,
D003614,Line A,Pro,LineA-PRO-01364,2026-05-17,FALSE,
D003680,Line A,Pro,LineA-PRO-01430,2026-05-17,FALSE,
D003736,Line A,Pro,LineA-PRO-01486,2026-05-17,TRUE,cosmetic_scratch
D003783,Line A,Pro,LineA-PRO-01533,2026-05-17,FALSE,
D003799,Line A,Pro,LineA-PRO-01549,2026-05-17,FALSE,
D003999,Line A,Pro,LineA-PRO-01749,2026-05-17,FALSE,
D004233,Line A,Pro,LineA-PRO-01983,2026-05-17,FALSE,
D004341,Line A,Pro,LineA-PRO-02091,2026-05-17,FALSE,
D004414,Line A,Pro,LineA-PRO-02164,2026-05-17,FALSE,
D004432,Line A,Pro,LineA-PRO-02182,2026-05-17,FALSE,
D004445,Line A,Pro,LineA-PRO-02195,2026-05-17,FALSE,
D004558,Line A,Pro,LineA-PRO-02308,2026-05-17,FALSE,
D004901,Line A,Pro,LineA-PRO-02651,2026-05-17,FALSE,
D004962,Line A,Pro,LineA-PRO-02712,2026-05-17,FALSE,
D005336,Line B,Standard,LineB-STA-00336,2026-05-17,FALSE,
D005671,Line B,Standard,LineB-STA-00671,2026-05-17,FALSE,
D005684,Line B,Standard,LineB-STA-00684,2026-05-17,FALSE,
D005752,Line B,Standard,LineB-STA-00752,2026-05-17,FALSE,
D005836,Line B,Standard,LineB-STA-00836,2026-05-17,FALSE,
D006011,Line B,Standard,LineB-STA-01011,2026-05-17,FALSE,
D006082,Line B,Standard,LineB-STA-01082,2026-05-17,FALSE,
D006108,Line B,Standard,LineB-STA-01108,2026-05-17,FALSE,
D006310,Line B,Standard,LineB-STA-01310,2026-05-17,FALSE,
D006426,Line B,Standard,LineB-STA-01426,2026-05-17,FALSE,
D006440,Line B,Standard,LineB-STA-01440,2026-05-17,FALSE,
D006475,Line B,Standard,LineB-STA-01475,2026-05-17,FALSE,
D006504,Line B,Standard,LineB-STA-01504,2026-05-17,FALSE,
D006549,Line B,Standard,LineB-STA-01549,2026-05-17,FALSE,
D006808,Line B,Standard,LineB-STA-01808,2026-05-17,FALSE,
D006816,Line B,Standard,LineB-STA-01816,2026-05-17,FALSE,
D006966,Line B,Standard,LineB-STA-01966,2026-05-17,FALSE,
D006978,Line B,Standard,LineB-STA-01978,2026-05-17,FALSE,
D007021,Line B,Standard,LineB-STA-02021,2026-05-17,FALSE,
D007072,Line B,Standard,LineB-STA-02072,2026-05-17,FALSE,
D007160,Line B,Standard,LineB-STA-02160,2026-05-17,FALSE,
D007198,Line B,Standard,LineB-STA-02198,2026-05-17,FALSE,
D007308,Line B,Standard,LineB-STA-02308,2026-05-17,FALSE,
D007360,Line B,Standard,LineB-STA-02360,2026-05-17,FALSE,
D007439,Line B,Standard,LineB-STA-02439,2026-05-17,FALSE,
D007517,Line B,Standard,LineB-STA-02517,2026-05-17,FALSE,
D007521,Line B,Standard,LineB-STA-02521,2026-05-17,FALSE,
D007732,Line B,Standard,LineB-STA-02732,2026-05-17,FALSE,
D008027,Line B,Standard,LineB-STA-03027,2026-05-17,FALSE,
D008059,Line B,Standard,LineB-STA-03059,2026-05-17,FALSE,
D008074,Line B,Standard,LineB-STA-03074,2026-05-17,FALSE,
D008144,Line B,Standard,LineB-STA-03144,2026-05-17,FALSE,
D008187,Line B,Standard,LineB-STA-03187,2026-05-17,FALSE,
D008223,Line B,Standard,LineB-STA-03223,2026-05-17,FALSE,
D008269,Line B,Standard,LineB-STA-03269,2026-05-17,FALSE,
D008404,Line B,Standard,LineB-STA-03404,2026-05-17,FALSE,
D008446,Line B,Standard,LineB-STA-03446,2026-05-17,FALSE,
D008566,Line B,Standard,LineB-STA-03566,2026-05-17,FALSE,
D008675,Line B,Standard,LineB-STA-03675,2026-05-17,FALSE,
D008796,Line B,Standard,LineB-STA-03796,2026-05-17,FALSE,
D008922,Line B,Standard,LineB-STA-03922,2026-05-17,FALSE,
D008953,Line B,Standard,LineB-STA-03953,2026-05-17,FALSE,
D009184,Line B,Standard,LineB-STA-04184,2026-05-17,FALSE,
D009322,Line B,Pro,LineB-PRO-00072,2026-05-17,FALSE,
D009368,Line B,Pro,LineB-PRO-00118,2026-05-17,TRUE,housing_crack
D009477,Line B,Pro,LineB-PRO-00227,2026-05-17,FALSE,
D009602,Line B,Pro,LineB-PRO-00352,2026-05-17,FALSE,
D009658,Line B,Pro,LineB-PRO-00408,2026-05-17,TRUE,capacitor_leak
D009997,Line B,Pro,LineB-PRO-00747,2026-05-17,FALSE,
D000041,Line A,Standard,LineA-STA-00041,2026-05-18,FALSE,
D000118,Line A,Standard,LineA-STA-00118,2026-05-18,FALSE,
D000157,Line A,Standard,LineA-STA-00157,2026-05-18,FALSE,
D000391,Line A,Standard,LineA-STA-00391,2026-05-18,FALSE,
D000399,Line A,Standard,LineA-STA-00399,2026-05-18,FALSE,
D000474,Line A,Standard,LineA-STA-00474,2026-05-18,FALSE,
D000598,Line A,Standard,LineA-STA-00598,2026-05-18,FALSE,
D000648,Line A,Standard,LineA-STA-00648,2026-05-18,FALSE,
D000706,Line A,Standard,LineA-STA-00706,2026-05-18,FALSE,
D000745,Line A,Standard,LineA-STA-00745,2026-05-18,FALSE,
D001016,Line A,Standard,LineA-STA-01016,2026-05-18,FALSE,
D001129,Line A,Standard,LineA-STA-01129,2026-05-18,FALSE,
D001272,Line A,Standard,LineA-STA-01272,2026-05-18,FALSE,
D001326,Line A,Standard,LineA-STA-01326,2026-05-18,FALSE,
D001365,Line A,Standard,LineA-STA-01365,2026-05-18,FALSE,
D001510,Line A,Standard,LineA-STA-01510,2026-05-18,FALSE,
D001532,Line A,Standard,LineA-STA-01532,2026-05-18,FALSE,
D001561,Line A,Standard,LineA-STA-01561,2026-05-18,FALSE,
D001580,Line A,Standard,LineA-STA-01580,2026-05-18,FALSE,
D001588,Line A,Standard,LineA-STA-01588,2026-05-18,FALSE,
D001624,Line A,Standard,LineA-STA-01624,2026-05-18,FALSE,
D001708,Line A,Standard,LineA-STA-01708,2026-05-18,FALSE,
D001854,Line A,Standard,LineA-STA-01854,2026-05-18,FALSE,
D002018,Line A,Standard,LineA-STA-02018,2026-05-18,FALSE,
D002020,Line A,Standard,LineA-STA-02020,2026-05-18,FALSE,
D002160,Line A,Standard,LineA-STA-02160,2026-05-18,FALSE,
D002185,Line A,Standard,LineA-STA-02185,2026-05-18,FALSE,
D002194,Line A,Standard,LineA-STA-02194,2026-05-18,FALSE,
D002318,Line A,Pro,LineA-PRO-00068,2026-05-18,FALSE,
D002391,Line A,Pro,LineA-PRO-00141,2026-05-18,FALSE,
D002692,Line A,Pro,LineA-PRO-00442,2026-05-18,FALSE,
D002812,Line A,Pro,LineA-PRO-00562,2026-05-18,FALSE,
D002900,Line A,Pro,LineA-PRO-00650,2026-05-18,FALSE,
D002965,Line A,Pro,LineA-PRO-00715,2026-05-18,FALSE,
D002976,Line A,Pro,LineA-PRO-00726,2026-05-18,FALSE,
D003036,Line A,Pro,LineA-PRO-00786,2026-05-18,FALSE,
D003061,Line A,Pro,LineA-PRO-00811,2026-05-18,FALSE,
D003070,Line A,Pro,LineA-PRO-00820,2026-05-18,FALSE,
D003137,Line A,Pro,LineA-PRO-00887,2026-05-18,FALSE,
D003139,Line A,Pro,LineA-PRO-00889,2026-05-18,FALSE,
D003223,Line A,Pro,LineA-PRO-00973,2026-05-18,FALSE,
D003273,Line A,Pro,LineA-PRO-01023,2026-05-18,FALSE,
D003418,Line A,Pro,LineA-PRO-01168,2026-05-18,FALSE,
D003772,Line A,Pro,LineA-PRO-01522,2026-05-18,FALSE,
D003785,Line A,Pro,LineA-PRO-01535,2026-05-18,FALSE,
D003874,Line A,Pro,LineA-PRO-01624,2026-05-18,FALSE,
D003898,Line A,Pro,LineA-PRO-01648,2026-05-18,FALSE,
D003933,Line A,Pro,LineA-PRO-01683,2026-05-18,FALSE,
D003974,Line A,Pro,LineA-PRO-01724,2026-05-18,FALSE,
D004068,Line A,Pro,LineA-PRO-01818,2026-05-18,FALSE,
D004125,Line A,Pro,LineA-PRO-01875,2026-05-18,FALSE,
D004138,Line A,Pro,LineA-PRO-01888,2026-05-18,FALSE,
D004430,Line A,Pro,LineA-PRO-02180,2026-05-18,FALSE,
D004521,Line A,Pro,LineA-PRO-02271,2026-05-18,FALSE,
D004573,Line A,Pro,LineA-PRO-02323,2026-05-18,FALSE,
D004607,Line A,Pro,LineA-PRO-02357,2026-05-18,FALSE,
D004613,Line A,Pro,LineA-PRO-02363,2026-05-18,FALSE,
D004619,Line A,Pro,LineA-PRO-02369,2026-05-18,FALSE,
D004621,Line A,Pro,LineA-PRO-02371,2026-05-18,FALSE,
D004794,Line A,Pro,LineA-PRO-02544,2026-05-18,FALSE,
D004884,Line A,Pro,LineA-PRO-02634,2026-05-18,FALSE,
D005078,Line B,Standard,LineB-STA-00078,2026-05-18,FALSE,
D005147,Line B,Standard,LineB-STA-00147,2026-05-18,FALSE,
D005345,Line B,Standard,LineB-STA-00345,2026-05-18,FALSE,
D005423,Line B,Standard,LineB-STA-00423,2026-05-18,FALSE,
D005433,Line B,Standard,LineB-STA-00433,2026-05-18,FALSE,
D005523,Line B,Standard,LineB-STA-00523,2026-05-18,FALSE,
D005533,Line B,Standard,LineB-STA-00533,2026-05-18,FALSE,
D005581,Line B,Standard,LineB-STA-00581,2026-05-18,FALSE,
D005680,Line B,Standard,LineB-STA-00680,2026-05-18,TRUE,component_misalignment
D005692,Line B,Standard,LineB-STA-00692,2026-05-18,FALSE,
D005723,Line B,Standard,LineB-STA-00723,2026-05-18,FALSE,
D005881,Line B,Standard,LineB-STA-00881,2026-05-18,FALSE,
D005918,Line B,Standard,LineB-STA-00918,2026-05-18,FALSE,
D005972,Line B,Standard,LineB-STA-00972,2026-05-18,FALSE,
D006010,Line B,Standard,LineB-STA-01010,2026-05-18,FALSE,
D006078,Line B,Standard,LineB-STA-01078,2026-05-18,FALSE,
D006112,Line B,Standard,LineB-STA-01112,2026-05-18,FALSE,
D006158,Line B,Standard,LineB-STA-01158,2026-05-18,FALSE,
D006186,Line B,Standard,LineB-STA-01186,2026-05-18,FALSE,
D006264,Line B,Standard,LineB-STA-01264,2026-05-18,FALSE,
D006364,Line B,Standard,LineB-STA-01364,2026-05-18,FALSE,
D006374,Line B,Standard,LineB-STA-01374,2026-05-18,FALSE,
D006473,Line B,Standard,LineB-STA-01473,2026-05-18,FALSE,
D006518,Line B,Standard,LineB-STA-01518,2026-05-18,FALSE,
D006708,Line B,Standard,LineB-STA-01708,2026-05-18,FALSE,
D006735,Line B,Standard,LineB-STA-01735,2026-05-18,FALSE,
D006775,Line B,Standard,LineB-STA-01775,2026-05-18,FALSE,
D006835,Line B,Standard,LineB-STA-01835,2026-05-18,FALSE,
D007012,Line B,Standard,LineB-STA-02012,2026-05-18,TRUE,label_misprint
D007030,Line B,Standard,LineB-STA-02030,2026-05-18,FALSE,
D007109,Line B,Standard,LineB-STA-02109,2026-05-18,FALSE,
D007204,Line B,Standard,LineB-STA-02204,2026-05-18,FALSE,
D007520,Line B,Standard,LineB-STA-02520,2026-05-18,FALSE,
D007665,Line B,Standard,LineB-STA-02665,2026-05-18,FALSE,
D007678,Line B,Standard,LineB-STA-02678,2026-05-18,FALSE,
D007693,Line B,Standard,LineB-STA-02693,2026-05-18,FALSE,
D007809,Line B,Standard,LineB-STA-02809,2026-05-18,FALSE,
D007840,Line B,Standard,LineB-STA-02840,2026-05-18,FALSE,
D007926,Line B,Standard,LineB-STA-02926,2026-05-18,FALSE,
D007984,Line B,Standard,LineB-STA-02984,2026-05-18,FALSE,
D008036,Line B,Standard,LineB-STA-03036,2026-05-18,FALSE,
D008077,Line B,Standard,LineB-STA-03077,2026-05-18,FALSE,
D008200,Line B,Standard,LineB-STA-03200,2026-05-18,FALSE,
D008295,Line B,Standard,LineB-STA-03295,2026-05-18,FALSE,
D008416,Line B,Standard,LineB-STA-03416,2026-05-18,FALSE,
D008510,Line B,Standard,LineB-STA-03510,2026-05-18,FALSE,
D008513,Line B,Standard,LineB-STA-03513,2026-05-18,FALSE,
D008519,Line B,Standard,LineB-STA-03519,2026-05-18,FALSE,
D008612,Line B,Standard,LineB-STA-03612,2026-05-18,FALSE,
D008641,Line B,Standard,LineB-STA-03641,2026-05-18,FALSE,
D008747,Line B,Standard,LineB-STA-03747,2026-05-18,FALSE,
D008760,Line B,Standard,LineB-STA-03760,2026-05-18,FALSE,
D008843,Line B,Standard,LineB-STA-03843,2026-05-18,FALSE,
D008848,Line B,Standard,LineB-STA-03848,2026-05-18,FALSE,
D008925,Line B,Standard,LineB-STA-03925,2026-05-18,FALSE,
D008930,Line B,Standard,LineB-STA-03930,2026-05-18,FALSE,
D008932,Line B,Standard,LineB-STA-03932,2026-05-18,FALSE,
D008943,Line B,Standard,LineB-STA-03943,2026-05-18,FALSE,
D009002,Line B,Standard,LineB-STA-04002,2026-05-18,FALSE,
D009060,Line B,Standard,LineB-STA-04060,2026-05-18,FALSE,
D009191,Line B,Standard,LineB-STA-04191,2026-05-18,FALSE,
D009222,Line B,Standard,LineB-STA-04222,2026-05-18,FALSE,
D009242,Line B,Standard,LineB-STA-04242,2026-05-18,FALSE,
D009370,Line B,Pro,LineB-PRO-00120,2026-05-18,FALSE,
D009550,Line B,Pro,LineB-PRO-00300,2026-05-18,FALSE,
D009561,Line B,Pro,LineB-PRO-00311,2026-05-18,FALSE,
D009755,Line B,Pro,LineB-PRO-00505,2026-05-18,FALSE,
D009827,Line B,Pro,LineB-PRO-00577,2026-05-18,FALSE,
D009920,Line B,Pro,LineB-PRO-00670,2026-05-18,FALSE,
D010010,Line B,Pro,LineB-PRO-00760,2026-05-18,FALSE,
D000181,Line A,Standard,LineA-STA-00181,2026-05-19,FALSE,
D000212,Line A,Standard,LineA-STA-00212,2026-05-19,FALSE,
D000249,Line A,Standard,LineA-STA-00249,2026-05-19,FALSE,
D000475,Line A,Standard,LineA-STA-00475,2026-05-19,FALSE,
D000477,Line A,Standard,LineA-STA-00477,2026-05-19,FALSE,
D000478,Line A,Standard,LineA-STA-00478,2026-05-19,FALSE,
D000501,Line A,Standard,LineA-STA-00501,2026-05-19,FALSE,
D000566,Line A,Standard,LineA-STA-00566,2026-05-19,FALSE,
D000574,Line A,Standard,LineA-STA-00574,2026-05-19,FALSE,
D000604,Line A,Standard,LineA-STA-00604,2026-05-19,FALSE,
D000634,Line A,Standard,LineA-STA-00634,2026-05-19,FALSE,
D000666,Line A,Standard,LineA-STA-00666,2026-05-19,FALSE,
D000760,Line A,Standard,LineA-STA-00760,2026-05-19,FALSE,
D000761,Line A,Standard,LineA-STA-00761,2026-05-19,FALSE,
D000830,Line A,Standard,LineA-STA-00830,2026-05-19,FALSE,
D000836,Line A,Standard,LineA-STA-00836,2026-05-19,FALSE,
D000845,Line A,Standard,LineA-STA-00845,2026-05-19,TRUE,component_misalignment
D000885,Line A,Standard,LineA-STA-00885,2026-05-19,FALSE,
D000916,Line A,Standard,LineA-STA-00916,2026-05-19,FALSE,
D000941,Line A,Standard,LineA-STA-00941,2026-05-19,FALSE,
D000970,Line A,Standard,LineA-STA-00970,2026-05-19,FALSE,
D001263,Line A,Standard,LineA-STA-01263,2026-05-19,FALSE,
D001368,Line A,Standard,LineA-STA-01368,2026-05-19,FALSE,
D001607,Line A,Standard,LineA-STA-01607,2026-05-19,FALSE,
D001734,Line A,Standard,LineA-STA-01734,2026-05-19,FALSE,
D001769,Line A,Standard,LineA-STA-01769,2026-05-19,FALSE,
D001879,Line A,Standard,LineA-STA-01879,2026-05-19,FALSE,
D001932,Line A,Standard,LineA-STA-01932,2026-05-19,FALSE,
D001951,Line A,Standard,LineA-STA-01951,2026-05-19,FALSE,
D002019,Line A,Standard,LineA-STA-02019,2026-05-19,FALSE,
D002239,Line A,Standard,LineA-STA-02239,2026-05-19,FALSE,
D002258,Line A,Pro,LineA-PRO-00008,2026-05-19,FALSE,
D002260,Line A,Pro,LineA-PRO-00010,2026-05-19,FALSE,
D002424,Line A,Pro,LineA-PRO-00174,2026-05-19,FALSE,
D002436,Line A,Pro,LineA-PRO-00186,2026-05-19,FALSE,
D002497,Line A,Pro,LineA-PRO-00247,2026-05-19,FALSE,
D002521,Line A,Pro,LineA-PRO-00271,2026-05-19,FALSE,
D002703,Line A,Pro,LineA-PRO-00453,2026-05-19,FALSE,
D002799,Line A,Pro,LineA-PRO-00549,2026-05-19,FALSE,
D003167,Line A,Pro,LineA-PRO-00917,2026-05-19,FALSE,
D003180,Line A,Pro,LineA-PRO-00930,2026-05-19,FALSE,
D003380,Line A,Pro,LineA-PRO-01130,2026-05-19,FALSE,
D003478,Line A,Pro,LineA-PRO-01228,2026-05-19,FALSE,
D003509,Line A,Pro,LineA-PRO-01259,2026-05-19,FALSE,
D003543,Line A,Pro,LineA-PRO-01293,2026-05-19,FALSE,
D003558,Line A,Pro,LineA-PRO-01308,2026-05-19,FALSE,
D003595,Line A,Pro,LineA-PRO-01345,2026-05-19,FALSE,
D003877,Line A,Pro,LineA-PRO-01627,2026-05-19,FALSE,
D003913,Line A,Pro,LineA-PRO-01663,2026-05-19,FALSE,
D003970,Line A,Pro,LineA-PRO-01720,2026-05-19,FALSE,
D004101,Line A,Pro,LineA-PRO-01851,2026-05-19,TRUE,cosmetic_scratch
D004550,Line A,Pro,LineA-PRO-02300,2026-05-19,FALSE,
D004646,Line A,Pro,LineA-PRO-02396,2026-05-19,FALSE,
D004723,Line A,Pro,LineA-PRO-02473,2026-05-19,FALSE,
D004753,Line A,Pro,LineA-PRO-02503,2026-05-19,FALSE,
D004814,Line A,Pro,LineA-PRO-02564,2026-05-19,FALSE,
D004875,Line A,Pro,LineA-PRO-02625,2026-05-19,FALSE,
D005081,Line B,Standard,LineB-STA-00081,2026-05-19,FALSE,
D005203,Line B,Standard,LineB-STA-00203,2026-05-19,FALSE,
D005234,Line B,Standard,LineB-STA-00234,2026-05-19,FALSE,
D005325,Line B,Standard,LineB-STA-00325,2026-05-19,FALSE,
D005371,Line B,Standard,LineB-STA-00371,2026-05-19,FALSE,
D005405,Line B,Standard,LineB-STA-00405,2026-05-19,FALSE,
D005419,Line B,Standard,LineB-STA-00419,2026-05-19,FALSE,
D005493,Line B,Standard,LineB-STA-00493,2026-05-19,FALSE,
D005641,Line B,Standard,LineB-STA-00641,2026-05-19,FALSE,
D005679,Line B,Standard,LineB-STA-00679,2026-05-19,FALSE,
D005813,Line B,Standard,LineB-STA-00813,2026-05-19,FALSE,
D005883,Line B,Standard,LineB-STA-00883,2026-05-19,FALSE,
D005985,Line B,Standard,LineB-STA-00985,2026-05-19,FALSE,
D006162,Line B,Standard,LineB-STA-01162,2026-05-19,FALSE,
D006286,Line B,Standard,LineB-STA-01286,2026-05-19,FALSE,
D006289,Line B,Standard,LineB-STA-01289,2026-05-19,FALSE,
D006519,Line B,Standard,LineB-STA-01519,2026-05-19,FALSE,
D006527,Line B,Standard,LineB-STA-01527,2026-05-19,FALSE,
D006739,Line B,Standard,LineB-STA-01739,2026-05-19,FALSE,
D006767,Line B,Standard,LineB-STA-01767,2026-05-19,FALSE,
D006935,Line B,Standard,LineB-STA-01935,2026-05-19,FALSE,
D006939,Line B,Standard,LineB-STA-01939,2026-05-19,FALSE,
D006946,Line B,Standard,LineB-STA-01946,2026-05-19,FALSE,
D006973,Line B,Standard,LineB-STA-01973,2026-05-19,FALSE,
D007044,Line B,Standard,LineB-STA-02044,2026-05-19,FALSE,
D007346,Line B,Standard,LineB-STA-02346,2026-05-19,FALSE,
D007350,Line B,Standard,LineB-STA-02350,2026-05-19,FALSE,
D007431,Line B,Standard,LineB-STA-02431,2026-05-19,FALSE,
D007632,Line B,Standard,LineB-STA-02632,2026-05-19,FALSE,
D007767,Line B,Standard,LineB-STA-02767,2026-05-19,FALSE,
D007828,Line B,Standard,LineB-STA-02828,2026-05-19,FALSE,
D007864,Line B,Standard,LineB-STA-02864,2026-05-19,FALSE,
D007949,Line B,Standard,LineB-STA-02949,2026-05-19,FALSE,
D007991,Line B,Standard,LineB-STA-02991,2026-05-19,FALSE,
D008179,Line B,Standard,LineB-STA-03179,2026-05-19,FALSE,
D008181,Line B,Standard,LineB-STA-03181,2026-05-19,FALSE,
D008257,Line B,Standard,LineB-STA-03257,2026-05-19,FALSE,
D008260,Line B,Standard,LineB-STA-03260,2026-05-19,FALSE,
D008267,Line B,Standard,LineB-STA-03267,2026-05-19,FALSE,
D008444,Line B,Standard,LineB-STA-03444,2026-05-19,TRUE,component_misalignment
D008598,Line B,Standard,LineB-STA-03598,2026-05-19,FALSE,
D008617,Line B,Standard,LineB-STA-03617,2026-05-19,FALSE,
D008644,Line B,Standard,LineB-STA-03644,2026-05-19,FALSE,
D008838,Line B,Standard,LineB-STA-03838,2026-05-19,FALSE,
D008888,Line B,Standard,LineB-STA-03888,2026-05-19,FALSE,
D009092,Line B,Standard,LineB-STA-04092,2026-05-19,FALSE,
D009105,Line B,Standard,LineB-STA-04105,2026-05-19,FALSE,
D009163,Line B,Standard,LineB-STA-04163,2026-05-19,FALSE,
D009596,Line B,Pro,LineB-PRO-00346,2026-05-19,FALSE,
D009758,Line B,Pro,LineB-PRO-00508,2026-05-19,FALSE,
D009881,Line B,Pro,LineB-PRO-00631,2026-05-19,FALSE,
D010007,Line B,Pro,LineB-PRO-00757,2026-05-19,FALSE,
D000056,Line A,Standard,LineA-STA-00056,2026-05-20,FALSE,
D000107,Line A,Standard,LineA-STA-00107,2026-05-20,FALSE,
D000362,Line A,Standard,LineA-STA-00362,2026-05-20,FALSE,
D000590,Line A,Standard,LineA-STA-00590,2026-05-20,FALSE,
D000802,Line A,Standard,LineA-STA-00802,2026-05-20,FALSE,
D000806,Line A,Standard,LineA-STA-00806,2026-05-20,FALSE,
D000846,Line A,Standard,LineA-STA-00846,2026-05-20,FALSE,
D000877,Line A,Standard,LineA-STA-00877,2026-05-20,FALSE,
D001082,Line A,Standard,LineA-STA-01082,2026-05-20,FALSE,
D001105,Line A,Standard,LineA-STA-01105,2026-05-20,FALSE,
D001133,Line A,Standard,LineA-STA-01133,2026-05-20,FALSE,
D001138,Line A,Standard,LineA-STA-01138,2026-05-20,FALSE,
D001162,Line A,Standard,LineA-STA-01162,2026-05-20,FALSE,
D001360,Line A,Standard,LineA-STA-01360,2026-05-20,FALSE,
D001393,Line A,Standard,LineA-STA-01393,2026-05-20,FALSE,
D001423,Line A,Standard,LineA-STA-01423,2026-05-20,FALSE,
D001434,Line A,Standard,LineA-STA-01434,2026-05-20,FALSE,
D001548,Line A,Standard,LineA-STA-01548,2026-05-20,TRUE,component_misalignment
D001759,Line A,Standard,LineA-STA-01759,2026-05-20,FALSE,
D001778,Line A,Standard,LineA-STA-01778,2026-05-20,FALSE,
D001803,Line A,Standard,LineA-STA-01803,2026-05-20,FALSE,
D001924,Line A,Standard,LineA-STA-01924,2026-05-20,FALSE,
D002016,Line A,Standard,LineA-STA-02016,2026-05-20,FALSE,
D002043,Line A,Standard,LineA-STA-02043,2026-05-20,FALSE,
D002083,Line A,Standard,LineA-STA-02083,2026-05-20,FALSE,
D002112,Line A,Standard,LineA-STA-02112,2026-05-20,FALSE,
D002210,Line A,Standard,LineA-STA-02210,2026-05-20,FALSE,
D002270,Line A,Pro,LineA-PRO-00020,2026-05-20,FALSE,
D002427,Line A,Pro,LineA-PRO-00177,2026-05-20,FALSE,
D002522,Line A,Pro,LineA-PRO-00272,2026-05-20,TRUE,housing_crack
D002560,Line A,Pro,LineA-PRO-00310,2026-05-20,FALSE,
D002577,Line A,Pro,LineA-PRO-00327,2026-05-20,FALSE,
D002602,Line A,Pro,LineA-PRO-00352,2026-05-20,FALSE,
D002607,Line A,Pro,LineA-PRO-00357,2026-05-20,FALSE,
D002623,Line A,Pro,LineA-PRO-00373,2026-05-20,FALSE,
D002811,Line A,Pro,LineA-PRO-00561,2026-05-20,FALSE,
D002908,Line A,Pro,LineA-PRO-00658,2026-05-20,FALSE,
D002931,Line A,Pro,LineA-PRO-00681,2026-05-20,FALSE,
D003138,Line A,Pro,LineA-PRO-00888,2026-05-20,FALSE,
D003403,Line A,Pro,LineA-PRO-01153,2026-05-20,FALSE,
D003506,Line A,Pro,LineA-PRO-01256,2026-05-20,FALSE,
D003524,Line A,Pro,LineA-PRO-01274,2026-05-20,FALSE,
D003597,Line A,Pro,LineA-PRO-01347,2026-05-20,FALSE,
D003756,Line A,Pro,LineA-PRO-01506,2026-05-20,FALSE,
D003795,Line A,Pro,LineA-PRO-01545,2026-05-20,FALSE,
D003805,Line A,Pro,LineA-PRO-01555,2026-05-20,FALSE,
D003947,Line A,Pro,LineA-PRO-01697,2026-05-20,FALSE,
D004111,Line A,Pro,LineA-PRO-01861,2026-05-20,FALSE,
D004130,Line A,Pro,LineA-PRO-01880,2026-05-20,FALSE,
D004337,Line A,Pro,LineA-PRO-02087,2026-05-20,FALSE,
D004498,Line A,Pro,LineA-PRO-02248,2026-05-20,FALSE,
D004664,Line A,Pro,LineA-PRO-02414,2026-05-20,FALSE,
D004746,Line A,Pro,LineA-PRO-02496,2026-05-20,FALSE,
D004763,Line A,Pro,LineA-PRO-02513,2026-05-20,TRUE,cosmetic_scratch
D004878,Line A,Pro,LineA-PRO-02628,2026-05-20,FALSE,
D005043,Line B,Standard,LineB-STA-00043,2026-05-20,FALSE,
D005102,Line B,Standard,LineB-STA-00102,2026-05-20,FALSE,
D005604,Line B,Standard,LineB-STA-00604,2026-05-20,FALSE,
D005642,Line B,Standard,LineB-STA-00642,2026-05-20,FALSE,
D005846,Line B,Standard,LineB-STA-00846,2026-05-20,FALSE,
D005990,Line B,Standard,LineB-STA-00990,2026-05-20,FALSE,
D006030,Line B,Standard,LineB-STA-01030,2026-05-20,FALSE,
D006037,Line B,Standard,LineB-STA-01037,2026-05-20,FALSE,
D006060,Line B,Standard,LineB-STA-01060,2026-05-20,FALSE,
D006087,Line B,Standard,LineB-STA-01087,2026-05-20,FALSE,
D006235,Line B,Standard,LineB-STA-01235,2026-05-20,FALSE,
D006252,Line B,Standard,LineB-STA-01252,2026-05-20,FALSE,
D006336,Line B,Standard,LineB-STA-01336,2026-05-20,FALSE,
D006368,Line B,Standard,LineB-STA-01368,2026-05-20,FALSE,
D006410,Line B,Standard,LineB-STA-01410,2026-05-20,FALSE,
D006492,Line B,Standard,LineB-STA-01492,2026-05-20,FALSE,
D006759,Line B,Standard,LineB-STA-01759,2026-05-20,FALSE,
D006884,Line B,Standard,LineB-STA-01884,2026-05-20,FALSE,
D006989,Line B,Standard,LineB-STA-01989,2026-05-20,FALSE,
D007114,Line B,Standard,LineB-STA-02114,2026-05-20,FALSE,
D007472,Line B,Standard,LineB-STA-02472,2026-05-20,FALSE,
D007514,Line B,Standard,LineB-STA-02514,2026-05-20,FALSE,
D007630,Line B,Standard,LineB-STA-02630,2026-05-20,FALSE,
D007673,Line B,Standard,LineB-STA-02673,2026-05-20,FALSE,
D007724,Line B,Standard,LineB-STA-02724,2026-05-20,FALSE,
D007777,Line B,Standard,LineB-STA-02777,2026-05-20,FALSE,
D007798,Line B,Standard,LineB-STA-02798,2026-05-20,FALSE,
D007838,Line B,Standard,LineB-STA-02838,2026-05-20,FALSE,
D007918,Line B,Standard,LineB-STA-02918,2026-05-20,FALSE,
D007995,Line B,Standard,LineB-STA-02995,2026-05-20,FALSE,
D008009,Line B,Standard,LineB-STA-03009,2026-05-20,FALSE,
D008013,Line B,Standard,LineB-STA-03013,2026-05-20,FALSE,
D008033,Line B,Standard,LineB-STA-03033,2026-05-20,FALSE,
D008057,Line B,Standard,LineB-STA-03057,2026-05-20,FALSE,
D008097,Line B,Standard,LineB-STA-03097,2026-05-20,FALSE,
D008105,Line B,Standard,LineB-STA-03105,2026-05-20,FALSE,
D008261,Line B,Standard,LineB-STA-03261,2026-05-20,FALSE,
D008332,Line B,Standard,LineB-STA-03332,2026-05-20,FALSE,
D008439,Line B,Standard,LineB-STA-03439,2026-05-20,FALSE,
D008551,Line B,Standard,LineB-STA-03551,2026-05-20,FALSE,
D008562,Line B,Standard,LineB-STA-03562,2026-05-20,FALSE,
D008720,Line B,Standard,LineB-STA-03720,2026-05-20,FALSE,
D008762,Line B,Standard,LineB-STA-03762,2026-05-20,FALSE,
D008786,Line B,Standard,LineB-STA-03786,2026-05-20,FALSE,
D008814,Line B,Standard,LineB-STA-03814,2026-05-20,FALSE,
D009059,Line B,Standard,LineB-STA-04059,2026-05-20,FALSE,
D009081,Line B,Standard,LineB-STA-04081,2026-05-20,FALSE,
D009135,Line B,Standard,LineB-STA-04135,2026-05-20,FALSE,
D009160,Line B,Standard,LineB-STA-04160,2026-05-20,FALSE,
D009330,Line B,Pro,LineB-PRO-00080,2026-05-20,FALSE,
D009452,Line B,Pro,LineB-PRO-00202,2026-05-20,FALSE,
D009510,Line B,Pro,LineB-PRO-00260,2026-05-20,FALSE,
D009531,Line B,Pro,LineB-PRO-00281,2026-05-20,FALSE,
D009547,Line B,Pro,LineB-PRO-00297,2026-05-20,FALSE,
D009769,Line B,Pro,LineB-PRO-00519,2026-05-20,FALSE,
D009810,Line B,Pro,LineB-PRO-00560,2026-05-20,FALSE,
D009821,Line B,Pro,LineB-PRO-00571,2026-05-20,TRUE,firmware_flash_fail
D000073,Line A,Standard,LineA-STA-00073,2026-05-21,FALSE,
D000117,Line A,Standard,LineA-STA-00117,2026-05-21,FALSE,
D000143,Line A,Standard,LineA-STA-00143,2026-05-21,FALSE,
D000250,Line A,Standard,LineA-STA-00250,2026-05-21,FALSE,
D000310,Line A,Standard,LineA-STA-00310,2026-05-21,FALSE,
D000451,Line A,Standard,LineA-STA-00451,2026-05-21,FALSE,
D000489,Line A,Standard,LineA-STA-00489,2026-05-21,FALSE,
D000629,Line A,Standard,LineA-STA-00629,2026-05-21,FALSE,
D000743,Line A,Standard,LineA-STA-00743,2026-05-21,FALSE,
D000795,Line A,Standard,LineA-STA-00795,2026-05-21,FALSE,
D000820,Line A,Standard,LineA-STA-00820,2026-05-21,FALSE,
D000913,Line A,Standard,LineA-STA-00913,2026-05-21,FALSE,
D000932,Line A,Standard,LineA-STA-00932,2026-05-21,FALSE,
D000943,Line A,Standard,LineA-STA-00943,2026-05-21,FALSE,
D001017,Line A,Standard,LineA-STA-01017,2026-05-21,FALSE,
D001075,Line A,Standard,LineA-STA-01075,2026-05-21,FALSE,
D001107,Line A,Standard,LineA-STA-01107,2026-05-21,FALSE,
D001257,Line A,Standard,LineA-STA-01257,2026-05-21,FALSE,
D001286,Line A,Standard,LineA-STA-01286,2026-05-21,FALSE,
D001329,Line A,Standard,LineA-STA-01329,2026-05-21,FALSE,
D001417,Line A,Standard,LineA-STA-01417,2026-05-21,FALSE,
D001451,Line A,Standard,LineA-STA-01451,2026-05-21,FALSE,
D001475,Line A,Standard,LineA-STA-01475,2026-05-21,FALSE,
D001631,Line A,Standard,LineA-STA-01631,2026-05-21,FALSE,
D001643,Line A,Standard,LineA-STA-01643,2026-05-21,FALSE,
D001685,Line A,Standard,LineA-STA-01685,2026-05-21,FALSE,
D001857,Line A,Standard,LineA-STA-01857,2026-05-21,FALSE,
D001888,Line A,Standard,LineA-STA-01888,2026-05-21,FALSE,
D001984,Line A,Standard,LineA-STA-01984,2026-05-21,FALSE,
D002010,Line A,Standard,LineA-STA-02010,2026-05-21,FALSE,
D002054,Line A,Standard,LineA-STA-02054,2026-05-21,FALSE,
D002085,Line A,Standard,LineA-STA-02085,2026-05-21,FALSE,
D002128,Line A,Standard,LineA-STA-02128,2026-05-21,FALSE,
D002188,Line A,Standard,LineA-STA-02188,2026-05-21,FALSE,
D002249,Line A,Standard,LineA-STA-02249,2026-05-21,FALSE,
D002255,Line A,Pro,LineA-PRO-00005,2026-05-21,FALSE,
D002454,Line A,Pro,LineA-PRO-00204,2026-05-21,FALSE,
D002531,Line A,Pro,LineA-PRO-00281,2026-05-21,FALSE,
D002565,Line A,Pro,LineA-PRO-00315,2026-05-21,FALSE,
D002868,Line A,Pro,LineA-PRO-00618,2026-05-21,FALSE,
D002984,Line A,Pro,LineA-PRO-00734,2026-05-21,FALSE,
D003124,Line A,Pro,LineA-PRO-00874,2026-05-21,FALSE,
D003134,Line A,Pro,LineA-PRO-00884,2026-05-21,FALSE,
D003429,Line A,Pro,LineA-PRO-01179,2026-05-21,FALSE,
D003539,Line A,Pro,LineA-PRO-01289,2026-05-21,FALSE,
D003737,Line A,Pro,LineA-PRO-01487,2026-05-21,FALSE,
D003807,Line A,Pro,LineA-PRO-01557,2026-05-21,FALSE,
D003876,Line A,Pro,LineA-PRO-01626,2026-05-21,FALSE,
D003944,Line A,Pro,LineA-PRO-01694,2026-05-21,FALSE,
D003972,Line A,Pro,LineA-PRO-01722,2026-05-21,FALSE,
D004067,Line A,Pro,LineA-PRO-01817,2026-05-21,FALSE,
D004195,Line A,Pro,LineA-PRO-01945,2026-05-21,FALSE,
D004218,Line A,Pro,LineA-PRO-01968,2026-05-21,FALSE,
D004238,Line A,Pro,LineA-PRO-01988,2026-05-21,FALSE,
D004458,Line A,Pro,LineA-PRO-02208,2026-05-21,FALSE,
D004580,Line A,Pro,LineA-PRO-02330,2026-05-21,FALSE,
D004666,Line A,Pro,LineA-PRO-02416,2026-05-21,FALSE,
D004826,Line A,Pro,LineA-PRO-02576,2026-05-21,FALSE,
D004864,Line A,Pro,LineA-PRO-02614,2026-05-21,TRUE,battery_swell
D004912,Line A,Pro,LineA-PRO-02662,2026-05-21,FALSE,
D004972,Line A,Pro,LineA-PRO-02722,2026-05-21,FALSE,
D005251,Line B,Standard,LineB-STA-00251,2026-05-21,FALSE,
D005275,Line B,Standard,LineB-STA-00275,2026-05-21,FALSE,
D005297,Line B,Standard,LineB-STA-00297,2026-05-21,FALSE,
D005341,Line B,Standard,LineB-STA-00341,2026-05-21,FALSE,
D005357,Line B,Standard,LineB-STA-00357,2026-05-21,FALSE,
D005422,Line B,Standard,LineB-STA-00422,2026-05-21,FALSE,
D005430,Line B,Standard,LineB-STA-00430,2026-05-21,FALSE,
D005640,Line B,Standard,LineB-STA-00640,2026-05-21,FALSE,
D005703,Line B,Standard,LineB-STA-00703,2026-05-21,FALSE,
D005980,Line B,Standard,LineB-STA-00980,2026-05-21,FALSE,
D006000,Line B,Standard,LineB-STA-01000,2026-05-21,FALSE,
D006017,Line B,Standard,LineB-STA-01017,2026-05-21,FALSE,
D006044,Line B,Standard,LineB-STA-01044,2026-05-21,FALSE,
D006136,Line B,Standard,LineB-STA-01136,2026-05-21,FALSE,
D006293,Line B,Standard,LineB-STA-01293,2026-05-21,FALSE,
D006318,Line B,Standard,LineB-STA-01318,2026-05-21,FALSE,
D006424,Line B,Standard,LineB-STA-01424,2026-05-21,FALSE,
D006692,Line B,Standard,LineB-STA-01692,2026-05-21,FALSE,
D006717,Line B,Standard,LineB-STA-01717,2026-05-21,FALSE,
D006829,Line B,Standard,LineB-STA-01829,2026-05-21,FALSE,
D007125,Line B,Standard,LineB-STA-02125,2026-05-21,FALSE,
D007181,Line B,Standard,LineB-STA-02181,2026-05-21,FALSE,
D007245,Line B,Standard,LineB-STA-02245,2026-05-21,FALSE,
D007249,Line B,Standard,LineB-STA-02249,2026-05-21,FALSE,
D007366,Line B,Standard,LineB-STA-02366,2026-05-21,FALSE,
D007470,Line B,Standard,LineB-STA-02470,2026-05-21,FALSE,
D007583,Line B,Standard,LineB-STA-02583,2026-05-21,FALSE,
D007754,Line B,Standard,LineB-STA-02754,2026-05-21,FALSE,
D007873,Line B,Standard,LineB-STA-02873,2026-05-21,FALSE,
D007894,Line B,Standard,LineB-STA-02894,2026-05-21,FALSE,
D007903,Line B,Standard,LineB-STA-02903,2026-05-21,FALSE,
D007948,Line B,Standard,LineB-STA-02948,2026-05-21,FALSE,
D008081,Line B,Standard,LineB-STA-03081,2026-05-21,FALSE,
D008207,Line B,Standard,LineB-STA-03207,2026-05-21,FALSE,
D008370,Line B,Standard,LineB-STA-03370,2026-05-21,FALSE,
D008464,Line B,Standard,LineB-STA-03464,2026-05-21,FALSE,
D008651,Line B,Standard,LineB-STA-03651,2026-05-21,FALSE,
D008689,Line B,Standard,LineB-STA-03689,2026-05-21,FALSE,
D008723,Line B,Standard,LineB-STA-03723,2026-05-21,FALSE,
D008750,Line B,Standard,LineB-STA-03750,2026-05-21,FALSE,
D008771,Line B,Standard,LineB-STA-03771,2026-05-21,FALSE,
D008817,Line B,Standard,LineB-STA-03817,2026-05-21,FALSE,
D008886,Line B,Standard,LineB-STA-03886,2026-05-21,FALSE,
D008980,Line B,Standard,LineB-STA-03980,2026-05-21,FALSE,
D009004,Line B,Standard,LineB-STA-04004,2026-05-21,FALSE,
D009007,Line B,Standard,LineB-STA-04007,2026-05-21,FALSE,
D009240,Line B,Standard,LineB-STA-04240,2026-05-21,FALSE,
D009273,Line B,Pro,LineB-PRO-00023,2026-05-21,FALSE,
D009335,Line B,Pro,LineB-PRO-00085,2026-05-21,FALSE,
D009385,Line B,Pro,LineB-PRO-00135,2026-05-21,TRUE,battery_swell
D009420,Line B,Pro,LineB-PRO-00170,2026-05-21,TRUE,connector_seating
D009427,Line B,Pro,LineB-PRO-00177,2026-05-21,FALSE,
D009735,Line B,Pro,LineB-PRO-00485,2026-05-21,FALSE,
D000021,Line A,Standard,LineA-STA-00021,2026-05-22,FALSE,
D000039,Line A,Standard,LineA-STA-00039,2026-05-22,FALSE,
D000095,Line A,Standard,LineA-STA-00095,2026-05-22,FALSE,
D000098,Line A,Standard,LineA-STA-00098,2026-05-22,FALSE,
D000126,Line A,Standard,LineA-STA-00126,2026-05-22,FALSE,
D000347,Line A,Standard,LineA-STA-00347,2026-05-22,FALSE,
D000352,Line A,Standard,LineA-STA-00352,2026-05-22,FALSE,
D000382,Line A,Standard,LineA-STA-00382,2026-05-22,FALSE,
D000528,Line A,Standard,LineA-STA-00528,2026-05-22,FALSE,
D000746,Line A,Standard,LineA-STA-00746,2026-05-22,FALSE,
D000759,Line A,Standard,LineA-STA-00759,2026-05-22,FALSE,
D000976,Line A,Standard,LineA-STA-00976,2026-05-22,FALSE,
D001002,Line A,Standard,LineA-STA-01002,2026-05-22,FALSE,
D001068,Line A,Standard,LineA-STA-01068,2026-05-22,FALSE,
D001268,Line A,Standard,LineA-STA-01268,2026-05-22,FALSE,
D001459,Line A,Standard,LineA-STA-01459,2026-05-22,FALSE,
D001570,Line A,Standard,LineA-STA-01570,2026-05-22,FALSE,
D001692,Line A,Standard,LineA-STA-01692,2026-05-22,FALSE,
D001707,Line A,Standard,LineA-STA-01707,2026-05-22,FALSE,
D002121,Line A,Standard,LineA-STA-02121,2026-05-22,FALSE,
D002126,Line A,Standard,LineA-STA-02126,2026-05-22,FALSE,
D002168,Line A,Standard,LineA-STA-02168,2026-05-22,FALSE,
D002259,Line A,Pro,LineA-PRO-00009,2026-05-22,FALSE,
D002418,Line A,Pro,LineA-PRO-00168,2026-05-22,FALSE,
D002573,Line A,Pro,LineA-PRO-00323,2026-05-22,FALSE,
D002587,Line A,Pro,LineA-PRO-00337,2026-05-22,TRUE,solder_joint
D002634,Line A,Pro,LineA-PRO-00384,2026-05-22,FALSE,
D002898,Line A,Pro,LineA-PRO-00648,2026-05-22,FALSE,
D003077,Line A,Pro,LineA-PRO-00827,2026-05-22,FALSE,
D003103,Line A,Pro,LineA-PRO-00853,2026-05-22,FALSE,
D003430,Line A,Pro,LineA-PRO-01180,2026-05-22,FALSE,
D003441,Line A,Pro,LineA-PRO-01191,2026-05-22,FALSE,
D003451,Line A,Pro,LineA-PRO-01201,2026-05-22,FALSE,
D003456,Line A,Pro,LineA-PRO-01206,2026-05-22,FALSE,
D003626,Line A,Pro,LineA-PRO-01376,2026-05-22,FALSE,
D003652,Line A,Pro,LineA-PRO-01402,2026-05-22,FALSE,
D003702,Line A,Pro,LineA-PRO-01452,2026-05-22,FALSE,
D003847,Line A,Pro,LineA-PRO-01597,2026-05-22,FALSE,
D003892,Line A,Pro,LineA-PRO-01642,2026-05-22,FALSE,
D004102,Line A,Pro,LineA-PRO-01852,2026-05-22,FALSE,
D004106,Line A,Pro,LineA-PRO-01856,2026-05-22,FALSE,
D004112,Line A,Pro,LineA-PRO-01862,2026-05-22,FALSE,
D004226,Line A,Pro,LineA-PRO-01976,2026-05-22,FALSE,
D004291,Line A,Pro,LineA-PRO-02041,2026-05-22,FALSE,
D004454,Line A,Pro,LineA-PRO-02204,2026-05-22,FALSE,
D004470,Line A,Pro,LineA-PRO-02220,2026-05-22,FALSE,
D004491,Line A,Pro,LineA-PRO-02241,2026-05-22,FALSE,
D004576,Line A,Pro,LineA-PRO-02326,2026-05-22,FALSE,
D004711,Line A,Pro,LineA-PRO-02461,2026-05-22,FALSE,
D005047,Line B,Standard,LineB-STA-00047,2026-05-22,FALSE,
D005300,Line B,Standard,LineB-STA-00300,2026-05-22,FALSE,
D005373,Line B,Standard,LineB-STA-00373,2026-05-22,FALSE,
D005452,Line B,Standard,LineB-STA-00452,2026-05-22,FALSE,
D005512,Line B,Standard,LineB-STA-00512,2026-05-22,FALSE,
D005583,Line B,Standard,LineB-STA-00583,2026-05-22,FALSE,
D005756,Line B,Standard,LineB-STA-00756,2026-05-22,FALSE,
D005914,Line B,Standard,LineB-STA-00914,2026-05-22,FALSE,
D005923,Line B,Standard,LineB-STA-00923,2026-05-22,FALSE,
D005933,Line B,Standard,LineB-STA-00933,2026-05-22,FALSE,
D005994,Line B,Standard,LineB-STA-00994,2026-05-22,FALSE,
D006054,Line B,Standard,LineB-STA-01054,2026-05-22,FALSE,
D006067,Line B,Standard,LineB-STA-01067,2026-05-22,FALSE,
D006169,Line B,Standard,LineB-STA-01169,2026-05-22,FALSE,
D006199,Line B,Standard,LineB-STA-01199,2026-05-22,FALSE,
D006254,Line B,Standard,LineB-STA-01254,2026-05-22,FALSE,
D006301,Line B,Standard,LineB-STA-01301,2026-05-22,FALSE,
D006320,Line B,Standard,LineB-STA-01320,2026-05-22,FALSE,
D006326,Line B,Standard,LineB-STA-01326,2026-05-22,FALSE,
D006427,Line B,Standard,LineB-STA-01427,2026-05-22,FALSE,
D006507,Line B,Standard,LineB-STA-01507,2026-05-22,FALSE,
D006552,Line B,Standard,LineB-STA-01552,2026-05-22,FALSE,
D006720,Line B,Standard,LineB-STA-01720,2026-05-22,FALSE,
D006879,Line B,Standard,LineB-STA-01879,2026-05-22,FALSE,
D006943,Line B,Standard,LineB-STA-01943,2026-05-22,FALSE,
D006975,Line B,Standard,LineB-STA-01975,2026-05-22,FALSE,
D007028,Line B,Standard,LineB-STA-02028,2026-05-22,FALSE,
D007089,Line B,Standard,LineB-STA-02089,2026-05-22,FALSE,
D007135,Line B,Standard,LineB-STA-02135,2026-05-22,TRUE,screen_dead_pixel
D007220,Line B,Standard,LineB-STA-02220,2026-05-22,FALSE,
D007258,Line B,Standard,LineB-STA-02258,2026-05-22,FALSE,
D007375,Line B,Standard,LineB-STA-02375,2026-05-22,FALSE,
D007411,Line B,Standard,LineB-STA-02411,2026-05-22,FALSE,
D007425,Line B,Standard,LineB-STA-02425,2026-05-22,FALSE,
D007464,Line B,Standard,LineB-STA-02464,2026-05-22,FALSE,
D007511,Line B,Standard,LineB-STA-02511,2026-05-22,FALSE,
D007626,Line B,Standard,LineB-STA-02626,2026-05-22,FALSE,
D007648,Line B,Standard,LineB-STA-02648,2026-05-22,FALSE,
D007737,Line B,Standard,LineB-STA-02737,2026-05-22,FALSE,
D007841,Line B,Standard,LineB-STA-02841,2026-05-22,FALSE,
D008047,Line B,Standard,LineB-STA-03047,2026-05-22,FALSE,
D008052,Line B,Standard,LineB-STA-03052,2026-05-22,FALSE,
D008063,Line B,Standard,LineB-STA-03063,2026-05-22,FALSE,
D008114,Line B,Standard,LineB-STA-03114,2026-05-22,TRUE,label_misprint
D008433,Line B,Standard,LineB-STA-03433,2026-05-22,FALSE,
D008445,Line B,Standard,LineB-STA-03445,2026-05-22,FALSE,
D008683,Line B,Standard,LineB-STA-03683,2026-05-22,FALSE,
D008781,Line B,Standard,LineB-STA-03781,2026-05-22,FALSE,
D008942,Line B,Standard,LineB-STA-03942,2026-05-22,FALSE,
D009030,Line B,Standard,LineB-STA-04030,2026-05-22,FALSE,
D009053,Line B,Standard,LineB-STA-04053,2026-05-22,FALSE,
D009209,Line B,Standard,LineB-STA-04209,2026-05-22,FALSE,
D009283,Line B,Pro,LineB-PRO-00033,2026-05-22,TRUE,capacitor_leak
D009535,Line B,Pro,LineB-PRO-00285,2026-05-22,FALSE,
D009643,Line B,Pro,LineB-PRO-00393,2026-05-22,FALSE,
D009701,Line B,Pro,LineB-PRO-00451,2026-05-22,TRUE,label_misprint
D009717,Line B,Pro,LineB-PRO-00467,2026-05-22,FALSE,
D009874,Line B,Pro,LineB-PRO-00624,2026-05-22,FALSE,
D000195,Line A,Standard,LineA-STA-00195,2026-05-23,FALSE,
D000198,Line A,Standard,LineA-STA-00198,2026-05-23,FALSE,
D000280,Line A,Standard,LineA-STA-00280,2026-05-23,FALSE,
D000289,Line A,Standard,LineA-STA-00289,2026-05-23,FALSE,
D000468,Line A,Standard,LineA-STA-00468,2026-05-23,FALSE,
D000550,Line A,Standard,LineA-STA-00550,2026-05-23,FALSE,
D000571,Line A,Standard,LineA-STA-00571,2026-05-23,FALSE,
D000585,Line A,Standard,LineA-STA-00585,2026-05-23,FALSE,
D000650,Line A,Standard,LineA-STA-00650,2026-05-23,FALSE,
D000695,Line A,Standard,LineA-STA-00695,2026-05-23,FALSE,
D000719,Line A,Standard,LineA-STA-00719,2026-05-23,FALSE,
D000865,Line A,Standard,LineA-STA-00865,2026-05-23,FALSE,
D000876,Line A,Standard,LineA-STA-00876,2026-05-23,FALSE,
D000961,Line A,Standard,LineA-STA-00961,2026-05-23,TRUE,screen_dead_pixel
D001167,Line A,Standard,LineA-STA-01167,2026-05-23,FALSE,
D001245,Line A,Standard,LineA-STA-01245,2026-05-23,FALSE,
D001384,Line A,Standard,LineA-STA-01384,2026-05-23,TRUE,label_misprint
D001596,Line A,Standard,LineA-STA-01596,2026-05-23,FALSE,
D001622,Line A,Standard,LineA-STA-01622,2026-05-23,FALSE,
D001661,Line A,Standard,LineA-STA-01661,2026-05-23,FALSE,
D001753,Line A,Standard,LineA-STA-01753,2026-05-23,FALSE,
D001928,Line A,Standard,LineA-STA-01928,2026-05-23,FALSE,
D001973,Line A,Standard,LineA-STA-01973,2026-05-23,FALSE,
D002038,Line A,Standard,LineA-STA-02038,2026-05-23,FALSE,
D002110,Line A,Standard,LineA-STA-02110,2026-05-23,FALSE,
D002157,Line A,Standard,LineA-STA-02157,2026-05-23,FALSE,
D002222,Line A,Standard,LineA-STA-02222,2026-05-23,FALSE,
D002311,Line A,Pro,LineA-PRO-00061,2026-05-23,FALSE,
D002404,Line A,Pro,LineA-PRO-00154,2026-05-23,TRUE,capacitor_leak
D002472,Line A,Pro,LineA-PRO-00222,2026-05-23,FALSE,
D002725,Line A,Pro,LineA-PRO-00475,2026-05-23,FALSE,
D002797,Line A,Pro,LineA-PRO-00547,2026-05-23,FALSE,
D002842,Line A,Pro,LineA-PRO-00592,2026-05-23,FALSE,
D002878,Line A,Pro,LineA-PRO-00628,2026-05-23,FALSE,
D003018,Line A,Pro,LineA-PRO-00768,2026-05-23,FALSE,
D003275,Line A,Pro,LineA-PRO-01025,2026-05-23,FALSE,
D003385,Line A,Pro,LineA-PRO-01135,2026-05-23,FALSE,
D003412,Line A,Pro,LineA-PRO-01162,2026-05-23,TRUE,connector_seating
D003562,Line A,Pro,LineA-PRO-01312,2026-05-23,FALSE,
D003688,Line A,Pro,LineA-PRO-01438,2026-05-23,FALSE,
D003693,Line A,Pro,LineA-PRO-01443,2026-05-23,FALSE,
D003735,Line A,Pro,LineA-PRO-01485,2026-05-23,FALSE,
D003766,Line A,Pro,LineA-PRO-01516,2026-05-23,FALSE,
D003817,Line A,Pro,LineA-PRO-01567,2026-05-23,FALSE,
D003862,Line A,Pro,LineA-PRO-01612,2026-05-23,FALSE,
D003924,Line A,Pro,LineA-PRO-01674,2026-05-23,FALSE,
D004180,Line A,Pro,LineA-PRO-01930,2026-05-23,FALSE,
D004440,Line A,Pro,LineA-PRO-02190,2026-05-23,FALSE,
D004441,Line A,Pro,LineA-PRO-02191,2026-05-23,FALSE,
D004563,Line A,Pro,LineA-PRO-02313,2026-05-23,FALSE,
D004610,Line A,Pro,LineA-PRO-02360,2026-05-23,FALSE,
D004663,Line A,Pro,LineA-PRO-02413,2026-05-23,FALSE,
D004736,Line A,Pro,LineA-PRO-02486,2026-05-23,FALSE,
D004750,Line A,Pro,LineA-PRO-02500,2026-05-23,FALSE,
D004769,Line A,Pro,LineA-PRO-02519,2026-05-23,FALSE,
D004772,Line A,Pro,LineA-PRO-02522,2026-05-23,FALSE,
D004787,Line A,Pro,LineA-PRO-02537,2026-05-23,FALSE,
D004860,Line A,Pro,LineA-PRO-02610,2026-05-23,TRUE,battery_swell
D004957,Line A,Pro,LineA-PRO-02707,2026-05-23,FALSE,
D005006,Line B,Standard,LineB-STA-00006,2026-05-23,FALSE,
D005018,Line B,Standard,LineB-STA-00018,2026-05-23,FALSE,
D005062,Line B,Standard,LineB-STA-00062,2026-05-23,FALSE,
D005281,Line B,Standard,LineB-STA-00281,2026-05-23,FALSE,
D005289,Line B,Standard,LineB-STA-00289,2026-05-23,FALSE,
D005296,Line B,Standard,LineB-STA-00296,2026-05-23,FALSE,
D005311,Line B,Standard,LineB-STA-00311,2026-05-23,FALSE,
D005347,Line B,Standard,LineB-STA-00347,2026-05-23,FALSE,
D005410,Line B,Standard,LineB-STA-00410,2026-05-23,FALSE,
D005461,Line B,Standard,LineB-STA-00461,2026-05-23,FALSE,
D005470,Line B,Standard,LineB-STA-00470,2026-05-23,FALSE,
D005773,Line B,Standard,LineB-STA-00773,2026-05-23,FALSE,
D005821,Line B,Standard,LineB-STA-00821,2026-05-23,FALSE,
D006205,Line B,Standard,LineB-STA-01205,2026-05-23,FALSE,
D006303,Line B,Standard,LineB-STA-01303,2026-05-23,FALSE,
D006341,Line B,Standard,LineB-STA-01341,2026-05-23,FALSE,
D006353,Line B,Standard,LineB-STA-01353,2026-05-23,FALSE,
D006407,Line B,Standard,LineB-STA-01407,2026-05-23,FALSE,
D006441,Line B,Standard,LineB-STA-01441,2026-05-23,FALSE,
D006628,Line B,Standard,LineB-STA-01628,2026-05-23,FALSE,
D006722,Line B,Standard,LineB-STA-01722,2026-05-23,FALSE,
D006783,Line B,Standard,LineB-STA-01783,2026-05-23,FALSE,
D006827,Line B,Standard,LineB-STA-01827,2026-05-23,FALSE,
D007041,Line B,Standard,LineB-STA-02041,2026-05-23,FALSE,
D007239,Line B,Standard,LineB-STA-02239,2026-05-23,FALSE,
D007388,Line B,Standard,LineB-STA-02388,2026-05-23,FALSE,
D007508,Line B,Standard,LineB-STA-02508,2026-05-23,FALSE,
D007596,Line B,Standard,LineB-STA-02596,2026-05-23,FALSE,
D007612,Line B,Standard,LineB-STA-02612,2026-05-23,FALSE,
D007631,Line B,Standard,LineB-STA-02631,2026-05-23,FALSE,
D007859,Line B,Standard,LineB-STA-02859,2026-05-23,FALSE,
D007863,Line B,Standard,LineB-STA-02863,2026-05-23,FALSE,
D007977,Line B,Standard,LineB-STA-02977,2026-05-23,FALSE,
D008043,Line B,Standard,LineB-STA-03043,2026-05-23,FALSE,
D008089,Line B,Standard,LineB-STA-03089,2026-05-23,FALSE,
D008117,Line B,Standard,LineB-STA-03117,2026-05-23,FALSE,
D008164,Line B,Standard,LineB-STA-03164,2026-05-23,FALSE,
D008272,Line B,Standard,LineB-STA-03272,2026-05-23,FALSE,
D008375,Line B,Standard,LineB-STA-03375,2026-05-23,FALSE,
D008429,Line B,Standard,LineB-STA-03429,2026-05-23,FALSE,
D008679,Line B,Standard,LineB-STA-03679,2026-05-23,FALSE,
D008894,Line B,Standard,LineB-STA-03894,2026-05-23,FALSE,
D008939,Line B,Standard,LineB-STA-03939,2026-05-23,FALSE,
D008952,Line B,Standard,LineB-STA-03952,2026-05-23,FALSE,
D009011,Line B,Standard,LineB-STA-04011,2026-05-23,FALSE,
D009118,Line B,Standard,LineB-STA-04118,2026-05-23,FALSE,
D009230,Line B,Standard,LineB-STA-04230,2026-05-23,FALSE,
D009309,Line B,Pro,LineB-PRO-00059,2026-05-23,FALSE,
D009399,Line B,Pro,LineB-PRO-00149,2026-05-23,FALSE,
D009607,Line B,Pro,LineB-PRO-00357,2026-05-23,FALSE,
D009681,Line B,Pro,LineB-PRO-00431,2026-05-23,FALSE,
D009702,Line B,Pro,LineB-PRO-00452,2026-05-23,FALSE,
D009747,Line B,Pro,LineB-PRO-00497,2026-05-23,FALSE,
D009757,Line B,Pro,LineB-PRO-00507,2026-05-23,FALSE,
D009790,Line B,Pro,LineB-PRO-00540,2026-05-23,FALSE,
D009905,Line B,Pro,LineB-PRO-00655,2026-05-23,FALSE,
D009909,Line B,Pro,LineB-PRO-00659,2026-05-23,FALSE,
D009926,Line B,Pro,LineB-PRO-00676,2026-05-23,FALSE,
D009953,Line B,Pro,LineB-PRO-00703,2026-05-23,FALSE,
D000010,Line A,Standard,LineA-STA-00010,2026-05-24,FALSE,
D000029,Line A,Standard,LineA-STA-00029,2026-05-24,FALSE,
D000058,Line A,Standard,LineA-STA-00058,2026-05-24,FALSE,
D000161,Line A,Standard,LineA-STA-00161,2026-05-24,FALSE,
D000193,Line A,Standard,LineA-STA-00193,2026-05-24,FALSE,
D000307,Line A,Standard,LineA-STA-00307,2026-05-24,FALSE,
D000400,Line A,Standard,LineA-STA-00400,2026-05-24,FALSE,
D000442,Line A,Standard,LineA-STA-00442,2026-05-24,FALSE,
D000473,Line A,Standard,LineA-STA-00473,2026-05-24,FALSE,
D000512,Line A,Standard,LineA-STA-00512,2026-05-24,FALSE,
D000570,Line A,Standard,LineA-STA-00570,2026-05-24,FALSE,
D000586,Line A,Standard,LineA-STA-00586,2026-05-24,FALSE,
D000660,Line A,Standard,LineA-STA-00660,2026-05-24,FALSE,
D000897,Line A,Standard,LineA-STA-00897,2026-05-24,FALSE,
D000980,Line A,Standard,LineA-STA-00980,2026-05-24,FALSE,
D001029,Line A,Standard,LineA-STA-01029,2026-05-24,FALSE,
D001134,Line A,Standard,LineA-STA-01134,2026-05-24,FALSE,
D001170,Line A,Standard,LineA-STA-01170,2026-05-24,FALSE,
D001262,Line A,Standard,LineA-STA-01262,2026-05-24,FALSE,
D001436,Line A,Standard,LineA-STA-01436,2026-05-24,FALSE,
D001456,Line A,Standard,LineA-STA-01456,2026-05-24,FALSE,
D001556,Line A,Standard,LineA-STA-01556,2026-05-24,FALSE,
D001613,Line A,Standard,LineA-STA-01613,2026-05-24,FALSE,
D001761,Line A,Standard,LineA-STA-01761,2026-05-24,FALSE,
D001926,Line A,Standard,LineA-STA-01926,2026-05-24,FALSE,
D002045,Line A,Standard,LineA-STA-02045,2026-05-24,FALSE,
D002095,Line A,Standard,LineA-STA-02095,2026-05-24,FALSE,
D002097,Line A,Standard,LineA-STA-02097,2026-05-24,FALSE,
D002150,Line A,Standard,LineA-STA-02150,2026-05-24,FALSE,
D002272,Line A,Pro,LineA-PRO-00022,2026-05-24,FALSE,
D002289,Line A,Pro,LineA-PRO-00039,2026-05-24,FALSE,
D002689,Line A,Pro,LineA-PRO-00439,2026-05-24,FALSE,
D002716,Line A,Pro,LineA-PRO-00466,2026-05-24,FALSE,
D002736,Line A,Pro,LineA-PRO-00486,2026-05-24,FALSE,
D002787,Line A,Pro,LineA-PRO-00537,2026-05-24,FALSE,
D002830,Line A,Pro,LineA-PRO-00580,2026-05-24,FALSE,
D002860,Line A,Pro,LineA-PRO-00610,2026-05-24,FALSE,
D003006,Line A,Pro,LineA-PRO-00756,2026-05-24,FALSE,
D003150,Line A,Pro,LineA-PRO-00900,2026-05-24,FALSE,
D003171,Line A,Pro,LineA-PRO-00921,2026-05-24,FALSE,
D003200,Line A,Pro,LineA-PRO-00950,2026-05-24,FALSE,
D003241,Line A,Pro,LineA-PRO-00991,2026-05-24,FALSE,
D003289,Line A,Pro,LineA-PRO-01039,2026-05-24,TRUE,screen_dead_pixel
D003588,Line A,Pro,LineA-PRO-01338,2026-05-24,FALSE,
D003651,Line A,Pro,LineA-PRO-01401,2026-05-24,FALSE,
D003832,Line A,Pro,LineA-PRO-01582,2026-05-24,FALSE,
D003873,Line A,Pro,LineA-PRO-01623,2026-05-24,FALSE,
D003922,Line A,Pro,LineA-PRO-01672,2026-05-24,FALSE,
D004056,Line A,Pro,LineA-PRO-01806,2026-05-24,TRUE,cosmetic_scratch
D004198,Line A,Pro,LineA-PRO-01948,2026-05-24,FALSE,
D004284,Line A,Pro,LineA-PRO-02034,2026-05-24,FALSE,
D004309,Line A,Pro,LineA-PRO-02059,2026-05-24,FALSE,
D004338,Line A,Pro,LineA-PRO-02088,2026-05-24,FALSE,
D004358,Line A,Pro,LineA-PRO-02108,2026-05-24,FALSE,
D004420,Line A,Pro,LineA-PRO-02170,2026-05-24,FALSE,
D004431,Line A,Pro,LineA-PRO-02181,2026-05-24,FALSE,
D004436,Line A,Pro,LineA-PRO-02186,2026-05-24,FALSE,
D004469,Line A,Pro,LineA-PRO-02219,2026-05-24,FALSE,
D004588,Line A,Pro,LineA-PRO-02338,2026-05-24,FALSE,
D004629,Line A,Pro,LineA-PRO-02379,2026-05-24,FALSE,
D004719,Line A,Pro,LineA-PRO-02469,2026-05-24,FALSE,
D005019,Line B,Standard,LineB-STA-00019,2026-05-24,FALSE,
D005030,Line B,Standard,LineB-STA-00030,2026-05-24,FALSE,
D005230,Line B,Standard,LineB-STA-00230,2026-05-24,FALSE,
D005261,Line B,Standard,LineB-STA-00261,2026-05-24,FALSE,
D005381,Line B,Standard,LineB-STA-00381,2026-05-24,FALSE,
D005511,Line B,Standard,LineB-STA-00511,2026-05-24,FALSE,
D005546,Line B,Standard,LineB-STA-00546,2026-05-24,FALSE,
D005731,Line B,Standard,LineB-STA-00731,2026-05-24,FALSE,
D005757,Line B,Standard,LineB-STA-00757,2026-05-24,FALSE,
D005894,Line B,Standard,LineB-STA-00894,2026-05-24,FALSE,
D005929,Line B,Standard,LineB-STA-00929,2026-05-24,FALSE,
D006041,Line B,Standard,LineB-STA-01041,2026-05-24,FALSE,
D006124,Line B,Standard,LineB-STA-01124,2026-05-24,FALSE,
D006208,Line B,Standard,LineB-STA-01208,2026-05-24,FALSE,
D006230,Line B,Standard,LineB-STA-01230,2026-05-24,FALSE,
D006280,Line B,Standard,LineB-STA-01280,2026-05-24,FALSE,
D006306,Line B,Standard,LineB-STA-01306,2026-05-24,FALSE,
D006339,Line B,Standard,LineB-STA-01339,2026-05-24,FALSE,
D006340,Line B,Standard,LineB-STA-01340,2026-05-24,FALSE,
D006412,Line B,Standard,LineB-STA-01412,2026-05-24,FALSE,
D006703,Line B,Standard,LineB-STA-01703,2026-05-24,FALSE,
D006718,Line B,Standard,LineB-STA-01718,2026-05-24,FALSE,
D006961,Line B,Standard,LineB-STA-01961,2026-05-24,FALSE,
D006974,Line B,Standard,LineB-STA-01974,2026-05-24,FALSE,
D007013,Line B,Standard,LineB-STA-02013,2026-05-24,FALSE,
D007015,Line B,Standard,LineB-STA-02015,2026-05-24,FALSE,
D007054,Line B,Standard,LineB-STA-02054,2026-05-24,FALSE,
D007223,Line B,Standard,LineB-STA-02223,2026-05-24,FALSE,
D007248,Line B,Standard,LineB-STA-02248,2026-05-24,FALSE,
D007314,Line B,Standard,LineB-STA-02314,2026-05-24,FALSE,
D007324,Line B,Standard,LineB-STA-02324,2026-05-24,FALSE,
D007365,Line B,Standard,LineB-STA-02365,2026-05-24,FALSE,
D007503,Line B,Standard,LineB-STA-02503,2026-05-24,FALSE,
D007862,Line B,Standard,LineB-STA-02862,2026-05-24,FALSE,
D008053,Line B,Standard,LineB-STA-03053,2026-05-24,FALSE,
D008054,Line B,Standard,LineB-STA-03054,2026-05-24,FALSE,
D008160,Line B,Standard,LineB-STA-03160,2026-05-24,FALSE,
D008440,Line B,Standard,LineB-STA-03440,2026-05-24,FALSE,
D008493,Line B,Standard,LineB-STA-03493,2026-05-24,FALSE,
D008520,Line B,Standard,LineB-STA-03520,2026-05-24,FALSE,
D008610,Line B,Standard,LineB-STA-03610,2026-05-24,FALSE,
D008687,Line B,Standard,LineB-STA-03687,2026-05-24,FALSE,
D008731,Line B,Standard,LineB-STA-03731,2026-05-24,FALSE,
D008851,Line B,Standard,LineB-STA-03851,2026-05-24,FALSE,
D008982,Line B,Standard,LineB-STA-03982,2026-05-24,FALSE,
D009195,Line B,Standard,LineB-STA-04195,2026-05-24,FALSE,
D009350,Line B,Pro,LineB-PRO-00100,2026-05-24,FALSE,
D009364,Line B,Pro,LineB-PRO-00114,2026-05-24,FALSE,
D009435,Line B,Pro,LineB-PRO-00185,2026-05-24,FALSE,
D009564,Line B,Pro,LineB-PRO-00314,2026-05-24,FALSE,
D009646,Line B,Pro,LineB-PRO-00396,2026-05-24,FALSE,
D009710,Line B,Pro,LineB-PRO-00460,2026-05-24,FALSE,
D009858,Line B,Pro,LineB-PRO-00608,2026-05-24,FALSE,
D010015,Line B,Pro,LineB-PRO-00765,2026-05-24,FALSE,
D000348,Line A,Standard,LineA-STA-00348,2026-05-25,FALSE,
D000458,Line A,Standard,LineA-STA-00458,2026-05-25,FALSE,
D000499,Line A,Standard,LineA-STA-00499,2026-05-25,FALSE,
D000559,Line A,Standard,LineA-STA-00559,2026-05-25,FALSE,
D000969,Line A,Standard,LineA-STA-00969,2026-05-25,FALSE,
D001065,Line A,Standard,LineA-STA-01065,2026-05-25,FALSE,
D001081,Line A,Standard,LineA-STA-01081,2026-05-25,FALSE,
D001139,Line A,Standard,LineA-STA-01139,2026-05-25,FALSE,
D001202,Line A,Standard,LineA-STA-01202,2026-05-25,FALSE,
D001221,Line A,Standard,LineA-STA-01221,2026-05-25,FALSE,
D001288,Line A,Standard,LineA-STA-01288,2026-05-25,FALSE,
D001313,Line A,Standard,LineA-STA-01313,2026-05-25,FALSE,
D001334,Line A,Standard,LineA-STA-01334,2026-05-25,FALSE,
D001354,Line A,Standard,LineA-STA-01354,2026-05-25,FALSE,
D001395,Line A,Standard,LineA-STA-01395,2026-05-25,FALSE,
D001457,Line A,Standard,LineA-STA-01457,2026-05-25,FALSE,
D001516,Line A,Standard,LineA-STA-01516,2026-05-25,FALSE,
D001736,Line A,Standard,LineA-STA-01736,2026-05-25,FALSE,
D001992,Line A,Standard,LineA-STA-01992,2026-05-25,FALSE,
D002071,Line A,Standard,LineA-STA-02071,2026-05-25,FALSE,
D002238,Line A,Standard,LineA-STA-02238,2026-05-25,FALSE,
D002293,Line A,Pro,LineA-PRO-00043,2026-05-25,FALSE,
D002298,Line A,Pro,LineA-PRO-00048,2026-05-25,FALSE,
D002303,Line A,Pro,LineA-PRO-00053,2026-05-25,FALSE,
D002513,Line A,Pro,LineA-PRO-00263,2026-05-25,FALSE,
D002674,Line A,Pro,LineA-PRO-00424,2026-05-25,FALSE,
D002850,Line A,Pro,LineA-PRO-00600,2026-05-25,FALSE,
D002866,Line A,Pro,LineA-PRO-00616,2026-05-25,FALSE,
D002914,Line A,Pro,LineA-PRO-00664,2026-05-25,FALSE,
D002961,Line A,Pro,LineA-PRO-00711,2026-05-25,FALSE,
D003136,Line A,Pro,LineA-PRO-00886,2026-05-25,FALSE,
D003154,Line A,Pro,LineA-PRO-00904,2026-05-25,TRUE,capacitor_leak
D003315,Line A,Pro,LineA-PRO-01065,2026-05-25,FALSE,
D003381,Line A,Pro,LineA-PRO-01131,2026-05-25,FALSE,
D003413,Line A,Pro,LineA-PRO-01163,2026-05-25,FALSE,
D003444,Line A,Pro,LineA-PRO-01194,2026-05-25,FALSE,
D003585,Line A,Pro,LineA-PRO-01335,2026-05-25,FALSE,
D003714,Line A,Pro,LineA-PRO-01464,2026-05-25,FALSE,
D003758,Line A,Pro,LineA-PRO-01508,2026-05-25,FALSE,
D003777,Line A,Pro,LineA-PRO-01527,2026-05-25,FALSE,
D003824,Line A,Pro,LineA-PRO-01574,2026-05-25,FALSE,
D003894,Line A,Pro,LineA-PRO-01644,2026-05-25,FALSE,
D003949,Line A,Pro,LineA-PRO-01699,2026-05-25,FALSE,
D004135,Line A,Pro,LineA-PRO-01885,2026-05-25,FALSE,
D004137,Line A,Pro,LineA-PRO-01887,2026-05-25,FALSE,
D004143,Line A,Pro,LineA-PRO-01893,2026-05-25,FALSE,
D004179,Line A,Pro,LineA-PRO-01929,2026-05-25,FALSE,
D004264,Line A,Pro,LineA-PRO-02014,2026-05-25,FALSE,
D004302,Line A,Pro,LineA-PRO-02052,2026-05-25,FALSE,
D004439,Line A,Pro,LineA-PRO-02189,2026-05-25,FALSE,
D004518,Line A,Pro,LineA-PRO-02268,2026-05-25,FALSE,
D004562,Line A,Pro,LineA-PRO-02312,2026-05-25,FALSE,
D004567,Line A,Pro,LineA-PRO-02317,2026-05-25,FALSE,
D004585,Line A,Pro,LineA-PRO-02335,2026-05-25,TRUE,screen_dead_pixel
D004798,Line A,Pro,LineA-PRO-02548,2026-05-25,FALSE,
D004950,Line A,Pro,LineA-PRO-02700,2026-05-25,FALSE,
D004980,Line A,Pro,LineA-PRO-02730,2026-05-25,FALSE,
D005044,Line B,Standard,LineB-STA-00044,2026-05-25,FALSE,
D005099,Line B,Standard,LineB-STA-00099,2026-05-25,FALSE,
D005151,Line B,Standard,LineB-STA-00151,2026-05-25,FALSE,
D005266,Line B,Standard,LineB-STA-00266,2026-05-25,FALSE,
D005299,Line B,Standard,LineB-STA-00299,2026-05-25,FALSE,
D005393,Line B,Standard,LineB-STA-00393,2026-05-25,FALSE,
D005407,Line B,Standard,LineB-STA-00407,2026-05-25,FALSE,
D005490,Line B,Standard,LineB-STA-00490,2026-05-25,FALSE,
D005503,Line B,Standard,LineB-STA-00503,2026-05-25,FALSE,
D005578,Line B,Standard,LineB-STA-00578,2026-05-25,FALSE,
D005631,Line B,Standard,LineB-STA-00631,2026-05-25,FALSE,
D005675,Line B,Standard,LineB-STA-00675,2026-05-25,TRUE,firmware_flash_fail
D005930,Line B,Standard,LineB-STA-00930,2026-05-25,FALSE,
D005998,Line B,Standard,LineB-STA-00998,2026-05-25,FALSE,
D006033,Line B,Standard,LineB-STA-01033,2026-05-25,FALSE,
D006068,Line B,Standard,LineB-STA-01068,2026-05-25,FALSE,
D006071,Line B,Standard,LineB-STA-01071,2026-05-25,FALSE,
D006085,Line B,Standard,LineB-STA-01085,2026-05-25,FALSE,
D006114,Line B,Standard,LineB-STA-01114,2026-05-25,FALSE,
D006168,Line B,Standard,LineB-STA-01168,2026-05-25,FALSE,
D006432,Line B,Standard,LineB-STA-01432,2026-05-25,FALSE,
D006715,Line B,Standard,LineB-STA-01715,2026-05-25,FALSE,
D006738,Line B,Standard,LineB-STA-01738,2026-05-25,FALSE,
D006828,Line B,Standard,LineB-STA-01828,2026-05-25,FALSE,
D006889,Line B,Standard,LineB-STA-01889,2026-05-25,FALSE,
D006926,Line B,Standard,LineB-STA-01926,2026-05-25,FALSE,
D007108,Line B,Standard,LineB-STA-02108,2026-05-25,FALSE,
D007161,Line B,Standard,LineB-STA-02161,2026-05-25,FALSE,
D007216,Line B,Standard,LineB-STA-02216,2026-05-25,FALSE,
D007295,Line B,Standard,LineB-STA-02295,2026-05-25,FALSE,
D007765,Line B,Standard,LineB-STA-02765,2026-05-25,TRUE,capacitor_leak
D007850,Line B,Standard,LineB-STA-02850,2026-05-25,FALSE,
D008271,Line B,Standard,LineB-STA-03271,2026-05-25,FALSE,
D008378,Line B,Standard,LineB-STA-03378,2026-05-25,FALSE,
D008599,Line B,Standard,LineB-STA-03599,2026-05-25,FALSE,
D008847,Line B,Standard,LineB-STA-03847,2026-05-25,FALSE,
D009050,Line B,Standard,LineB-STA-04050,2026-05-25,FALSE,
D009063,Line B,Standard,LineB-STA-04063,2026-05-25,FALSE,
D009084,Line B,Standard,LineB-STA-04084,2026-05-25,FALSE,
D009151,Line B,Standard,LineB-STA-04151,2026-05-25,TRUE,cosmetic_scratch
D009202,Line B,Standard,LineB-STA-04202,2026-05-25,FALSE,
D009342,Line B,Pro,LineB-PRO-00092,2026-05-25,FALSE,
D009474,Line B,Pro,LineB-PRO-00224,2026-05-25,FALSE,
D009587,Line B,Pro,LineB-PRO-00337,2026-05-25,FALSE,
D009796,Line B,Pro,LineB-PRO-00546,2026-05-25,FALSE,
D009867,Line B,Pro,LineB-PRO-00617,2026-05-25,FALSE,
D009963,Line B,Pro,LineB-PRO-00713,2026-05-25,FALSE,
D000091,Line A,Standard,LineA-STA-00091,2026-05-26,FALSE,
D000730,Line A,Standard,LineA-STA-00730,2026-05-26,FALSE,
D000770,Line A,Standard,LineA-STA-00770,2026-05-26,FALSE,
D000814,Line A,Standard,LineA-STA-00814,2026-05-26,FALSE,
D000831,Line A,Standard,LineA-STA-00831,2026-05-26,FALSE,
D000860,Line A,Standard,LineA-STA-00860,2026-05-26,FALSE,
D000895,Line A,Standard,LineA-STA-00895,2026-05-26,FALSE,
D000920,Line A,Standard,LineA-STA-00920,2026-05-26,FALSE,
D001004,Line A,Standard,LineA-STA-01004,2026-05-26,FALSE,
D001074,Line A,Standard,LineA-STA-01074,2026-05-26,FALSE,
D001483,Line A,Standard,LineA-STA-01483,2026-05-26,FALSE,
D001488,Line A,Standard,LineA-STA-01488,2026-05-26,FALSE,
D001636,Line A,Standard,LineA-STA-01636,2026-05-26,FALSE,
D001731,Line A,Standard,LineA-STA-01731,2026-05-26,TRUE,capacitor_leak
D001864,Line A,Standard,LineA-STA-01864,2026-05-26,FALSE,
D001962,Line A,Standard,LineA-STA-01962,2026-05-26,FALSE,
D001966,Line A,Standard,LineA-STA-01966,2026-05-26,FALSE,
D002074,Line A,Standard,LineA-STA-02074,2026-05-26,FALSE,
D002252,Line A,Pro,LineA-PRO-00002,2026-05-26,FALSE,
D002261,Line A,Pro,LineA-PRO-00011,2026-05-26,FALSE,
D002284,Line A,Pro,LineA-PRO-00034,2026-05-26,FALSE,
D002432,Line A,Pro,LineA-PRO-00182,2026-05-26,FALSE,
D002443,Line A,Pro,LineA-PRO-00193,2026-05-26,FALSE,
D002538,Line A,Pro,LineA-PRO-00288,2026-05-26,FALSE,
D002572,Line A,Pro,LineA-PRO-00322,2026-05-26,FALSE,
D002766,Line A,Pro,LineA-PRO-00516,2026-05-26,FALSE,
D002806,Line A,Pro,LineA-PRO-00556,2026-05-26,FALSE,
D002854,Line A,Pro,LineA-PRO-00604,2026-05-26,FALSE,
D003216,Line A,Pro,LineA-PRO-00966,2026-05-26,FALSE,
D003320,Line A,Pro,LineA-PRO-01070,2026-05-26,FALSE,
D003504,Line A,Pro,LineA-PRO-01254,2026-05-26,FALSE,
D003521,Line A,Pro,LineA-PRO-01271,2026-05-26,FALSE,
D003615,Line A,Pro,LineA-PRO-01365,2026-05-26,FALSE,
D003646,Line A,Pro,LineA-PRO-01396,2026-05-26,FALSE,
D003674,Line A,Pro,LineA-PRO-01424,2026-05-26,FALSE,
D003687,Line A,Pro,LineA-PRO-01437,2026-05-26,FALSE,
D003713,Line A,Pro,LineA-PRO-01463,2026-05-26,FALSE,
D003904,Line A,Pro,LineA-PRO-01654,2026-05-26,TRUE,screen_dead_pixel
D003915,Line A,Pro,LineA-PRO-01665,2026-05-26,FALSE,
D003990,Line A,Pro,LineA-PRO-01740,2026-05-26,FALSE,
D004000,Line A,Pro,LineA-PRO-01750,2026-05-26,FALSE,
D004007,Line A,Pro,LineA-PRO-01757,2026-05-26,FALSE,
D004027,Line A,Pro,LineA-PRO-01777,2026-05-26,FALSE,
D004117,Line A,Pro,LineA-PRO-01867,2026-05-26,FALSE,
D004141,Line A,Pro,LineA-PRO-01891,2026-05-26,FALSE,
D004160,Line A,Pro,LineA-PRO-01910,2026-05-26,FALSE,
D004215,Line A,Pro,LineA-PRO-01965,2026-05-26,TRUE,battery_swell
D004255,Line A,Pro,LineA-PRO-02005,2026-05-26,FALSE,
D004283,Line A,Pro,LineA-PRO-02033,2026-05-26,FALSE,
D004318,Line A,Pro,LineA-PRO-02068,2026-05-26,FALSE,
D004373,Line A,Pro,LineA-PRO-02123,2026-05-26,TRUE,cosmetic_scratch
D004456,Line A,Pro,LineA-PRO-02206,2026-05-26,FALSE,
D004717,Line A,Pro,LineA-PRO-02467,2026-05-26,FALSE,
D004831,Line A,Pro,LineA-PRO-02581,2026-05-26,FALSE,
D004956,Line A,Pro,LineA-PRO-02706,2026-05-26,FALSE,
D004993,Line A,Pro,LineA-PRO-02743,2026-05-26,FALSE,
D005037,Line B,Standard,LineB-STA-00037,2026-05-26,FALSE,
D005065,Line B,Standard,LineB-STA-00065,2026-05-26,FALSE,
D005108,Line B,Standard,LineB-STA-00108,2026-05-26,FALSE,
D005161,Line B,Standard,LineB-STA-00161,2026-05-26,FALSE,
D005187,Line B,Standard,LineB-STA-00187,2026-05-26,FALSE,
D005221,Line B,Standard,LineB-STA-00221,2026-05-26,FALSE,
D005516,Line B,Standard,LineB-STA-00516,2026-05-26,FALSE,
D005657,Line B,Standard,LineB-STA-00657,2026-05-26,FALSE,
D005666,Line B,Standard,LineB-STA-00666,2026-05-26,FALSE,
D005852,Line B,Standard,LineB-STA-00852,2026-05-26,FALSE,
D005966,Line B,Standard,LineB-STA-00966,2026-05-26,FALSE,
D006027,Line B,Standard,LineB-STA-01027,2026-05-26,FALSE,
D006100,Line B,Standard,LineB-STA-01100,2026-05-26,FALSE,
D006145,Line B,Standard,LineB-STA-01145,2026-05-26,FALSE,
D006175,Line B,Standard,LineB-STA-01175,2026-05-26,FALSE,
D006190,Line B,Standard,LineB-STA-01190,2026-05-26,FALSE,
D006279,Line B,Standard,LineB-STA-01279,2026-05-26,FALSE,
D006617,Line B,Standard,LineB-STA-01617,2026-05-26,FALSE,
D006661,Line B,Standard,LineB-STA-01661,2026-05-26,FALSE,
D006838,Line B,Standard,LineB-STA-01838,2026-05-26,FALSE,
D006877,Line B,Standard,LineB-STA-01877,2026-05-26,FALSE,
D006981,Line B,Standard,LineB-STA-01981,2026-05-26,FALSE,
D007176,Line B,Standard,LineB-STA-02176,2026-05-26,FALSE,
D007313,Line B,Standard,LineB-STA-02313,2026-05-26,FALSE,
D007337,Line B,Standard,LineB-STA-02337,2026-05-26,FALSE,
D007377,Line B,Standard,LineB-STA-02377,2026-05-26,FALSE,
D007519,Line B,Standard,LineB-STA-02519,2026-05-26,FALSE,
D007557,Line B,Standard,LineB-STA-02557,2026-05-26,FALSE,
D007580,Line B,Standard,LineB-STA-02580,2026-05-26,FALSE,
D007642,Line B,Standard,LineB-STA-02642,2026-05-26,FALSE,
D007766,Line B,Standard,LineB-STA-02766,2026-05-26,FALSE,
D007804,Line B,Standard,LineB-STA-02804,2026-05-26,FALSE,
D007924,Line B,Standard,LineB-STA-02924,2026-05-26,FALSE,
D008038,Line B,Standard,LineB-STA-03038,2026-05-26,FALSE,
D008099,Line B,Standard,LineB-STA-03099,2026-05-26,FALSE,
D008240,Line B,Standard,LineB-STA-03240,2026-05-26,FALSE,
D008326,Line B,Standard,LineB-STA-03326,2026-05-26,FALSE,
D008396,Line B,Standard,LineB-STA-03396,2026-05-26,FALSE,
D008448,Line B,Standard,LineB-STA-03448,2026-05-26,FALSE,
D008474,Line B,Standard,LineB-STA-03474,2026-05-26,FALSE,
D008475,Line B,Standard,LineB-STA-03475,2026-05-26,FALSE,
D008648,Line B,Standard,LineB-STA-03648,2026-05-26,FALSE,
D008892,Line B,Standard,LineB-STA-03892,2026-05-26,FALSE,
D008954,Line B,Standard,LineB-STA-03954,2026-05-26,FALSE,
D009186,Line B,Standard,LineB-STA-04186,2026-05-26,FALSE,
D009199,Line B,Standard,LineB-STA-04199,2026-05-26,FALSE,
D009308,Line B,Pro,LineB-PRO-00058,2026-05-26,FALSE,
D009390,Line B,Pro,LineB-PRO-00140,2026-05-26,FALSE,
D009429,Line B,Pro,LineB-PRO-00179,2026-05-26,FALSE,
D009532,Line B,Pro,LineB-PRO-00282,2026-05-26,FALSE,
D009692,Line B,Pro,LineB-PRO-00442,2026-05-26,FALSE,
D009778,Line B,Pro,LineB-PRO-00528,2026-05-26,FALSE,
D009782,Line B,Pro,LineB-PRO-00532,2026-05-26,FALSE,
D009896,Line B,Pro,LineB-PRO-00646,2026-05-26,FALSE,
D010001,Line B,Pro,LineB-PRO-00751,2026-05-26,FALSE,
D000028,Line A,Standard,LineA-STA-00028,2026-05-27,FALSE,
D000191,Line A,Standard,LineA-STA-00191,2026-05-27,FALSE,
D000257,Line A,Standard,LineA-STA-00257,2026-05-27,FALSE,
D000429,Line A,Standard,LineA-STA-00429,2026-05-27,FALSE,
D000529,Line A,Standard,LineA-STA-00529,2026-05-27,FALSE,
D000853,Line A,Standard,LineA-STA-00853,2026-05-27,FALSE,
D000918,Line A,Standard,LineA-STA-00918,2026-05-27,FALSE,
D000957,Line A,Standard,LineA-STA-00957,2026-05-27,FALSE,
D001043,Line A,Standard,LineA-STA-01043,2026-05-27,FALSE,
D001172,Line A,Standard,LineA-STA-01172,2026-05-27,FALSE,
D001199,Line A,Standard,LineA-STA-01199,2026-05-27,FALSE,
D001211,Line A,Standard,LineA-STA-01211,2026-05-27,FALSE,
D001310,Line A,Standard,LineA-STA-01310,2026-05-27,FALSE,
D001348,Line A,Standard,LineA-STA-01348,2026-05-27,FALSE,
D001379,Line A,Standard,LineA-STA-01379,2026-05-27,FALSE,
D001386,Line A,Standard,LineA-STA-01386,2026-05-27,FALSE,
D001721,Line A,Standard,LineA-STA-01721,2026-05-27,FALSE,
D001925,Line A,Standard,LineA-STA-01925,2026-05-27,FALSE,
D002025,Line A,Standard,LineA-STA-02025,2026-05-27,FALSE,
D002147,Line A,Standard,LineA-STA-02147,2026-05-27,FALSE,
D002155,Line A,Standard,LineA-STA-02155,2026-05-27,FALSE,
D002527,Line A,Pro,LineA-PRO-00277,2026-05-27,FALSE,
D002543,Line A,Pro,LineA-PRO-00293,2026-05-27,FALSE,
D002615,Line A,Pro,LineA-PRO-00365,2026-05-27,FALSE,
D002695,Line A,Pro,LineA-PRO-00445,2026-05-27,FALSE,
D002783,Line A,Pro,LineA-PRO-00533,2026-05-27,FALSE,
D003007,Line A,Pro,LineA-PRO-00757,2026-05-27,FALSE,
D003026,Line A,Pro,LineA-PRO-00776,2026-05-27,FALSE,
D003059,Line A,Pro,LineA-PRO-00809,2026-05-27,FALSE,
D003092,Line A,Pro,LineA-PRO-00842,2026-05-27,FALSE,
D003149,Line A,Pro,LineA-PRO-00899,2026-05-27,FALSE,
D003151,Line A,Pro,LineA-PRO-00901,2026-05-27,FALSE,
D003375,Line A,Pro,LineA-PRO-01125,2026-05-27,FALSE,
D003409,Line A,Pro,LineA-PRO-01159,2026-05-27,FALSE,
D003425,Line A,Pro,LineA-PRO-01175,2026-05-27,FALSE,
D003510,Line A,Pro,LineA-PRO-01260,2026-05-27,FALSE,
D003765,Line A,Pro,LineA-PRO-01515,2026-05-27,FALSE,
D003804,Line A,Pro,LineA-PRO-01554,2026-05-27,FALSE,
D003815,Line A,Pro,LineA-PRO-01565,2026-05-27,TRUE,housing_crack
D003843,Line A,Pro,LineA-PRO-01593,2026-05-27,FALSE,
D004015,Line A,Pro,LineA-PRO-01765,2026-05-27,FALSE,
D004031,Line A,Pro,LineA-PRO-01781,2026-05-27,FALSE,
D004325,Line A,Pro,LineA-PRO-02075,2026-05-27,FALSE,
D004391,Line A,Pro,LineA-PRO-02141,2026-05-27,FALSE,
D004419,Line A,Pro,LineA-PRO-02169,2026-05-27,FALSE,
D004671,Line A,Pro,LineA-PRO-02421,2026-05-27,FALSE,
D004706,Line A,Pro,LineA-PRO-02456,2026-05-27,FALSE,
D004871,Line A,Pro,LineA-PRO-02621,2026-05-27,FALSE,
D004886,Line A,Pro,LineA-PRO-02636,2026-05-27,FALSE,
D005083,Line B,Standard,LineB-STA-00083,2026-05-27,FALSE,
D005122,Line B,Standard,LineB-STA-00122,2026-05-27,FALSE,
D005152,Line B,Standard,LineB-STA-00152,2026-05-27,FALSE,
D005160,Line B,Standard,LineB-STA-00160,2026-05-27,FALSE,
D005298,Line B,Standard,LineB-STA-00298,2026-05-27,FALSE,
D005500,Line B,Standard,LineB-STA-00500,2026-05-27,FALSE,
D005630,Line B,Standard,LineB-STA-00630,2026-05-27,FALSE,
D005659,Line B,Standard,LineB-STA-00659,2026-05-27,FALSE,
D005683,Line B,Standard,LineB-STA-00683,2026-05-27,FALSE,
D005734,Line B,Standard,LineB-STA-00734,2026-05-27,FALSE,
D005768,Line B,Standard,LineB-STA-00768,2026-05-27,FALSE,
D005830,Line B,Standard,LineB-STA-00830,2026-05-27,FALSE,
D005908,Line B,Standard,LineB-STA-00908,2026-05-27,FALSE,
D006243,Line B,Standard,LineB-STA-01243,2026-05-27,FALSE,
D006391,Line B,Standard,LineB-STA-01391,2026-05-27,FALSE,
D006420,Line B,Standard,LineB-STA-01420,2026-05-27,FALSE,
D006431,Line B,Standard,LineB-STA-01431,2026-05-27,FALSE,
D006459,Line B,Standard,LineB-STA-01459,2026-05-27,FALSE,
D006483,Line B,Standard,LineB-STA-01483,2026-05-27,FALSE,
D006603,Line B,Standard,LineB-STA-01603,2026-05-27,FALSE,
D006619,Line B,Standard,LineB-STA-01619,2026-05-27,FALSE,
D006650,Line B,Standard,LineB-STA-01650,2026-05-27,FALSE,
D006665,Line B,Standard,LineB-STA-01665,2026-05-27,FALSE,
D006747,Line B,Standard,LineB-STA-01747,2026-05-27,FALSE,
D006776,Line B,Standard,LineB-STA-01776,2026-05-27,FALSE,
D006792,Line B,Standard,LineB-STA-01792,2026-05-27,FALSE,
D006933,Line B,Standard,LineB-STA-01933,2026-05-27,FALSE,
D006937,Line B,Standard,LineB-STA-01937,2026-05-27,FALSE,
D006942,Line B,Standard,LineB-STA-01942,2026-05-27,FALSE,
D007059,Line B,Standard,LineB-STA-02059,2026-05-27,FALSE,
D007140,Line B,Standard,LineB-STA-02140,2026-05-27,FALSE,
D007264,Line B,Standard,LineB-STA-02264,2026-05-27,FALSE,
D007280,Line B,Standard,LineB-STA-02280,2026-05-27,FALSE,
D007370,Line B,Standard,LineB-STA-02370,2026-05-27,FALSE,
D007438,Line B,Standard,LineB-STA-02438,2026-05-27,FALSE,
D007479,Line B,Standard,LineB-STA-02479,2026-05-27,FALSE,
D007492,Line B,Standard,LineB-STA-02492,2026-05-27,FALSE,
D007502,Line B,Standard,LineB-STA-02502,2026-05-27,FALSE,
D007554,Line B,Standard,LineB-STA-02554,2026-05-27,FALSE,
D007696,Line B,Standard,LineB-STA-02696,2026-05-27,FALSE,
D007701,Line B,Standard,LineB-STA-02701,2026-05-27,FALSE,
D007927,Line B,Standard,LineB-STA-02927,2026-05-27,FALSE,
D007960,Line B,Standard,LineB-STA-02960,2026-05-27,FALSE,
D007962,Line B,Standard,LineB-STA-02962,2026-05-27,FALSE,
D008101,Line B,Standard,LineB-STA-03101,2026-05-27,FALSE,
D008176,Line B,Standard,LineB-STA-03176,2026-05-27,FALSE,
D008188,Line B,Standard,LineB-STA-03188,2026-05-27,FALSE,
D008349,Line B,Standard,LineB-STA-03349,2026-05-27,FALSE,
D008621,Line B,Standard,LineB-STA-03621,2026-05-27,FALSE,
D008837,Line B,Standard,LineB-STA-03837,2026-05-27,FALSE,
D009127,Line B,Standard,LineB-STA-04127,2026-05-27,FALSE,
D009173,Line B,Standard,LineB-STA-04173,2026-05-27,FALSE,
D009182,Line B,Standard,LineB-STA-04182,2026-05-27,FALSE,
D009763,Line B,Pro,LineB-PRO-00513,2026-05-27,FALSE,
D009815,Line B,Pro,LineB-PRO-00565,2026-05-27,FALSE,
D009915,Line B,Pro,LineB-PRO-00665,2026-05-27,FALSE,
D000050,Line A,Standard,LineA-STA-00050,2026-05-28,FALSE,
D000109,Line A,Standard,LineA-STA-00109,2026-05-28,FALSE,
D000364,Line A,Standard,LineA-STA-00364,2026-05-28,FALSE,
D000412,Line A,Standard,LineA-STA-00412,2026-05-28,FALSE,
D000437,Line A,Standard,LineA-STA-00437,2026-05-28,FALSE,
D000476,Line A,Standard,LineA-STA-00476,2026-05-28,FALSE,
D000521,Line A,Standard,LineA-STA-00521,2026-05-28,FALSE,
D000597,Line A,Standard,LineA-STA-00597,2026-05-28,FALSE,
D000825,Line A,Standard,LineA-STA-00825,2026-05-28,FALSE,
D000861,Line A,Standard,LineA-STA-00861,2026-05-28,FALSE,
D000972,Line A,Standard,LineA-STA-00972,2026-05-28,FALSE,
D001015,Line A,Standard,LineA-STA-01015,2026-05-28,FALSE,
D001045,Line A,Standard,LineA-STA-01045,2026-05-28,FALSE,
D001079,Line A,Standard,LineA-STA-01079,2026-05-28,FALSE,
D001154,Line A,Standard,LineA-STA-01154,2026-05-28,FALSE,
D001208,Line A,Standard,LineA-STA-01208,2026-05-28,FALSE,
D001264,Line A,Standard,LineA-STA-01264,2026-05-28,FALSE,
D001647,Line A,Standard,LineA-STA-01647,2026-05-28,FALSE,
D001658,Line A,Standard,LineA-STA-01658,2026-05-28,FALSE,
D001666,Line A,Standard,LineA-STA-01666,2026-05-28,FALSE,
D001693,Line A,Standard,LineA-STA-01693,2026-05-28,FALSE,
D001743,Line A,Standard,LineA-STA-01743,2026-05-28,FALSE,
D001912,Line A,Standard,LineA-STA-01912,2026-05-28,FALSE,
D001940,Line A,Standard,LineA-STA-01940,2026-05-28,FALSE,
D002022,Line A,Standard,LineA-STA-02022,2026-05-28,FALSE,
D002064,Line A,Standard,LineA-STA-02064,2026-05-28,FALSE,
D002197,Line A,Standard,LineA-STA-02197,2026-05-28,FALSE,
D002300,Line A,Pro,LineA-PRO-00050,2026-05-28,TRUE,capacitor_leak
D002390,Line A,Pro,LineA-PRO-00140,2026-05-28,FALSE,
D002435,Line A,Pro,LineA-PRO-00185,2026-05-28,FALSE,
D002477,Line A,Pro,LineA-PRO-00227,2026-05-28,FALSE,
D002551,Line A,Pro,LineA-PRO-00301,2026-05-28,FALSE,
D002724,Line A,Pro,LineA-PRO-00474,2026-05-28,FALSE,
D002872,Line A,Pro,LineA-PRO-00622,2026-05-28,TRUE,screen_dead_pixel
D002975,Line A,Pro,LineA-PRO-00725,2026-05-28,TRUE,label_misprint
D003071,Line A,Pro,LineA-PRO-00821,2026-05-28,FALSE,
D003105,Line A,Pro,LineA-PRO-00855,2026-05-28,FALSE,
D003119,Line A,Pro,LineA-PRO-00869,2026-05-28,FALSE,
D003145,Line A,Pro,LineA-PRO-00895,2026-05-28,FALSE,
D003507,Line A,Pro,LineA-PRO-01257,2026-05-28,FALSE,
D003864,Line A,Pro,LineA-PRO-01614,2026-05-28,FALSE,
D003931,Line A,Pro,LineA-PRO-01681,2026-05-28,FALSE,
D004088,Line A,Pro,LineA-PRO-01838,2026-05-28,FALSE,
D004129,Line A,Pro,LineA-PRO-01879,2026-05-28,FALSE,
D004205,Line A,Pro,LineA-PRO-01955,2026-05-28,FALSE,
D004272,Line A,Pro,LineA-PRO-02022,2026-05-28,FALSE,
D004316,Line A,Pro,LineA-PRO-02066,2026-05-28,FALSE,
D004481,Line A,Pro,LineA-PRO-02231,2026-05-28,FALSE,
D004530,Line A,Pro,LineA-PRO-02280,2026-05-28,FALSE,
D004571,Line A,Pro,LineA-PRO-02321,2026-05-28,FALSE,
D004654,Line A,Pro,LineA-PRO-02404,2026-05-28,FALSE,
D004656,Line A,Pro,LineA-PRO-02406,2026-05-28,FALSE,
D004788,Line A,Pro,LineA-PRO-02538,2026-05-28,FALSE,
D004800,Line A,Pro,LineA-PRO-02550,2026-05-28,FALSE,
D004841,Line A,Pro,LineA-PRO-02591,2026-05-28,FALSE,
D004969,Line A,Pro,LineA-PRO-02719,2026-05-28,FALSE,
D005061,Line B,Standard,LineB-STA-00061,2026-05-28,FALSE,
D005064,Line B,Standard,LineB-STA-00064,2026-05-28,FALSE,
D005262,Line B,Standard,LineB-STA-00262,2026-05-28,FALSE,
D005310,Line B,Standard,LineB-STA-00310,2026-05-28,FALSE,
D005426,Line B,Standard,LineB-STA-00426,2026-05-28,FALSE,
D005432,Line B,Standard,LineB-STA-00432,2026-05-28,FALSE,
D005840,Line B,Standard,LineB-STA-00840,2026-05-28,FALSE,
D006076,Line B,Standard,LineB-STA-01076,2026-05-28,FALSE,
D006126,Line B,Standard,LineB-STA-01126,2026-05-28,FALSE,
D006268,Line B,Standard,LineB-STA-01268,2026-05-28,FALSE,
D006323,Line B,Standard,LineB-STA-01323,2026-05-28,FALSE,
D006461,Line B,Standard,LineB-STA-01461,2026-05-28,FALSE,
D006563,Line B,Standard,LineB-STA-01563,2026-05-28,FALSE,
D006714,Line B,Standard,LineB-STA-01714,2026-05-28,TRUE,connector_seating
D006809,Line B,Standard,LineB-STA-01809,2026-05-28,FALSE,
D006867,Line B,Standard,LineB-STA-01867,2026-05-28,FALSE,
D006941,Line B,Standard,LineB-STA-01941,2026-05-28,FALSE,
D007175,Line B,Standard,LineB-STA-02175,2026-05-28,FALSE,
D007398,Line B,Standard,LineB-STA-02398,2026-05-28,FALSE,
D007562,Line B,Standard,LineB-STA-02562,2026-05-28,FALSE,
D007586,Line B,Standard,LineB-STA-02586,2026-05-28,FALSE,
D007655,Line B,Standard,LineB-STA-02655,2026-05-28,FALSE,
D007725,Line B,Standard,LineB-STA-02725,2026-05-28,FALSE,
D007761,Line B,Standard,LineB-STA-02761,2026-05-28,FALSE,
D007876,Line B,Standard,LineB-STA-02876,2026-05-28,FALSE,
D008014,Line B,Standard,LineB-STA-03014,2026-05-28,FALSE,
D008056,Line B,Standard,LineB-STA-03056,2026-05-28,TRUE,screen_dead_pixel
D008086,Line B,Standard,LineB-STA-03086,2026-05-28,FALSE,
D008148,Line B,Standard,LineB-STA-03148,2026-05-28,FALSE,
D008192,Line B,Standard,LineB-STA-03192,2026-05-28,FALSE,
D008239,Line B,Standard,LineB-STA-03239,2026-05-28,FALSE,
D008284,Line B,Standard,LineB-STA-03284,2026-05-28,FALSE,
D008399,Line B,Standard,LineB-STA-03399,2026-05-28,TRUE,solder_joint
D008413,Line B,Standard,LineB-STA-03413,2026-05-28,FALSE,
D008436,Line B,Standard,LineB-STA-03436,2026-05-28,FALSE,
D008518,Line B,Standard,LineB-STA-03518,2026-05-28,FALSE,
D008561,Line B,Standard,LineB-STA-03561,2026-05-28,FALSE,
D008615,Line B,Standard,LineB-STA-03615,2026-05-28,FALSE,
D008695,Line B,Standard,LineB-STA-03695,2026-05-28,FALSE,
D008774,Line B,Standard,LineB-STA-03774,2026-05-28,FALSE,
D008776,Line B,Standard,LineB-STA-03776,2026-05-28,FALSE,
D008911,Line B,Standard,LineB-STA-03911,2026-05-28,FALSE,
D008963,Line B,Standard,LineB-STA-03963,2026-05-28,FALSE,
D009048,Line B,Standard,LineB-STA-04048,2026-05-28,FALSE,
D009115,Line B,Standard,LineB-STA-04115,2026-05-28,FALSE,
D009144,Line B,Standard,LineB-STA-04144,2026-05-28,FALSE,
D009219,Line B,Standard,LineB-STA-04219,2026-05-28,FALSE,
D009278,Line B,Pro,LineB-PRO-00028,2026-05-28,TRUE,housing_crack
D009299,Line B,Pro,LineB-PRO-00049,2026-05-28,FALSE,
D009338,Line B,Pro,LineB-PRO-00088,2026-05-28,FALSE,
D009411,Line B,Pro,LineB-PRO-00161,2026-05-28,FALSE,
D009425,Line B,Pro,LineB-PRO-00175,2026-05-28,FALSE,
D009494,Line B,Pro,LineB-PRO-00244,2026-05-28,FALSE,
D009554,Line B,Pro,LineB-PRO-00304,2026-05-28,FALSE,
D009807,Line B,Pro,LineB-PRO-00557,2026-05-28,FALSE,
D009931,Line B,Pro,LineB-PRO-00681,2026-05-28,FALSE,
D009967,Line B,Pro,LineB-PRO-00717,2026-05-28,FALSE,
D009990,Line B,Pro,LineB-PRO-00740,2026-05-28,FALSE,
D000023,Line A,Standard,LineA-STA-00023,2026-05-29,FALSE,
D000075,Line A,Standard,LineA-STA-00075,2026-05-29,FALSE,
D000135,Line A,Standard,LineA-STA-00135,2026-05-29,FALSE,
D000215,Line A,Standard,LineA-STA-00215,2026-05-29,FALSE,
D000321,Line A,Standard,LineA-STA-00321,2026-05-29,FALSE,
D000334,Line A,Standard,LineA-STA-00334,2026-05-29,FALSE,
D000397,Line A,Standard,LineA-STA-00397,2026-05-29,FALSE,
D000439,Line A,Standard,LineA-STA-00439,2026-05-29,FALSE,
D000443,Line A,Standard,LineA-STA-00443,2026-05-29,FALSE,
D000504,Line A,Standard,LineA-STA-00504,2026-05-29,FALSE,
D000678,Line A,Standard,LineA-STA-00678,2026-05-29,FALSE,
D000705,Line A,Standard,LineA-STA-00705,2026-05-29,FALSE,
D000747,Line A,Standard,LineA-STA-00747,2026-05-29,FALSE,
D000909,Line A,Standard,LineA-STA-00909,2026-05-29,TRUE,cosmetic_scratch
D001036,Line A,Standard,LineA-STA-01036,2026-05-29,FALSE,
D001096,Line A,Standard,LineA-STA-01096,2026-05-29,FALSE,
D001112,Line A,Standard,LineA-STA-01112,2026-05-29,FALSE,
D001186,Line A,Standard,LineA-STA-01186,2026-05-29,FALSE,
D001273,Line A,Standard,LineA-STA-01273,2026-05-29,FALSE,
D001279,Line A,Standard,LineA-STA-01279,2026-05-29,FALSE,
D001306,Line A,Standard,LineA-STA-01306,2026-05-29,FALSE,
D001311,Line A,Standard,LineA-STA-01311,2026-05-29,FALSE,
D001490,Line A,Standard,LineA-STA-01490,2026-05-29,FALSE,
D001525,Line A,Standard,LineA-STA-01525,2026-05-29,FALSE,
D001578,Line A,Standard,LineA-STA-01578,2026-05-29,FALSE,
D001625,Line A,Standard,LineA-STA-01625,2026-05-29,FALSE,
D002089,Line A,Standard,LineA-STA-02089,2026-05-29,FALSE,
D002179,Line A,Standard,LineA-STA-02179,2026-05-29,FALSE,
D002241,Line A,Standard,LineA-STA-02241,2026-05-29,FALSE,
D002290,Line A,Pro,LineA-PRO-00040,2026-05-29,FALSE,
D002296,Line A,Pro,LineA-PRO-00046,2026-05-29,FALSE,
D002346,Line A,Pro,LineA-PRO-00096,2026-05-29,FALSE,
D002511,Line A,Pro,LineA-PRO-00261,2026-05-29,FALSE,
D002595,Line A,Pro,LineA-PRO-00345,2026-05-29,FALSE,
D002639,Line A,Pro,LineA-PRO-00389,2026-05-29,FALSE,
D002663,Line A,Pro,LineA-PRO-00413,2026-05-29,FALSE,
D002770,Line A,Pro,LineA-PRO-00520,2026-05-29,FALSE,
D002814,Line A,Pro,LineA-PRO-00564,2026-05-29,FALSE,
D002829,Line A,Pro,LineA-PRO-00579,2026-05-29,FALSE,
D002894,Line A,Pro,LineA-PRO-00644,2026-05-29,FALSE,
D002981,Line A,Pro,LineA-PRO-00731,2026-05-29,FALSE,
D003027,Line A,Pro,LineA-PRO-00777,2026-05-29,FALSE,
D003040,Line A,Pro,LineA-PRO-00790,2026-05-29,FALSE,
D003079,Line A,Pro,LineA-PRO-00829,2026-05-29,TRUE,housing_crack
D003405,Line A,Pro,LineA-PRO-01155,2026-05-29,FALSE,
D003461,Line A,Pro,LineA-PRO-01211,2026-05-29,FALSE,
D003511,Line A,Pro,LineA-PRO-01261,2026-05-29,FALSE,
D003583,Line A,Pro,LineA-PRO-01333,2026-05-29,FALSE,
D003656,Line A,Pro,LineA-PRO-01406,2026-05-29,FALSE,
D003836,Line A,Pro,LineA-PRO-01586,2026-05-29,FALSE,
D003937,Line A,Pro,LineA-PRO-01687,2026-05-29,FALSE,
D004075,Line A,Pro,LineA-PRO-01825,2026-05-29,FALSE,
D004079,Line A,Pro,LineA-PRO-01829,2026-05-29,FALSE,
D004203,Line A,Pro,LineA-PRO-01953,2026-05-29,FALSE,
D004224,Line A,Pro,LineA-PRO-01974,2026-05-29,FALSE,
D004392,Line A,Pro,LineA-PRO-02142,2026-05-29,FALSE,
D004442,Line A,Pro,LineA-PRO-02192,2026-05-29,FALSE,
D004534,Line A,Pro,LineA-PRO-02284,2026-05-29,FALSE,
D004559,Line A,Pro,LineA-PRO-02309,2026-05-29,FALSE,
D004594,Line A,Pro,LineA-PRO-02344,2026-05-29,FALSE,
D004602,Line A,Pro,LineA-PRO-02352,2026-05-29,FALSE,
D004653,Line A,Pro,LineA-PRO-02403,2026-05-29,FALSE,
D004848,Line A,Pro,LineA-PRO-02598,2026-05-29,FALSE,
D004948,Line A,Pro,LineA-PRO-02698,2026-05-29,FALSE,
D005027,Line B,Standard,LineB-STA-00027,2026-05-29,TRUE,solder_joint
D005155,Line B,Standard,LineB-STA-00155,2026-05-29,FALSE,
D005178,Line B,Standard,LineB-STA-00178,2026-05-29,FALSE,
D005398,Line B,Standard,LineB-STA-00398,2026-05-29,FALSE,
D005559,Line B,Standard,LineB-STA-00559,2026-05-29,FALSE,
D005715,Line B,Standard,LineB-STA-00715,2026-05-29,FALSE,
D005803,Line B,Standard,LineB-STA-00803,2026-05-29,FALSE,
D005910,Line B,Standard,LineB-STA-00910,2026-05-29,FALSE,
D005953,Line B,Standard,LineB-STA-00953,2026-05-29,TRUE,capacitor_leak
D005955,Line B,Standard,LineB-STA-00955,2026-05-29,FALSE,
D006062,Line B,Standard,LineB-STA-01062,2026-05-29,FALSE,
D006099,Line B,Standard,LineB-STA-01099,2026-05-29,FALSE,
D006107,Line B,Standard,LineB-STA-01107,2026-05-29,FALSE,
D006148,Line B,Standard,LineB-STA-01148,2026-05-29,FALSE,
D006154,Line B,Standard,LineB-STA-01154,2026-05-29,FALSE,
D006228,Line B,Standard,LineB-STA-01228,2026-05-29,FALSE,
D006373,Line B,Standard,LineB-STA-01373,2026-05-29,FALSE,
D006387,Line B,Standard,LineB-STA-01387,2026-05-29,FALSE,
D006451,Line B,Standard,LineB-STA-01451,2026-05-29,FALSE,
D006542,Line B,Standard,LineB-STA-01542,2026-05-29,FALSE,
D006574,Line B,Standard,LineB-STA-01574,2026-05-29,FALSE,
D006625,Line B,Standard,LineB-STA-01625,2026-05-29,FALSE,
D006726,Line B,Standard,LineB-STA-01726,2026-05-29,FALSE,
D006815,Line B,Standard,LineB-STA-01815,2026-05-29,FALSE,
D006874,Line B,Standard,LineB-STA-01874,2026-05-29,FALSE,
D006896,Line B,Standard,LineB-STA-01896,2026-05-29,FALSE,
D007137,Line B,Standard,LineB-STA-02137,2026-05-29,TRUE,label_misprint
D007152,Line B,Standard,LineB-STA-02152,2026-05-29,FALSE,
D007168,Line B,Standard,LineB-STA-02168,2026-05-29,FALSE,
D007285,Line B,Standard,LineB-STA-02285,2026-05-29,FALSE,
D007371,Line B,Standard,LineB-STA-02371,2026-05-29,FALSE,
D007390,Line B,Standard,LineB-STA-02390,2026-05-29,FALSE,
D007401,Line B,Standard,LineB-STA-02401,2026-05-29,FALSE,
D007552,Line B,Standard,LineB-STA-02552,2026-05-29,FALSE,
D007723,Line B,Standard,LineB-STA-02723,2026-05-29,TRUE,battery_swell
D007815,Line B,Standard,LineB-STA-02815,2026-05-29,FALSE,
D008022,Line B,Standard,LineB-STA-03022,2026-05-29,FALSE,
D008025,Line B,Standard,LineB-STA-03025,2026-05-29,FALSE,
D008042,Line B,Standard,LineB-STA-03042,2026-05-29,FALSE,
D008055,Line B,Standard,LineB-STA-03055,2026-05-29,FALSE,
D008245,Line B,Standard,LineB-STA-03245,2026-05-29,FALSE,
D008310,Line B,Standard,LineB-STA-03310,2026-05-29,FALSE,
D008625,Line B,Standard,LineB-STA-03625,2026-05-29,FALSE,
D008816,Line B,Standard,LineB-STA-03816,2026-05-29,FALSE,
D008859,Line B,Standard,LineB-STA-03859,2026-05-29,FALSE,
D008871,Line B,Standard,LineB-STA-03871,2026-05-29,FALSE,
D008926,Line B,Standard,LineB-STA-03926,2026-05-29,FALSE,
D009017,Line B,Standard,LineB-STA-04017,2026-05-29,FALSE,
D009104,Line B,Standard,LineB-STA-04104,2026-05-29,FALSE,
D009392,Line B,Pro,LineB-PRO-00142,2026-05-29,FALSE,
D009396,Line B,Pro,LineB-PRO-00146,2026-05-29,TRUE,solder_joint
D009546,Line B,Pro,LineB-PRO-00296,2026-05-29,FALSE,
D009787,Line B,Pro,LineB-PRO-00537,2026-05-29,FALSE,
D009802,Line B,Pro,LineB-PRO-00552,2026-05-29,FALSE,
D009987,Line B,Pro,LineB-PRO-00737,2026-05-29,FALSE,
D000031,Line A,Standard,LineA-STA-00031,2026-05-30,FALSE,
D000047,Line A,Standard,LineA-STA-00047,2026-05-30,FALSE,
D000067,Line A,Standard,LineA-STA-00067,2026-05-30,FALSE,
D000328,Line A,Standard,LineA-STA-00328,2026-05-30,FALSE,
D000379,Line A,Standard,LineA-STA-00379,2026-05-30,FALSE,
D000447,Line A,Standard,LineA-STA-00447,2026-05-30,FALSE,
D000496,Line A,Standard,LineA-STA-00496,2026-05-30,FALSE,
D000582,Line A,Standard,LineA-STA-00582,2026-05-30,FALSE,
D000635,Line A,Standard,LineA-STA-00635,2026-05-30,FALSE,
D000644,Line A,Standard,LineA-STA-00644,2026-05-30,FALSE,
D000954,Line A,Standard,LineA-STA-00954,2026-05-30,FALSE,
D001018,Line A,Standard,LineA-STA-01018,2026-05-30,FALSE,
D001066,Line A,Standard,LineA-STA-01066,2026-05-30,FALSE,
D001572,Line A,Standard,LineA-STA-01572,2026-05-30,FALSE,
D001587,Line A,Standard,LineA-STA-01587,2026-05-30,FALSE,
D001659,Line A,Standard,LineA-STA-01659,2026-05-30,FALSE,
D001668,Line A,Standard,LineA-STA-01668,2026-05-30,FALSE,
D001698,Line A,Standard,LineA-STA-01698,2026-05-30,FALSE,
D001727,Line A,Standard,LineA-STA-01727,2026-05-30,FALSE,
D002026,Line A,Standard,LineA-STA-02026,2026-05-30,FALSE,
D002186,Line A,Standard,LineA-STA-02186,2026-05-30,FALSE,
D002244,Line A,Standard,LineA-STA-02244,2026-05-30,FALSE,
D002327,Line A,Pro,LineA-PRO-00077,2026-05-30,FALSE,
D002417,Line A,Pro,LineA-PRO-00167,2026-05-30,FALSE,
D002455,Line A,Pro,LineA-PRO-00205,2026-05-30,FALSE,
D002507,Line A,Pro,LineA-PRO-00257,2026-05-30,FALSE,
D002749,Line A,Pro,LineA-PRO-00499,2026-05-30,FALSE,
D002828,Line A,Pro,LineA-PRO-00578,2026-05-30,FALSE,
D002847,Line A,Pro,LineA-PRO-00597,2026-05-30,FALSE,
D002895,Line A,Pro,LineA-PRO-00645,2026-05-30,FALSE,
D002902,Line A,Pro,LineA-PRO-00652,2026-05-30,FALSE,
D002933,Line A,Pro,LineA-PRO-00683,2026-05-30,FALSE,
D003174,Line A,Pro,LineA-PRO-00924,2026-05-30,FALSE,
D003188,Line A,Pro,LineA-PRO-00938,2026-05-30,FALSE,
D003233,Line A,Pro,LineA-PRO-00983,2026-05-30,FALSE,
D003389,Line A,Pro,LineA-PRO-01139,2026-05-30,FALSE,
D003669,Line A,Pro,LineA-PRO-01419,2026-05-30,FALSE,
D003681,Line A,Pro,LineA-PRO-01431,2026-05-30,FALSE,
D003710,Line A,Pro,LineA-PRO-01460,2026-05-30,FALSE,
D003887,Line A,Pro,LineA-PRO-01637,2026-05-30,FALSE,
D003984,Line A,Pro,LineA-PRO-01734,2026-05-30,FALSE,
D004026,Line A,Pro,LineA-PRO-01776,2026-05-30,FALSE,
D004147,Line A,Pro,LineA-PRO-01897,2026-05-30,FALSE,
D004159,Line A,Pro,LineA-PRO-01909,2026-05-30,FALSE,
D004182,Line A,Pro,LineA-PRO-01932,2026-05-30,FALSE,
D004261,Line A,Pro,LineA-PRO-02011,2026-05-30,FALSE,
D004334,Line A,Pro,LineA-PRO-02084,2026-05-30,FALSE,
D004767,Line A,Pro,LineA-PRO-02517,2026-05-30,FALSE,
D004803,Line A,Pro,LineA-PRO-02553,2026-05-30,FALSE,
D004883,Line A,Pro,LineA-PRO-02633,2026-05-30,FALSE,
D004960,Line A,Pro,LineA-PRO-02710,2026-05-30,FALSE,
D005269,Line B,Standard,LineB-STA-00269,2026-05-30,FALSE,
D005483,Line B,Standard,LineB-STA-00483,2026-05-30,FALSE,
D005537,Line B,Standard,LineB-STA-00537,2026-05-30,FALSE,
D005564,Line B,Standard,LineB-STA-00564,2026-05-30,FALSE,
D005672,Line B,Standard,LineB-STA-00672,2026-05-30,FALSE,
D005783,Line B,Standard,LineB-STA-00783,2026-05-30,FALSE,
D005788,Line B,Standard,LineB-STA-00788,2026-05-30,FALSE,
D005868,Line B,Standard,LineB-STA-00868,2026-05-30,FALSE,
D005878,Line B,Standard,LineB-STA-00878,2026-05-30,FALSE,
D005904,Line B,Standard,LineB-STA-00904,2026-05-30,FALSE,
D005986,Line B,Standard,LineB-STA-00986,2026-05-30,FALSE,
D006048,Line B,Standard,LineB-STA-01048,2026-05-30,FALSE,
D006102,Line B,Standard,LineB-STA-01102,2026-05-30,FALSE,
D006213,Line B,Standard,LineB-STA-01213,2026-05-30,FALSE,
D006245,Line B,Standard,LineB-STA-01245,2026-05-30,FALSE,
D006270,Line B,Standard,LineB-STA-01270,2026-05-30,FALSE,
D006331,Line B,Standard,LineB-STA-01331,2026-05-30,FALSE,
D006386,Line B,Standard,LineB-STA-01386,2026-05-30,FALSE,
D006393,Line B,Standard,LineB-STA-01393,2026-05-30,FALSE,
D006401,Line B,Standard,LineB-STA-01401,2026-05-30,FALSE,
D006594,Line B,Standard,LineB-STA-01594,2026-05-30,FALSE,
D006813,Line B,Standard,LineB-STA-01813,2026-05-30,FALSE,
D006859,Line B,Standard,LineB-STA-01859,2026-05-30,FALSE,
D006866,Line B,Standard,LineB-STA-01866,2026-05-30,FALSE,
D007057,Line B,Standard,LineB-STA-02057,2026-05-30,TRUE,capacitor_leak
D007099,Line B,Standard,LineB-STA-02099,2026-05-30,FALSE,
D007225,Line B,Standard,LineB-STA-02225,2026-05-30,FALSE,
D007294,Line B,Standard,LineB-STA-02294,2026-05-30,FALSE,
D007944,Line B,Standard,LineB-STA-02944,2026-05-30,FALSE,
D008058,Line B,Standard,LineB-STA-03058,2026-05-30,FALSE,
D008075,Line B,Standard,LineB-STA-03075,2026-05-30,FALSE,
D008430,Line B,Standard,LineB-STA-03430,2026-05-30,FALSE,
D008431,Line B,Standard,LineB-STA-03431,2026-05-30,FALSE,
D008434,Line B,Standard,LineB-STA-03434,2026-05-30,FALSE,
D008435,Line B,Standard,LineB-STA-03435,2026-05-30,FALSE,
D008558,Line B,Standard,LineB-STA-03558,2026-05-30,FALSE,
D008613,Line B,Standard,LineB-STA-03613,2026-05-30,FALSE,
D008797,Line B,Standard,LineB-STA-03797,2026-05-30,FALSE,
D008893,Line B,Standard,LineB-STA-03893,2026-05-30,FALSE,
D008944,Line B,Standard,LineB-STA-03944,2026-05-30,FALSE,
D008962,Line B,Standard,LineB-STA-03962,2026-05-30,FALSE,
D009131,Line B,Standard,LineB-STA-04131,2026-05-30,FALSE,
D009260,Line B,Pro,LineB-PRO-00010,2026-05-30,TRUE,label_misprint
D009289,Line B,Pro,LineB-PRO-00039,2026-05-30,FALSE,
D009333,Line B,Pro,LineB-PRO-00083,2026-05-30,FALSE,
D009404,Line B,Pro,LineB-PRO-00154,2026-05-30,FALSE,
D009498,Line B,Pro,LineB-PRO-00248,2026-05-30,FALSE,
D009783,Line B,Pro,LineB-PRO-00533,2026-05-30,FALSE,
D009908,Line B,Pro,LineB-PRO-00658,2026-05-30,FALSE,
D000086,Line A,Standard,LineA-STA-00086,2026-05-31,FALSE,
D000133,Line A,Standard,LineA-STA-00133,2026-05-31,FALSE,
D000155,Line A,Standard,LineA-STA-00155,2026-05-31,FALSE,
D000168,Line A,Standard,LineA-STA-00168,2026-05-31,FALSE,
D000201,Line A,Standard,LineA-STA-00201,2026-05-31,FALSE,
D000282,Line A,Standard,LineA-STA-00282,2026-05-31,FALSE,
D000291,Line A,Standard,LineA-STA-00291,2026-05-31,FALSE,
D000403,Line A,Standard,LineA-STA-00403,2026-05-31,FALSE,
D000465,Line A,Standard,LineA-STA-00465,2026-05-31,FALSE,
D000646,Line A,Standard,LineA-STA-00646,2026-05-31,TRUE,housing_crack
D000781,Line A,Standard,LineA-STA-00781,2026-05-31,FALSE,
D001041,Line A,Standard,LineA-STA-01041,2026-05-31,FALSE,
D001441,Line A,Standard,LineA-STA-01441,2026-05-31,FALSE,
D001546,Line A,Standard,LineA-STA-01546,2026-05-31,FALSE,
D001788,Line A,Standard,LineA-STA-01788,2026-05-31,FALSE,
D002007,Line A,Standard,LineA-STA-02007,2026-05-31,FALSE,
D002011,Line A,Standard,LineA-STA-02011,2026-05-31,FALSE,
D002048,Line A,Standard,LineA-STA-02048,2026-05-31,FALSE,
D002051,Line A,Standard,LineA-STA-02051,2026-05-31,FALSE,
D002117,Line A,Standard,LineA-STA-02117,2026-05-31,FALSE,
D002133,Line A,Standard,LineA-STA-02133,2026-05-31,FALSE,
D002199,Line A,Standard,LineA-STA-02199,2026-05-31,FALSE,
D002227,Line A,Standard,LineA-STA-02227,2026-05-31,FALSE,
D002266,Line A,Pro,LineA-PRO-00016,2026-05-31,FALSE,
D002334,Line A,Pro,LineA-PRO-00084,2026-05-31,TRUE,cosmetic_scratch
D002345,Line A,Pro,LineA-PRO-00095,2026-05-31,FALSE,
D002348,Line A,Pro,LineA-PRO-00098,2026-05-31,FALSE,
D002419,Line A,Pro,LineA-PRO-00169,2026-05-31,FALSE,
D002421,Line A,Pro,LineA-PRO-00171,2026-05-31,FALSE,
D002428,Line A,Pro,LineA-PRO-00178,2026-05-31,FALSE,
D002650,Line A,Pro,LineA-PRO-00400,2026-05-31,FALSE,
D002759,Line A,Pro,LineA-PRO-00509,2026-05-31,FALSE,
D002802,Line A,Pro,LineA-PRO-00552,2026-05-31,FALSE,
D002863,Line A,Pro,LineA-PRO-00613,2026-05-31,FALSE,
D002971,Line A,Pro,LineA-PRO-00721,2026-05-31,FALSE,
D003004,Line A,Pro,LineA-PRO-00754,2026-05-31,FALSE,
D003086,Line A,Pro,LineA-PRO-00836,2026-05-31,FALSE,
D003162,Line A,Pro,LineA-PRO-00912,2026-05-31,FALSE,
D003220,Line A,Pro,LineA-PRO-00970,2026-05-31,FALSE,
D003328,Line A,Pro,LineA-PRO-01078,2026-05-31,FALSE,
D003370,Line A,Pro,LineA-PRO-01120,2026-05-31,FALSE,
D003416,Line A,Pro,LineA-PRO-01166,2026-05-31,FALSE,
D003453,Line A,Pro,LineA-PRO-01203,2026-05-31,FALSE,
D003535,Line A,Pro,LineA-PRO-01285,2026-05-31,TRUE,battery_swell
D003591,Line A,Pro,LineA-PRO-01341,2026-05-31,FALSE,
D003638,Line A,Pro,LineA-PRO-01388,2026-05-31,TRUE,capacitor_leak
D003778,Line A,Pro,LineA-PRO-01528,2026-05-31,FALSE,
D003784,Line A,Pro,LineA-PRO-01534,2026-05-31,FALSE,
D003822,Line A,Pro,LineA-PRO-01572,2026-05-31,TRUE,capacitor_leak
D003940,Line A,Pro,LineA-PRO-01690,2026-05-31,FALSE,
D003959,Line A,Pro,LineA-PRO-01709,2026-05-31,FALSE,
D004131,Line A,Pro,LineA-PRO-01881,2026-05-31,FALSE,
D004263,Line A,Pro,LineA-PRO-02013,2026-05-31,FALSE,
D004270,Line A,Pro,LineA-PRO-02020,2026-05-31,FALSE,
D004310,Line A,Pro,LineA-PRO-02060,2026-05-31,FALSE,
D004323,Line A,Pro,LineA-PRO-02073,2026-05-31,FALSE,
D004342,Line A,Pro,LineA-PRO-02092,2026-05-31,FALSE,
D004423,Line A,Pro,LineA-PRO-02173,2026-05-31,FALSE,
D004569,Line A,Pro,LineA-PRO-02319,2026-05-31,FALSE,
D004603,Line A,Pro,LineA-PRO-02353,2026-05-31,FALSE,
D004647,Line A,Pro,LineA-PRO-02397,2026-05-31,FALSE,
D004694,Line A,Pro,LineA-PRO-02444,2026-05-31,FALSE,
D004857,Line A,Pro,LineA-PRO-02607,2026-05-31,FALSE,
D005000,Line A,Pro,LineA-PRO-02750,2026-05-31,FALSE,
D005033,Line B,Standard,LineB-STA-00033,2026-05-31,FALSE,
D005208,Line B,Standard,LineB-STA-00208,2026-05-31,FALSE,
D005404,Line B,Standard,LineB-STA-00404,2026-05-31,FALSE,
D005454,Line B,Standard,LineB-STA-00454,2026-05-31,FALSE,
D005536,Line B,Standard,LineB-STA-00536,2026-05-31,FALSE,
D005543,Line B,Standard,LineB-STA-00543,2026-05-31,FALSE,
D005549,Line B,Standard,LineB-STA-00549,2026-05-31,FALSE,
D005612,Line B,Standard,LineB-STA-00612,2026-05-31,FALSE,
D005623,Line B,Standard,LineB-STA-00623,2026-05-31,FALSE,
D005633,Line B,Standard,LineB-STA-00633,2026-05-31,FALSE,
D005644,Line B,Standard,LineB-STA-00644,2026-05-31,FALSE,
D005712,Line B,Standard,LineB-STA-00712,2026-05-31,FALSE,
D005718,Line B,Standard,LineB-STA-00718,2026-05-31,FALSE,
D005876,Line B,Standard,LineB-STA-00876,2026-05-31,FALSE,
D005895,Line B,Standard,LineB-STA-00895,2026-05-31,FALSE,
D005915,Line B,Standard,LineB-STA-00915,2026-05-31,FALSE,
D005983,Line B,Standard,LineB-STA-00983,2026-05-31,FALSE,
D006079,Line B,Standard,LineB-STA-01079,2026-05-31,FALSE,
D006188,Line B,Standard,LineB-STA-01188,2026-05-31,FALSE,
D006236,Line B,Standard,LineB-STA-01236,2026-05-31,FALSE,
D006361,Line B,Standard,LineB-STA-01361,2026-05-31,FALSE,
D006377,Line B,Standard,LineB-STA-01377,2026-05-31,FALSE,
D006409,Line B,Standard,LineB-STA-01409,2026-05-31,FALSE,
D006482,Line B,Standard,LineB-STA-01482,2026-05-31,FALSE,
D006605,Line B,Standard,LineB-STA-01605,2026-05-31,FALSE,
D006657,Line B,Standard,LineB-STA-01657,2026-05-31,FALSE,
D006680,Line B,Standard,LineB-STA-01680,2026-05-31,FALSE,
D006700,Line B,Standard,LineB-STA-01700,2026-05-31,FALSE,
D006706,Line B,Standard,LineB-STA-01706,2026-05-31,FALSE,
D006756,Line B,Standard,LineB-STA-01756,2026-05-31,FALSE,
D006779,Line B,Standard,LineB-STA-01779,2026-05-31,FALSE,
D006990,Line B,Standard,LineB-STA-01990,2026-05-31,FALSE,
D007005,Line B,Standard,LineB-STA-02005,2026-05-31,FALSE,
D007038,Line B,Standard,LineB-STA-02038,2026-05-31,FALSE,
D007056,Line B,Standard,LineB-STA-02056,2026-05-31,FALSE,
D007065,Line B,Standard,LineB-STA-02065,2026-05-31,FALSE,
D007066,Line B,Standard,LineB-STA-02066,2026-05-31,FALSE,
D007224,Line B,Standard,LineB-STA-02224,2026-05-31,FALSE,
D007277,Line B,Standard,LineB-STA-02277,2026-05-31,FALSE,
D007538,Line B,Standard,LineB-STA-02538,2026-05-31,FALSE,
D007634,Line B,Standard,LineB-STA-02634,2026-05-31,TRUE,component_misalignment
D007912,Line B,Standard,LineB-STA-02912,2026-05-31,FALSE,
D008006,Line B,Standard,LineB-STA-03006,2026-05-31,FALSE,
D008149,Line B,Standard,LineB-STA-03149,2026-05-31,FALSE,
D008169,Line B,Standard,LineB-STA-03169,2026-05-31,FALSE,
D008180,Line B,Standard,LineB-STA-03180,2026-05-31,FALSE,
D008259,Line B,Standard,LineB-STA-03259,2026-05-31,FALSE,
D008337,Line B,Standard,LineB-STA-03337,2026-05-31,FALSE,
D008344,Line B,Standard,LineB-STA-03344,2026-05-31,FALSE,
D008457,Line B,Standard,LineB-STA-03457,2026-05-31,FALSE,
D008515,Line B,Standard,LineB-STA-03515,2026-05-31,FALSE,
D008528,Line B,Standard,LineB-STA-03528,2026-05-31,FALSE,
D008547,Line B,Standard,LineB-STA-03547,2026-05-31,FALSE,
D008568,Line B,Standard,LineB-STA-03568,2026-05-31,FALSE,
D008865,Line B,Standard,LineB-STA-03865,2026-05-31,FALSE,
D008927,Line B,Standard,LineB-STA-03927,2026-05-31,FALSE,
D009080,Line B,Standard,LineB-STA-04080,2026-05-31,FALSE,
D009096,Line B,Standard,LineB-STA-04096,2026-05-31,FALSE,
D009109,Line B,Standard,LineB-STA-04109,2026-05-31,FALSE,
D009196,Line B,Standard,LineB-STA-04196,2026-05-31,FALSE,
D009208,Line B,Standard,LineB-STA-04208,2026-05-31,FALSE,
D009277,Line B,Pro,LineB-PRO-00027,2026-05-31,FALSE,
D009319,Line B,Pro,LineB-PRO-00069,2026-05-31,FALSE,
D009403,Line B,Pro,LineB-PRO-00153,2026-05-31,TRUE,capacitor_leak
D009657,Line B,Pro,LineB-PRO-00407,2026-05-31,FALSE,
D009675,Line B,Pro,LineB-PRO-00425,2026-05-31,FALSE,
D009798,Line B,Pro,LineB-PRO-00548,2026-05-31,FALSE,
D009882,Line B,Pro,LineB-PRO-00632,2026-05-31,FALSE,
D009890,Line B,Pro,LineB-PRO-00640,2026-05-31,FALSE,
D009944,Line B,Pro,LineB-PRO-00694,2026-05-31,FALSE,
D010006,Line B,Pro,LineB-PRO-00756,2026-05-31,FALSE,
D000018,Line A,Standard,LineA-STA-00018,2026-06-01,FALSE,
D000030,Line A,Standard,LineA-STA-00030,2026-06-01,FALSE,
D000176,Line A,Standard,LineA-STA-00176,2026-06-01,FALSE,
D000210,Line A,Standard,LineA-STA-00210,2026-06-01,FALSE,
D000226,Line A,Standard,LineA-STA-00226,2026-06-01,FALSE,
D000241,Line A,Standard,LineA-STA-00241,2026-06-01,FALSE,
D000260,Line A,Standard,LineA-STA-00260,2026-06-01,FALSE,
D000292,Line A,Standard,LineA-STA-00292,2026-06-01,FALSE,
D000357,Line A,Standard,LineA-STA-00357,2026-06-01,FALSE,
D000396,Line A,Standard,LineA-STA-00396,2026-06-01,TRUE,component_misalignment
D000615,Line A,Standard,LineA-STA-00615,2026-06-01,FALSE,
D000623,Line A,Standard,LineA-STA-00623,2026-06-01,FALSE,
D000712,Line A,Standard,LineA-STA-00712,2026-06-01,FALSE,
D000899,Line A,Standard,LineA-STA-00899,2026-06-01,FALSE,
D000929,Line A,Standard,LineA-STA-00929,2026-06-01,FALSE,
D000974,Line A,Standard,LineA-STA-00974,2026-06-01,FALSE,
D001026,Line A,Standard,LineA-STA-01026,2026-06-01,FALSE,
D001039,Line A,Standard,LineA-STA-01039,2026-06-01,FALSE,
D001341,Line A,Standard,LineA-STA-01341,2026-06-01,FALSE,
D001357,Line A,Standard,LineA-STA-01357,2026-06-01,FALSE,
D001755,Line A,Standard,LineA-STA-01755,2026-06-01,FALSE,
D001771,Line A,Standard,LineA-STA-01771,2026-06-01,FALSE,
D001835,Line A,Standard,LineA-STA-01835,2026-06-01,FALSE,
D001934,Line A,Standard,LineA-STA-01934,2026-06-01,FALSE,
D001959,Line A,Standard,LineA-STA-01959,2026-06-01,FALSE,
D001998,Line A,Standard,LineA-STA-01998,2026-06-01,FALSE,
D002316,Line A,Pro,LineA-PRO-00066,2026-06-01,FALSE,
D002321,Line A,Pro,LineA-PRO-00071,2026-06-01,FALSE,
D002571,Line A,Pro,LineA-PRO-00321,2026-06-01,FALSE,
D002579,Line A,Pro,LineA-PRO-00329,2026-06-01,FALSE,
D002869,Line A,Pro,LineA-PRO-00619,2026-06-01,FALSE,
D002887,Line A,Pro,LineA-PRO-00637,2026-06-01,FALSE,
D002951,Line A,Pro,LineA-PRO-00701,2026-06-01,FALSE,
D003035,Line A,Pro,LineA-PRO-00785,2026-06-01,FALSE,
D003095,Line A,Pro,LineA-PRO-00845,2026-06-01,FALSE,
D003214,Line A,Pro,LineA-PRO-00964,2026-06-01,FALSE,
D003293,Line A,Pro,LineA-PRO-01043,2026-06-01,TRUE,housing_crack
D003319,Line A,Pro,LineA-PRO-01069,2026-06-01,FALSE,
D003865,Line A,Pro,LineA-PRO-01615,2026-06-01,FALSE,
D004078,Line A,Pro,LineA-PRO-01828,2026-06-01,FALSE,
D004162,Line A,Pro,LineA-PRO-01912,2026-06-01,FALSE,
D004223,Line A,Pro,LineA-PRO-01973,2026-06-01,FALSE,
D004250,Line A,Pro,LineA-PRO-02000,2026-06-01,FALSE,
D004350,Line A,Pro,LineA-PRO-02100,2026-06-01,FALSE,
D004641,Line A,Pro,LineA-PRO-02391,2026-06-01,FALSE,
D004992,Line A,Pro,LineA-PRO-02742,2026-06-01,FALSE,
D005067,Line B,Standard,LineB-STA-00067,2026-06-01,FALSE,
D005240,Line B,Standard,LineB-STA-00240,2026-06-01,FALSE,
D005255,Line B,Standard,LineB-STA-00255,2026-06-01,FALSE,
D005278,Line B,Standard,LineB-STA-00278,2026-06-01,FALSE,
D005413,Line B,Standard,LineB-STA-00413,2026-06-01,FALSE,
D005434,Line B,Standard,LineB-STA-00434,2026-06-01,FALSE,
D005485,Line B,Standard,LineB-STA-00485,2026-06-01,FALSE,
D005702,Line B,Standard,LineB-STA-00702,2026-06-01,FALSE,
D005921,Line B,Standard,LineB-STA-00921,2026-06-01,FALSE,
D005974,Line B,Standard,LineB-STA-00974,2026-06-01,FALSE,
D006039,Line B,Standard,LineB-STA-01039,2026-06-01,TRUE,solder_joint
D006421,Line B,Standard,LineB-STA-01421,2026-06-01,FALSE,
D006446,Line B,Standard,LineB-STA-01446,2026-06-01,FALSE,
D006508,Line B,Standard,LineB-STA-01508,2026-06-01,FALSE,
D006524,Line B,Standard,LineB-STA-01524,2026-06-01,FALSE,
D006526,Line B,Standard,LineB-STA-01526,2026-06-01,FALSE,
D006593,Line B,Standard,LineB-STA-01593,2026-06-01,FALSE,
D006601,Line B,Standard,LineB-STA-01601,2026-06-01,FALSE,
D006636,Line B,Standard,LineB-STA-01636,2026-06-01,FALSE,
D006754,Line B,Standard,LineB-STA-01754,2026-06-01,FALSE,
D006967,Line B,Standard,LineB-STA-01967,2026-06-01,FALSE,
D007076,Line B,Standard,LineB-STA-02076,2026-06-01,FALSE,
D007129,Line B,Standard,LineB-STA-02129,2026-06-01,FALSE,
D007130,Line B,Standard,LineB-STA-02130,2026-06-01,FALSE,
D007242,Line B,Standard,LineB-STA-02242,2026-06-01,FALSE,
D007501,Line B,Standard,LineB-STA-02501,2026-06-01,FALSE,
D007567,Line B,Standard,LineB-STA-02567,2026-06-01,FALSE,
D007741,Line B,Standard,LineB-STA-02741,2026-06-01,FALSE,
D007775,Line B,Standard,LineB-STA-02775,2026-06-01,FALSE,
D007913,Line B,Standard,LineB-STA-02913,2026-06-01,FALSE,
D008023,Line B,Standard,LineB-STA-03023,2026-06-01,FALSE,
D008182,Line B,Standard,LineB-STA-03182,2026-06-01,FALSE,
D008415,Line B,Standard,LineB-STA-03415,2026-06-01,FALSE,
D008485,Line B,Standard,LineB-STA-03485,2026-06-01,FALSE,
D008576,Line B,Standard,LineB-STA-03576,2026-06-01,FALSE,
D008640,Line B,Standard,LineB-STA-03640,2026-06-01,FALSE,
D008710,Line B,Standard,LineB-STA-03710,2026-06-01,FALSE,
D008821,Line B,Standard,LineB-STA-03821,2026-06-01,FALSE,
D008880,Line B,Standard,LineB-STA-03880,2026-06-01,FALSE,
D008902,Line B,Standard,LineB-STA-03902,2026-06-01,FALSE,
D009066,Line B,Standard,LineB-STA-04066,2026-06-01,FALSE,
D009156,Line B,Standard,LineB-STA-04156,2026-06-01,FALSE,
D009225,Line B,Standard,LineB-STA-04225,2026-06-01,FALSE,
D009307,Line B,Pro,LineB-PRO-00057,2026-06-01,FALSE,
D009374,Line B,Pro,LineB-PRO-00124,2026-06-01,FALSE,
D009464,Line B,Pro,LineB-PRO-00214,2026-06-01,FALSE,
D009501,Line B,Pro,LineB-PRO-00251,2026-06-01,FALSE,
D009526,Line B,Pro,LineB-PRO-00276,2026-06-01,FALSE,
D009809,Line B,Pro,LineB-PRO-00559,2026-06-01,FALSE,
D009813,Line B,Pro,LineB-PRO-00563,2026-06-01,FALSE,
D009862,Line B,Pro,LineB-PRO-00612,2026-06-01,FALSE,
D000151,Line A,Standard,LineA-STA-00151,2026-06-02,FALSE,
D000239,Line A,Standard,LineA-STA-00239,2026-06-02,FALSE,
D000434,Line A,Standard,LineA-STA-00434,2026-06-02,FALSE,
D000675,Line A,Standard,LineA-STA-00675,2026-06-02,FALSE,
D000677,Line A,Standard,LineA-STA-00677,2026-06-02,FALSE,
D000684,Line A,Standard,LineA-STA-00684,2026-06-02,FALSE,
D000714,Line A,Standard,LineA-STA-00714,2026-06-02,FALSE,
D000826,Line A,Standard,LineA-STA-00826,2026-06-02,FALSE,
D000937,Line A,Standard,LineA-STA-00937,2026-06-02,FALSE,
D001100,Line A,Standard,LineA-STA-01100,2026-06-02,FALSE,
D001141,Line A,Standard,LineA-STA-01141,2026-06-02,FALSE,
D001149,Line A,Standard,LineA-STA-01149,2026-06-02,FALSE,
D001159,Line A,Standard,LineA-STA-01159,2026-06-02,FALSE,
D001169,Line A,Standard,LineA-STA-01169,2026-06-02,FALSE,
D001173,Line A,Standard,LineA-STA-01173,2026-06-02,FALSE,
D001258,Line A,Standard,LineA-STA-01258,2026-06-02,FALSE,
D001274,Line A,Standard,LineA-STA-01274,2026-06-02,FALSE,
D001299,Line A,Standard,LineA-STA-01299,2026-06-02,FALSE,
D001614,Line A,Standard,LineA-STA-01614,2026-06-02,FALSE,
D001773,Line A,Standard,LineA-STA-01773,2026-06-02,FALSE,
D001826,Line A,Standard,LineA-STA-01826,2026-06-02,FALSE,
D001866,Line A,Standard,LineA-STA-01866,2026-06-02,FALSE,
D001987,Line A,Standard,LineA-STA-01987,2026-06-02,FALSE,
D002012,Line A,Standard,LineA-STA-02012,2026-06-02,FALSE,
D002114,Line A,Standard,LineA-STA-02114,2026-06-02,FALSE,
D002140,Line A,Standard,LineA-STA-02140,2026-06-02,FALSE,
D002158,Line A,Standard,LineA-STA-02158,2026-06-02,FALSE,
D002195,Line A,Standard,LineA-STA-02195,2026-06-02,FALSE,
D002282,Line A,Pro,LineA-PRO-00032,2026-06-02,FALSE,
D002396,Line A,Pro,LineA-PRO-00146,2026-06-02,FALSE,
D002529,Line A,Pro,LineA-PRO-00279,2026-06-02,FALSE,
D002534,Line A,Pro,LineA-PRO-00284,2026-06-02,FALSE,
D002570,Line A,Pro,LineA-PRO-00320,2026-06-02,FALSE,
D002612,Line A,Pro,LineA-PRO-00362,2026-06-02,FALSE,
D002622,Line A,Pro,LineA-PRO-00372,2026-06-02,FALSE,
D002647,Line A,Pro,LineA-PRO-00397,2026-06-02,FALSE,
D002706,Line A,Pro,LineA-PRO-00456,2026-06-02,FALSE,
D002778,Line A,Pro,LineA-PRO-00528,2026-06-02,FALSE,
D002804,Line A,Pro,LineA-PRO-00554,2026-06-02,FALSE,
D002844,Line A,Pro,LineA-PRO-00594,2026-06-02,FALSE,
D002967,Line A,Pro,LineA-PRO-00717,2026-06-02,FALSE,
D003021,Line A,Pro,LineA-PRO-00771,2026-06-02,FALSE,
D003126,Line A,Pro,LineA-PRO-00876,2026-06-02,FALSE,
D003182,Line A,Pro,LineA-PRO-00932,2026-06-02,FALSE,
D003202,Line A,Pro,LineA-PRO-00952,2026-06-02,FALSE,
D003274,Line A,Pro,LineA-PRO-01024,2026-06-02,FALSE,
D003422,Line A,Pro,LineA-PRO-01172,2026-06-02,FALSE,
D003457,Line A,Pro,LineA-PRO-01207,2026-06-02,FALSE,
D003465,Line A,Pro,LineA-PRO-01215,2026-06-02,FALSE,
D003495,Line A,Pro,LineA-PRO-01245,2026-06-02,FALSE,
D003520,Line A,Pro,LineA-PRO-01270,2026-06-02,FALSE,
D003525,Line A,Pro,LineA-PRO-01275,2026-06-02,FALSE,
D003529,Line A,Pro,LineA-PRO-01279,2026-06-02,FALSE,
D003601,Line A,Pro,LineA-PRO-01351,2026-06-02,FALSE,
D003711,Line A,Pro,LineA-PRO-01461,2026-06-02,FALSE,
D003727,Line A,Pro,LineA-PRO-01477,2026-06-02,FALSE,
D003770,Line A,Pro,LineA-PRO-01520,2026-06-02,FALSE,
D003821,Line A,Pro,LineA-PRO-01571,2026-06-02,FALSE,
D004010,Line A,Pro,LineA-PRO-01760,2026-06-02,FALSE,
D004035,Line A,Pro,LineA-PRO-01785,2026-06-02,TRUE,screen_dead_pixel
D004116,Line A,Pro,LineA-PRO-01866,2026-06-02,FALSE,
D004128,Line A,Pro,LineA-PRO-01878,2026-06-02,FALSE,
D004229,Line A,Pro,LineA-PRO-01979,2026-06-02,FALSE,
D004269,Line A,Pro,LineA-PRO-02019,2026-06-02,FALSE,
D004290,Line A,Pro,LineA-PRO-02040,2026-06-02,FALSE,
D004292,Line A,Pro,LineA-PRO-02042,2026-06-02,FALSE,
D004297,Line A,Pro,LineA-PRO-02047,2026-06-02,FALSE,
D004356,Line A,Pro,LineA-PRO-02106,2026-06-02,FALSE,
D004379,Line A,Pro,LineA-PRO-02129,2026-06-02,FALSE,
D004587,Line A,Pro,LineA-PRO-02337,2026-06-02,FALSE,
D004593,Line A,Pro,LineA-PRO-02343,2026-06-02,FALSE,
D004624,Line A,Pro,LineA-PRO-02374,2026-06-02,FALSE,
D004635,Line A,Pro,LineA-PRO-02385,2026-06-02,FALSE,
D004714,Line A,Pro,LineA-PRO-02464,2026-06-02,FALSE,
D004863,Line A,Pro,LineA-PRO-02613,2026-06-02,FALSE,
D005121,Line B,Standard,LineB-STA-00121,2026-06-02,FALSE,
D005145,Line B,Standard,LineB-STA-00145,2026-06-02,FALSE,
D005210,Line B,Standard,LineB-STA-00210,2026-06-02,FALSE,
D005223,Line B,Standard,LineB-STA-00223,2026-06-02,FALSE,
D005248,Line B,Standard,LineB-STA-00248,2026-06-02,FALSE,
D005249,Line B,Standard,LineB-STA-00249,2026-06-02,FALSE,
D005279,Line B,Standard,LineB-STA-00279,2026-06-02,FALSE,
D005304,Line B,Standard,LineB-STA-00304,2026-06-02,FALSE,
D005358,Line B,Standard,LineB-STA-00358,2026-06-02,FALSE,
D005447,Line B,Standard,LineB-STA-00447,2026-06-02,FALSE,
D005476,Line B,Standard,LineB-STA-00476,2026-06-02,FALSE,
D005508,Line B,Standard,LineB-STA-00508,2026-06-02,FALSE,
D005660,Line B,Standard,LineB-STA-00660,2026-06-02,FALSE,
D005716,Line B,Standard,LineB-STA-00716,2026-06-02,FALSE,
D005833,Line B,Standard,LineB-STA-00833,2026-06-02,FALSE,
D006004,Line B,Standard,LineB-STA-01004,2026-06-02,FALSE,
D006064,Line B,Standard,LineB-STA-01064,2026-06-02,FALSE,
D006106,Line B,Standard,LineB-STA-01106,2026-06-02,FALSE,
D006258,Line B,Standard,LineB-STA-01258,2026-06-02,FALSE,
D006284,Line B,Standard,LineB-STA-01284,2026-06-02,FALSE,
D006453,Line B,Standard,LineB-STA-01453,2026-06-02,FALSE,
D006520,Line B,Standard,LineB-STA-01520,2026-06-02,FALSE,
D006612,Line B,Standard,LineB-STA-01612,2026-06-02,FALSE,
D006653,Line B,Standard,LineB-STA-01653,2026-06-02,FALSE,
D006762,Line B,Standard,LineB-STA-01762,2026-06-02,FALSE,
D006830,Line B,Standard,LineB-STA-01830,2026-06-02,FALSE,
D006843,Line B,Standard,LineB-STA-01843,2026-06-02,FALSE,
D007150,Line B,Standard,LineB-STA-02150,2026-06-02,FALSE,
D007300,Line B,Standard,LineB-STA-02300,2026-06-02,FALSE,
D007331,Line B,Standard,LineB-STA-02331,2026-06-02,FALSE,
D007342,Line B,Standard,LineB-STA-02342,2026-06-02,FALSE,
D007435,Line B,Standard,LineB-STA-02435,2026-06-02,FALSE,
D007579,Line B,Standard,LineB-STA-02579,2026-06-02,FALSE,
D007735,Line B,Standard,LineB-STA-02735,2026-06-02,FALSE,
D007769,Line B,Standard,LineB-STA-02769,2026-06-02,FALSE,
D007771,Line B,Standard,LineB-STA-02771,2026-06-02,FALSE,
D007867,Line B,Standard,LineB-STA-02867,2026-06-02,FALSE,
D007885,Line B,Standard,LineB-STA-02885,2026-06-02,FALSE,
D008017,Line B,Standard,LineB-STA-03017,2026-06-02,FALSE,
D008121,Line B,Standard,LineB-STA-03121,2026-06-02,FALSE,
D008194,Line B,Standard,LineB-STA-03194,2026-06-02,FALSE,
D008230,Line B,Standard,LineB-STA-03230,2026-06-02,FALSE,
D008280,Line B,Standard,LineB-STA-03280,2026-06-02,FALSE,
D008419,Line B,Standard,LineB-STA-03419,2026-06-02,FALSE,
D008471,Line B,Standard,LineB-STA-03471,2026-06-02,FALSE,
D008477,Line B,Standard,LineB-STA-03477,2026-06-02,FALSE,
D008494,Line B,Standard,LineB-STA-03494,2026-06-02,FALSE,
D008557,Line B,Standard,LineB-STA-03557,2026-06-02,FALSE,
D008581,Line B,Standard,LineB-STA-03581,2026-06-02,FALSE,
D008741,Line B,Standard,LineB-STA-03741,2026-06-02,FALSE,
D008820,Line B,Standard,LineB-STA-03820,2026-06-02,FALSE,
D008918,Line B,Standard,LineB-STA-03918,2026-06-02,FALSE,
D008999,Line B,Standard,LineB-STA-03999,2026-06-02,FALSE,
D009072,Line B,Standard,LineB-STA-04072,2026-06-02,FALSE,
D009090,Line B,Standard,LineB-STA-04090,2026-06-02,FALSE,
D009094,Line B,Standard,LineB-STA-04094,2026-06-02,FALSE,
D009142,Line B,Standard,LineB-STA-04142,2026-06-02,FALSE,
D009157,Line B,Standard,LineB-STA-04157,2026-06-02,FALSE,
D009352,Line B,Pro,LineB-PRO-00102,2026-06-02,FALSE,
D009775,Line B,Pro,LineB-PRO-00525,2026-06-02,FALSE,
D009776,Line B,Pro,LineB-PRO-00526,2026-06-02,FALSE,
D009820,Line B,Pro,LineB-PRO-00570,2026-06-02,FALSE,
D009951,Line B,Pro,LineB-PRO-00701,2026-06-02,FALSE,
D000065,Line A,Standard,LineA-STA-00065,2026-06-03,FALSE,
D000068,Line A,Standard,LineA-STA-00068,2026-06-03,FALSE,
D000070,Line A,Standard,LineA-STA-00070,2026-06-03,FALSE,
D000082,Line A,Standard,LineA-STA-00082,2026-06-03,FALSE,
D000311,Line A,Standard,LineA-STA-00311,2026-06-03,FALSE,
D000325,Line A,Standard,LineA-STA-00325,2026-06-03,FALSE,
D000561,Line A,Standard,LineA-STA-00561,2026-06-03,FALSE,
D000643,Line A,Standard,LineA-STA-00643,2026-06-03,FALSE,
D000669,Line A,Standard,LineA-STA-00669,2026-06-03,FALSE,
D000769,Line A,Standard,LineA-STA-00769,2026-06-03,FALSE,
D000891,Line A,Standard,LineA-STA-00891,2026-06-03,FALSE,
D000905,Line A,Standard,LineA-STA-00905,2026-06-03,FALSE,
D001166,Line A,Standard,LineA-STA-01166,2026-06-03,FALSE,
D001188,Line A,Standard,LineA-STA-01188,2026-06-03,FALSE,
D001290,Line A,Standard,LineA-STA-01290,2026-06-03,FALSE,
D001422,Line A,Standard,LineA-STA-01422,2026-06-03,FALSE,
D001426,Line A,Standard,LineA-STA-01426,2026-06-03,FALSE,
D001504,Line A,Standard,LineA-STA-01504,2026-06-03,FALSE,
D001524,Line A,Standard,LineA-STA-01524,2026-06-03,FALSE,
D001529,Line A,Standard,LineA-STA-01529,2026-06-03,FALSE,
D001590,Line A,Standard,LineA-STA-01590,2026-06-03,FALSE,
D001732,Line A,Standard,LineA-STA-01732,2026-06-03,FALSE,
D001752,Line A,Standard,LineA-STA-01752,2026-06-03,FALSE,
D001822,Line A,Standard,LineA-STA-01822,2026-06-03,FALSE,
D001899,Line A,Standard,LineA-STA-01899,2026-06-03,FALSE,
D001929,Line A,Standard,LineA-STA-01929,2026-06-03,TRUE,capacitor_leak
D002307,Line A,Pro,LineA-PRO-00057,2026-06-03,FALSE,
D002403,Line A,Pro,LineA-PRO-00153,2026-06-03,FALSE,
D002553,Line A,Pro,LineA-PRO-00303,2026-06-03,FALSE,
D002627,Line A,Pro,LineA-PRO-00377,2026-06-03,FALSE,
D002668,Line A,Pro,LineA-PRO-00418,2026-06-03,FALSE,
D002732,Line A,Pro,LineA-PRO-00482,2026-06-03,FALSE,
D002760,Line A,Pro,LineA-PRO-00510,2026-06-03,FALSE,
D002994,Line A,Pro,LineA-PRO-00744,2026-06-03,FALSE,
D003078,Line A,Pro,LineA-PRO-00828,2026-06-03,TRUE,component_misalignment
D003187,Line A,Pro,LineA-PRO-00937,2026-06-03,TRUE,battery_swell
D003209,Line A,Pro,LineA-PRO-00959,2026-06-03,FALSE,
D003393,Line A,Pro,LineA-PRO-01143,2026-06-03,FALSE,
D003401,Line A,Pro,LineA-PRO-01151,2026-06-03,FALSE,
D003445,Line A,Pro,LineA-PRO-01195,2026-06-03,FALSE,
D003466,Line A,Pro,LineA-PRO-01216,2026-06-03,FALSE,
D003474,Line A,Pro,LineA-PRO-01224,2026-06-03,FALSE,
D003490,Line A,Pro,LineA-PRO-01240,2026-06-03,TRUE,screen_dead_pixel
D003494,Line A,Pro,LineA-PRO-01244,2026-06-03,FALSE,
D003541,Line A,Pro,LineA-PRO-01291,2026-06-03,FALSE,
D003607,Line A,Pro,LineA-PRO-01357,2026-06-03,FALSE,
D003617,Line A,Pro,LineA-PRO-01367,2026-06-03,FALSE,
D003666,Line A,Pro,LineA-PRO-01416,2026-06-03,FALSE,
D003748,Line A,Pro,LineA-PRO-01498,2026-06-03,FALSE,
D003906,Line A,Pro,LineA-PRO-01656,2026-06-03,FALSE,
D003912,Line A,Pro,LineA-PRO-01662,2026-06-03,FALSE,
D003982,Line A,Pro,LineA-PRO-01732,2026-06-03,FALSE,
D003997,Line A,Pro,LineA-PRO-01747,2026-06-03,FALSE,
D004029,Line A,Pro,LineA-PRO-01779,2026-06-03,FALSE,
D004036,Line A,Pro,LineA-PRO-01786,2026-06-03,FALSE,
D004058,Line A,Pro,LineA-PRO-01808,2026-06-03,FALSE,
D004285,Line A,Pro,LineA-PRO-02035,2026-06-03,TRUE,label_misprint
D004312,Line A,Pro,LineA-PRO-02062,2026-06-03,FALSE,
D004359,Line A,Pro,LineA-PRO-02109,2026-06-03,TRUE,connector_seating
D004410,Line A,Pro,LineA-PRO-02160,2026-06-03,FALSE,
D004583,Line A,Pro,LineA-PRO-02333,2026-06-03,FALSE,
D004761,Line A,Pro,LineA-PRO-02511,2026-06-03,FALSE,
D004900,Line A,Pro,LineA-PRO-02650,2026-06-03,FALSE,
D004904,Line A,Pro,LineA-PRO-02654,2026-06-03,FALSE,
D004917,Line A,Pro,LineA-PRO-02667,2026-06-03,FALSE,
D004961,Line A,Pro,LineA-PRO-02711,2026-06-03,FALSE,
D005023,Line B,Standard,LineB-STA-00023,2026-06-03,FALSE,
D005091,Line B,Standard,LineB-STA-00091,2026-06-03,FALSE,
D005162,Line B,Standard,LineB-STA-00162,2026-06-03,FALSE,
D005212,Line B,Standard,LineB-STA-00212,2026-06-03,FALSE,
D005421,Line B,Standard,LineB-STA-00421,2026-06-03,FALSE,
D005459,Line B,Standard,LineB-STA-00459,2026-06-03,FALSE,
D005478,Line B,Standard,LineB-STA-00478,2026-06-03,FALSE,
D005504,Line B,Standard,LineB-STA-00504,2026-06-03,FALSE,
D006022,Line B,Standard,LineB-STA-01022,2026-06-03,FALSE,
D006144,Line B,Standard,LineB-STA-01144,2026-06-03,FALSE,
D006246,Line B,Standard,LineB-STA-01246,2026-06-03,FALSE,
D006321,Line B,Standard,LineB-STA-01321,2026-06-03,TRUE,screen_dead_pixel
D006541,Line B,Standard,LineB-STA-01541,2026-06-03,FALSE,
D006631,Line B,Standard,LineB-STA-01631,2026-06-03,FALSE,
D006658,Line B,Standard,LineB-STA-01658,2026-06-03,FALSE,
D007025,Line B,Standard,LineB-STA-02025,2026-06-03,FALSE,
D007077,Line B,Standard,LineB-STA-02077,2026-06-03,FALSE,
D007311,Line B,Standard,LineB-STA-02311,2026-06-03,FALSE,
D007334,Line B,Standard,LineB-STA-02334,2026-06-03,FALSE,
D007414,Line B,Standard,LineB-STA-02414,2026-06-03,FALSE,
D007428,Line B,Standard,LineB-STA-02428,2026-06-03,FALSE,
D007487,Line B,Standard,LineB-STA-02487,2026-06-03,TRUE,firmware_flash_fail
D007555,Line B,Standard,LineB-STA-02555,2026-06-03,FALSE,
D007621,Line B,Standard,LineB-STA-02621,2026-06-03,FALSE,
D007644,Line B,Standard,LineB-STA-02644,2026-06-03,FALSE,
D007684,Line B,Standard,LineB-STA-02684,2026-06-03,FALSE,
D007717,Line B,Standard,LineB-STA-02717,2026-06-03,FALSE,
D007779,Line B,Standard,LineB-STA-02779,2026-06-03,FALSE,
D007821,Line B,Standard,LineB-STA-02821,2026-06-03,FALSE,
D007907,Line B,Standard,LineB-STA-02907,2026-06-03,FALSE,
D008218,Line B,Standard,LineB-STA-03218,2026-06-03,FALSE,
D008340,Line B,Standard,LineB-STA-03340,2026-06-03,FALSE,
D008392,Line B,Standard,LineB-STA-03392,2026-06-03,FALSE,
D008417,Line B,Standard,LineB-STA-03417,2026-06-03,FALSE,
D008463,Line B,Standard,LineB-STA-03463,2026-06-03,FALSE,
D008473,Line B,Standard,LineB-STA-03473,2026-06-03,FALSE,
D008491,Line B,Standard,LineB-STA-03491,2026-06-03,FALSE,
D008665,Line B,Standard,LineB-STA-03665,2026-06-03,FALSE,
D008682,Line B,Standard,LineB-STA-03682,2026-06-03,FALSE,
D008727,Line B,Standard,LineB-STA-03727,2026-06-03,FALSE,
D008813,Line B,Standard,LineB-STA-03813,2026-06-03,FALSE,
D008891,Line B,Standard,LineB-STA-03891,2026-06-03,FALSE,
D008949,Line B,Standard,LineB-STA-03949,2026-06-03,FALSE,
D009024,Line B,Standard,LineB-STA-04024,2026-06-03,FALSE,
D009074,Line B,Standard,LineB-STA-04074,2026-06-03,FALSE,
D009171,Line B,Standard,LineB-STA-04171,2026-06-03,FALSE,
D009183,Line B,Standard,LineB-STA-04183,2026-06-03,FALSE,
D009267,Line B,Pro,LineB-PRO-00017,2026-06-03,FALSE,
D009332,Line B,Pro,LineB-PRO-00082,2026-06-03,FALSE,
D009360,Line B,Pro,LineB-PRO-00110,2026-06-03,FALSE,
D009443,Line B,Pro,LineB-PRO-00193,2026-06-03,FALSE,
D009544,Line B,Pro,LineB-PRO-00294,2026-06-03,FALSE,
D009575,Line B,Pro,LineB-PRO-00325,2026-06-03,FALSE,
D009604,Line B,Pro,LineB-PRO-00354,2026-06-03,FALSE,
D009688,Line B,Pro,LineB-PRO-00438,2026-06-03,FALSE,
D009714,Line B,Pro,LineB-PRO-00464,2026-06-03,FALSE,
D009850,Line B,Pro,LineB-PRO-00600,2026-06-03,FALSE,
D009894,Line B,Pro,LineB-PRO-00644,2026-06-03,FALSE,
D000074,Line A,Standard,LineA-STA-00074,2026-06-04,FALSE,
D000108,Line A,Standard,LineA-STA-00108,2026-06-04,FALSE,
D000127,Line A,Standard,LineA-STA-00127,2026-06-04,FALSE,
D000148,Line A,Standard,LineA-STA-00148,2026-06-04,FALSE,
D000199,Line A,Standard,LineA-STA-00199,2026-06-04,FALSE,
D000327,Line A,Standard,LineA-STA-00327,2026-06-04,FALSE,
D000384,Line A,Standard,LineA-STA-00384,2026-06-04,FALSE,
D000421,Line A,Standard,LineA-STA-00421,2026-06-04,FALSE,
D000535,Line A,Standard,LineA-STA-00535,2026-06-04,FALSE,
D000704,Line A,Standard,LineA-STA-00704,2026-06-04,FALSE,
D000727,Line A,Standard,LineA-STA-00727,2026-06-04,FALSE,
D000810,Line A,Standard,LineA-STA-00810,2026-06-04,FALSE,
D000978,Line A,Standard,LineA-STA-00978,2026-06-04,FALSE,
D001022,Line A,Standard,LineA-STA-01022,2026-06-04,FALSE,
D001164,Line A,Standard,LineA-STA-01164,2026-06-04,FALSE,
D001452,Line A,Standard,LineA-STA-01452,2026-06-04,FALSE,
D001455,Line A,Standard,LineA-STA-01455,2026-06-04,FALSE,
D001563,Line A,Standard,LineA-STA-01563,2026-06-04,FALSE,
D001629,Line A,Standard,LineA-STA-01629,2026-06-04,TRUE,component_misalignment
D001776,Line A,Standard,LineA-STA-01776,2026-06-04,FALSE,
D002056,Line A,Standard,LineA-STA-02056,2026-06-04,FALSE,
D002167,Line A,Standard,LineA-STA-02167,2026-06-04,FALSE,
D002187,Line A,Standard,LineA-STA-02187,2026-06-04,FALSE,
D002309,Line A,Pro,LineA-PRO-00059,2026-06-04,FALSE,
D002374,Line A,Pro,LineA-PRO-00124,2026-06-04,FALSE,
D002747,Line A,Pro,LineA-PRO-00497,2026-06-04,FALSE,
D002864,Line A,Pro,LineA-PRO-00614,2026-06-04,FALSE,
D002959,Line A,Pro,LineA-PRO-00709,2026-06-04,FALSE,
D002968,Line A,Pro,LineA-PRO-00718,2026-06-04,FALSE,
D003083,Line A,Pro,LineA-PRO-00833,2026-06-04,FALSE,
D003280,Line A,Pro,LineA-PRO-01030,2026-06-04,TRUE,firmware_flash_fail
D003353,Line A,Pro,LineA-PRO-01103,2026-06-04,FALSE,
D003368,Line A,Pro,LineA-PRO-01118,2026-06-04,FALSE,
D003496,Line A,Pro,LineA-PRO-01246,2026-06-04,FALSE,
D003537,Line A,Pro,LineA-PRO-01287,2026-06-04,FALSE,
D003608,Line A,Pro,LineA-PRO-01358,2026-06-04,FALSE,
D003644,Line A,Pro,LineA-PRO-01394,2026-06-04,FALSE,
D003742,Line A,Pro,LineA-PRO-01492,2026-06-04,FALSE,
D003829,Line A,Pro,LineA-PRO-01579,2026-06-04,FALSE,
D003968,Line A,Pro,LineA-PRO-01718,2026-06-04,FALSE,
D003981,Line A,Pro,LineA-PRO-01731,2026-06-04,FALSE,
D004190,Line A,Pro,LineA-PRO-01940,2026-06-04,FALSE,
D004327,Line A,Pro,LineA-PRO-02077,2026-06-04,FALSE,
D004369,Line A,Pro,LineA-PRO-02119,2026-06-04,FALSE,
D004400,Line A,Pro,LineA-PRO-02150,2026-06-04,FALSE,
D004409,Line A,Pro,LineA-PRO-02159,2026-06-04,FALSE,
D004426,Line A,Pro,LineA-PRO-02176,2026-06-04,FALSE,
D004519,Line A,Pro,LineA-PRO-02269,2026-06-04,FALSE,
D004524,Line A,Pro,LineA-PRO-02274,2026-06-04,FALSE,
D004591,Line A,Pro,LineA-PRO-02341,2026-06-04,FALSE,
D004651,Line A,Pro,LineA-PRO-02401,2026-06-04,FALSE,
D004695,Line A,Pro,LineA-PRO-02445,2026-06-04,FALSE,
D004791,Line A,Pro,LineA-PRO-02541,2026-06-04,FALSE,
D004834,Line A,Pro,LineA-PRO-02584,2026-06-04,FALSE,
D004916,Line A,Pro,LineA-PRO-02666,2026-06-04,FALSE,
D005020,Line B,Standard,LineB-STA-00020,2026-06-04,FALSE,
D005175,Line B,Standard,LineB-STA-00175,2026-06-04,FALSE,
D005287,Line B,Standard,LineB-STA-00287,2026-06-04,FALSE,
D005356,Line B,Standard,LineB-STA-00356,2026-06-04,FALSE,
D005379,Line B,Standard,LineB-STA-00379,2026-06-04,FALSE,
D005417,Line B,Standard,LineB-STA-00417,2026-06-04,FALSE,
D005636,Line B,Standard,LineB-STA-00636,2026-06-04,FALSE,
D005694,Line B,Standard,LineB-STA-00694,2026-06-04,FALSE,
D005763,Line B,Standard,LineB-STA-00763,2026-06-04,FALSE,
D005860,Line B,Standard,LineB-STA-00860,2026-06-04,FALSE,
D005927,Line B,Standard,LineB-STA-00927,2026-06-04,FALSE,
D006013,Line B,Standard,LineB-STA-01013,2026-06-04,FALSE,
D006059,Line B,Standard,LineB-STA-01059,2026-06-04,FALSE,
D006077,Line B,Standard,LineB-STA-01077,2026-06-04,FALSE,
D006195,Line B,Standard,LineB-STA-01195,2026-06-04,FALSE,
D006315,Line B,Standard,LineB-STA-01315,2026-06-04,FALSE,
D006394,Line B,Standard,LineB-STA-01394,2026-06-04,FALSE,
D006515,Line B,Standard,LineB-STA-01515,2026-06-04,FALSE,
D006556,Line B,Standard,LineB-STA-01556,2026-06-04,FALSE,
D006635,Line B,Standard,LineB-STA-01635,2026-06-04,FALSE,
D006647,Line B,Standard,LineB-STA-01647,2026-06-04,FALSE,
D006676,Line B,Standard,LineB-STA-01676,2026-06-04,FALSE,
D006746,Line B,Standard,LineB-STA-01746,2026-06-04,FALSE,
D006840,Line B,Standard,LineB-STA-01840,2026-06-04,FALSE,
D006951,Line B,Standard,LineB-STA-01951,2026-06-04,FALSE,
D006965,Line B,Standard,LineB-STA-01965,2026-06-04,FALSE,
D007179,Line B,Standard,LineB-STA-02179,2026-06-04,FALSE,
D007448,Line B,Standard,LineB-STA-02448,2026-06-04,FALSE,
D007536,Line B,Standard,LineB-STA-02536,2026-06-04,FALSE,
D007699,Line B,Standard,LineB-STA-02699,2026-06-04,FALSE,
D007932,Line B,Standard,LineB-STA-02932,2026-06-04,FALSE,
D007952,Line B,Standard,LineB-STA-02952,2026-06-04,FALSE,
D008351,Line B,Standard,LineB-STA-03351,2026-06-04,FALSE,
D008376,Line B,Standard,LineB-STA-03376,2026-06-04,TRUE,connector_seating
D008595,Line B,Standard,LineB-STA-03595,2026-06-04,FALSE,
D008717,Line B,Standard,LineB-STA-03717,2026-06-04,FALSE,
D008968,Line B,Standard,LineB-STA-03968,2026-06-04,FALSE,
D008984,Line B,Standard,LineB-STA-03984,2026-06-04,FALSE,
D009022,Line B,Standard,LineB-STA-04022,2026-06-04,FALSE,
D009126,Line B,Standard,LineB-STA-04126,2026-06-04,FALSE,
D009129,Line B,Standard,LineB-STA-04129,2026-06-04,FALSE,
D009210,Line B,Standard,LineB-STA-04210,2026-06-04,FALSE,
D009375,Line B,Pro,LineB-PRO-00125,2026-06-04,FALSE,
D009382,Line B,Pro,LineB-PRO-00132,2026-06-04,FALSE,
D009437,Line B,Pro,LineB-PRO-00187,2026-06-04,FALSE,
D009957,Line B,Pro,LineB-PRO-00707,2026-06-04,FALSE,
D000042,Line A,Standard,LineA-STA-00042,2026-06-05,FALSE,
D000066,Line A,Standard,LineA-STA-00066,2026-06-05,FALSE,
D000125,Line A,Standard,LineA-STA-00125,2026-06-05,FALSE,
D000138,Line A,Standard,LineA-STA-00138,2026-06-05,FALSE,
D000149,Line A,Standard,LineA-STA-00149,2026-06-05,FALSE,
D000349,Line A,Standard,LineA-STA-00349,2026-06-05,FALSE,
D000436,Line A,Standard,LineA-STA-00436,2026-06-05,FALSE,
D000441,Line A,Standard,LineA-STA-00441,2026-06-05,FALSE,
D000642,Line A,Standard,LineA-STA-00642,2026-06-05,FALSE,
D000864,Line A,Standard,LineA-STA-00864,2026-06-05,FALSE,
D001009,Line A,Standard,LineA-STA-01009,2026-06-05,FALSE,
D001132,Line A,Standard,LineA-STA-01132,2026-06-05,FALSE,
D001190,Line A,Standard,LineA-STA-01190,2026-06-05,FALSE,
D001241,Line A,Standard,LineA-STA-01241,2026-06-05,FALSE,
D001269,Line A,Standard,LineA-STA-01269,2026-06-05,FALSE,
D001415,Line A,Standard,LineA-STA-01415,2026-06-05,FALSE,
D001470,Line A,Standard,LineA-STA-01470,2026-06-05,FALSE,
D001526,Line A,Standard,LineA-STA-01526,2026-06-05,FALSE,
D001540,Line A,Standard,LineA-STA-01540,2026-06-05,FALSE,
D001686,Line A,Standard,LineA-STA-01686,2026-06-05,FALSE,
D002162,Line A,Standard,LineA-STA-02162,2026-06-05,FALSE,
D002223,Line A,Standard,LineA-STA-02223,2026-06-05,FALSE,
D002297,Line A,Pro,LineA-PRO-00047,2026-06-05,FALSE,
D002347,Line A,Pro,LineA-PRO-00097,2026-06-05,FALSE,
D002568,Line A,Pro,LineA-PRO-00318,2026-06-05,FALSE,
D002779,Line A,Pro,LineA-PRO-00529,2026-06-05,FALSE,
D002926,Line A,Pro,LineA-PRO-00676,2026-06-05,FALSE,
D003123,Line A,Pro,LineA-PRO-00873,2026-06-05,FALSE,
D003130,Line A,Pro,LineA-PRO-00880,2026-06-05,FALSE,
D003224,Line A,Pro,LineA-PRO-00974,2026-06-05,FALSE,
D003250,Line A,Pro,LineA-PRO-01000,2026-06-05,FALSE,
D003326,Line A,Pro,LineA-PRO-01076,2026-06-05,TRUE,label_misprint
D003383,Line A,Pro,LineA-PRO-01133,2026-06-05,FALSE,
D003458,Line A,Pro,LineA-PRO-01208,2026-06-05,FALSE,
D003587,Line A,Pro,LineA-PRO-01337,2026-06-05,FALSE,
D003655,Line A,Pro,LineA-PRO-01405,2026-06-05,FALSE,
D004046,Line A,Pro,LineA-PRO-01796,2026-06-05,FALSE,
D004126,Line A,Pro,LineA-PRO-01876,2026-06-05,FALSE,
D004176,Line A,Pro,LineA-PRO-01926,2026-06-05,FALSE,
D004178,Line A,Pro,LineA-PRO-01928,2026-06-05,FALSE,
D004293,Line A,Pro,LineA-PRO-02043,2026-06-05,FALSE,
D004505,Line A,Pro,LineA-PRO-02255,2026-06-05,TRUE,battery_swell
D004597,Line A,Pro,LineA-PRO-02347,2026-06-05,FALSE,
D004762,Line A,Pro,LineA-PRO-02512,2026-06-05,TRUE,battery_swell
D005042,Line B,Standard,LineB-STA-00042,2026-06-05,TRUE,battery_swell
D005072,Line B,Standard,LineB-STA-00072,2026-06-05,FALSE,
D005085,Line B,Standard,LineB-STA-00085,2026-06-05,FALSE,
D005098,Line B,Standard,LineB-STA-00098,2026-06-05,FALSE,
D005136,Line B,Standard,LineB-STA-00136,2026-06-05,FALSE,
D005180,Line B,Standard,LineB-STA-00180,2026-06-05,FALSE,
D005394,Line B,Standard,LineB-STA-00394,2026-06-05,FALSE,
D005486,Line B,Standard,LineB-STA-00486,2026-06-05,FALSE,
D005629,Line B,Standard,LineB-STA-00629,2026-06-05,FALSE,
D005864,Line B,Standard,LineB-STA-00864,2026-06-05,FALSE,
D005936,Line B,Standard,LineB-STA-00936,2026-06-05,FALSE,
D006097,Line B,Standard,LineB-STA-01097,2026-06-05,FALSE,
D006163,Line B,Standard,LineB-STA-01163,2026-06-05,FALSE,
D006181,Line B,Standard,LineB-STA-01181,2026-06-05,FALSE,
D006370,Line B,Standard,LineB-STA-01370,2026-06-05,FALSE,
D006428,Line B,Standard,LineB-STA-01428,2026-06-05,FALSE,
D006505,Line B,Standard,LineB-STA-01505,2026-06-05,FALSE,
D006637,Line B,Standard,LineB-STA-01637,2026-06-05,FALSE,
D006656,Line B,Standard,LineB-STA-01656,2026-06-05,FALSE,
D006834,Line B,Standard,LineB-STA-01834,2026-06-05,FALSE,
D006856,Line B,Standard,LineB-STA-01856,2026-06-05,FALSE,
D006969,Line B,Standard,LineB-STA-01969,2026-06-05,FALSE,
D007082,Line B,Standard,LineB-STA-02082,2026-06-05,FALSE,
D007144,Line B,Standard,LineB-STA-02144,2026-06-05,FALSE,
D007182,Line B,Standard,LineB-STA-02182,2026-06-05,FALSE,
D007322,Line B,Standard,LineB-STA-02322,2026-06-05,FALSE,
D007595,Line B,Standard,LineB-STA-02595,2026-06-05,FALSE,
D007805,Line B,Standard,LineB-STA-02805,2026-06-05,FALSE,
D007808,Line B,Standard,LineB-STA-02808,2026-06-05,FALSE,
D008226,Line B,Standard,LineB-STA-03226,2026-06-05,FALSE,
D008270,Line B,Standard,LineB-STA-03270,2026-06-05,FALSE,
D008549,Line B,Standard,LineB-STA-03549,2026-06-05,FALSE,
D008662,Line B,Standard,LineB-STA-03662,2026-06-05,FALSE,
D008725,Line B,Standard,LineB-STA-03725,2026-06-05,FALSE,
D008748,Line B,Standard,LineB-STA-03748,2026-06-05,FALSE,
D008761,Line B,Standard,LineB-STA-03761,2026-06-05,FALSE,
D008780,Line B,Standard,LineB-STA-03780,2026-06-05,FALSE,
D008805,Line B,Standard,LineB-STA-03805,2026-06-05,FALSE,
D009244,Line B,Standard,LineB-STA-04244,2026-06-05,FALSE,
D009265,Line B,Pro,LineB-PRO-00015,2026-06-05,FALSE,
D009279,Line B,Pro,LineB-PRO-00029,2026-06-05,TRUE,connector_seating
D009358,Line B,Pro,LineB-PRO-00108,2026-06-05,FALSE,
D009499,Line B,Pro,LineB-PRO-00249,2026-06-05,FALSE,
D009534,Line B,Pro,LineB-PRO-00284,2026-06-05,FALSE,
D000134,Line A,Standard,LineA-STA-00134,2026-06-06,FALSE,
D000205,Line A,Standard,LineA-STA-00205,2026-06-06,FALSE,
D000428,Line A,Standard,LineA-STA-00428,2026-06-06,FALSE,
D000548,Line A,Standard,LineA-STA-00548,2026-06-06,FALSE,
D000882,Line A,Standard,LineA-STA-00882,2026-06-06,FALSE,
D001010,Line A,Standard,LineA-STA-01010,2026-06-06,FALSE,
D001038,Line A,Standard,LineA-STA-01038,2026-06-06,FALSE,
D001059,Line A,Standard,LineA-STA-01059,2026-06-06,FALSE,
D001346,Line A,Standard,LineA-STA-01346,2026-06-06,FALSE,
D001413,Line A,Standard,LineA-STA-01413,2026-06-06,FALSE,
D001506,Line A,Standard,LineA-STA-01506,2026-06-06,FALSE,
D001507,Line A,Standard,LineA-STA-01507,2026-06-06,FALSE,
D001568,Line A,Standard,LineA-STA-01568,2026-06-06,FALSE,
D001621,Line A,Standard,LineA-STA-01621,2026-06-06,FALSE,
D002044,Line A,Standard,LineA-STA-02044,2026-06-06,FALSE,
D002058,Line A,Standard,LineA-STA-02058,2026-06-06,FALSE,
D002088,Line A,Standard,LineA-STA-02088,2026-06-06,FALSE,
D002094,Line A,Standard,LineA-STA-02094,2026-06-06,FALSE,
D002159,Line A,Standard,LineA-STA-02159,2026-06-06,FALSE,
D002247,Line A,Standard,LineA-STA-02247,2026-06-06,FALSE,
D002328,Line A,Pro,LineA-PRO-00078,2026-06-06,FALSE,
D002330,Line A,Pro,LineA-PRO-00080,2026-06-06,FALSE,
D002460,Line A,Pro,LineA-PRO-00210,2026-06-06,FALSE,
D002723,Line A,Pro,LineA-PRO-00473,2026-06-06,FALSE,
D002843,Line A,Pro,LineA-PRO-00593,2026-06-06,FALSE,
D002997,Line A,Pro,LineA-PRO-00747,2026-06-06,FALSE,
D003015,Line A,Pro,LineA-PRO-00765,2026-06-06,FALSE,
D003299,Line A,Pro,LineA-PRO-01049,2026-06-06,FALSE,
D003391,Line A,Pro,LineA-PRO-01141,2026-06-06,FALSE,
D003426,Line A,Pro,LineA-PRO-01176,2026-06-06,TRUE,cosmetic_scratch
D003489,Line A,Pro,LineA-PRO-01239,2026-06-06,FALSE,
D003663,Line A,Pro,LineA-PRO-01413,2026-06-06,FALSE,
D003678,Line A,Pro,LineA-PRO-01428,2026-06-06,FALSE,
D003857,Line A,Pro,LineA-PRO-01607,2026-06-06,FALSE,
D004005,Line A,Pro,LineA-PRO-01755,2026-06-06,FALSE,
D004169,Line A,Pro,LineA-PRO-01919,2026-06-06,TRUE,capacitor_leak
D004443,Line A,Pro,LineA-PRO-02193,2026-06-06,FALSE,
D004449,Line A,Pro,LineA-PRO-02199,2026-06-06,FALSE,
D004467,Line A,Pro,LineA-PRO-02217,2026-06-06,FALSE,
D004500,Line A,Pro,LineA-PRO-02250,2026-06-06,FALSE,
D004507,Line A,Pro,LineA-PRO-02257,2026-06-06,FALSE,
D004551,Line A,Pro,LineA-PRO-02301,2026-06-06,FALSE,
D004555,Line A,Pro,LineA-PRO-02305,2026-06-06,FALSE,
D004579,Line A,Pro,LineA-PRO-02329,2026-06-06,FALSE,
D004617,Line A,Pro,LineA-PRO-02367,2026-06-06,TRUE,component_misalignment
D004692,Line A,Pro,LineA-PRO-02442,2026-06-06,FALSE,
D004936,Line A,Pro,LineA-PRO-02686,2026-06-06,FALSE,
D004963,Line A,Pro,LineA-PRO-02713,2026-06-06,FALSE,
D005095,Line B,Standard,LineB-STA-00095,2026-06-06,FALSE,
D005109,Line B,Standard,LineB-STA-00109,2026-06-06,FALSE,
D005153,Line B,Standard,LineB-STA-00153,2026-06-06,FALSE,
D005190,Line B,Standard,LineB-STA-00190,2026-06-06,FALSE,
D005218,Line B,Standard,LineB-STA-00218,2026-06-06,FALSE,
D005334,Line B,Standard,LineB-STA-00334,2026-06-06,FALSE,
D005455,Line B,Standard,LineB-STA-00455,2026-06-06,FALSE,
D005497,Line B,Standard,LineB-STA-00497,2026-06-06,FALSE,
D005520,Line B,Standard,LineB-STA-00520,2026-06-06,FALSE,
D005529,Line B,Standard,LineB-STA-00529,2026-06-06,FALSE,
D005534,Line B,Standard,LineB-STA-00534,2026-06-06,FALSE,
D005601,Line B,Standard,LineB-STA-00601,2026-06-06,FALSE,
D005647,Line B,Standard,LineB-STA-00647,2026-06-06,FALSE,
D005753,Line B,Standard,LineB-STA-00753,2026-06-06,FALSE,
D005839,Line B,Standard,LineB-STA-00839,2026-06-06,FALSE,
D005872,Line B,Standard,LineB-STA-00872,2026-06-06,FALSE,
D006046,Line B,Standard,LineB-STA-01046,2026-06-06,FALSE,
D006408,Line B,Standard,LineB-STA-01408,2026-06-06,FALSE,
D006469,Line B,Standard,LineB-STA-01469,2026-06-06,FALSE,
D006506,Line B,Standard,LineB-STA-01506,2026-06-06,FALSE,
D006517,Line B,Standard,LineB-STA-01517,2026-06-06,FALSE,
D006565,Line B,Standard,LineB-STA-01565,2026-06-06,FALSE,
D006585,Line B,Standard,LineB-STA-01585,2026-06-06,FALSE,
D006699,Line B,Standard,LineB-STA-01699,2026-06-06,FALSE,
D006953,Line B,Standard,LineB-STA-01953,2026-06-06,FALSE,
D007001,Line B,Standard,LineB-STA-02001,2026-06-06,FALSE,
D007102,Line B,Standard,LineB-STA-02102,2026-06-06,FALSE,
D007103,Line B,Standard,LineB-STA-02103,2026-06-06,FALSE,
D007157,Line B,Standard,LineB-STA-02157,2026-06-06,FALSE,
D007222,Line B,Standard,LineB-STA-02222,2026-06-06,FALSE,
D007271,Line B,Standard,LineB-STA-02271,2026-06-06,FALSE,
D007303,Line B,Standard,LineB-STA-02303,2026-06-06,FALSE,
D007348,Line B,Standard,LineB-STA-02348,2026-06-06,FALSE,
D007373,Line B,Standard,LineB-STA-02373,2026-06-06,FALSE,
D007714,Line B,Standard,LineB-STA-02714,2026-06-06,FALSE,
D007746,Line B,Standard,LineB-STA-02746,2026-06-06,FALSE,
D007753,Line B,Standard,LineB-STA-02753,2026-06-06,FALSE,
D007910,Line B,Standard,LineB-STA-02910,2026-06-06,FALSE,
D007978,Line B,Standard,LineB-STA-02978,2026-06-06,FALSE,
D008098,Line B,Standard,LineB-STA-03098,2026-06-06,FALSE,
D008228,Line B,Standard,LineB-STA-03228,2026-06-06,FALSE,
D008490,Line B,Standard,LineB-STA-03490,2026-06-06,FALSE,
D008671,Line B,Standard,LineB-STA-03671,2026-06-06,FALSE,
D008987,Line B,Standard,LineB-STA-03987,2026-06-06,FALSE,
D009005,Line B,Standard,LineB-STA-04005,2026-06-06,FALSE,
D009141,Line B,Standard,LineB-STA-04141,2026-06-06,FALSE,
D009522,Line B,Pro,LineB-PRO-00272,2026-06-06,FALSE,
D009684,Line B,Pro,LineB-PRO-00434,2026-06-06,FALSE,
D009760,Line B,Pro,LineB-PRO-00510,2026-06-06,FALSE,
D009828,Line B,Pro,LineB-PRO-00578,2026-06-06,FALSE,
D009834,Line B,Pro,LineB-PRO-00584,2026-06-06,FALSE,
D000178,Line A,Standard,LineA-STA-00178,2026-06-07,FALSE,
D000211,Line A,Standard,LineA-STA-00211,2026-06-07,FALSE,
D000275,Line A,Standard,LineA-STA-00275,2026-06-07,FALSE,
D000324,Line A,Standard,LineA-STA-00324,2026-06-07,FALSE,
D000411,Line A,Standard,LineA-STA-00411,2026-06-07,FALSE,
D000413,Line A,Standard,LineA-STA-00413,2026-06-07,FALSE,
D000490,Line A,Standard,LineA-STA-00490,2026-06-07,FALSE,
D000567,Line A,Standard,LineA-STA-00567,2026-06-07,FALSE,
D000588,Line A,Standard,LineA-STA-00588,2026-06-07,FALSE,
D000689,Line A,Standard,LineA-STA-00689,2026-06-07,FALSE,
D000722,Line A,Standard,LineA-STA-00722,2026-06-07,FALSE,
D000734,Line A,Standard,LineA-STA-00734,2026-06-07,FALSE,
D000739,Line A,Standard,LineA-STA-00739,2026-06-07,FALSE,
D000775,Line A,Standard,LineA-STA-00775,2026-06-07,FALSE,
D001101,Line A,Standard,LineA-STA-01101,2026-06-07,FALSE,
D001373,Line A,Standard,LineA-STA-01373,2026-06-07,FALSE,
D001430,Line A,Standard,LineA-STA-01430,2026-06-07,TRUE,solder_joint
D001518,Line A,Standard,LineA-STA-01518,2026-06-07,FALSE,
D001611,Line A,Standard,LineA-STA-01611,2026-06-07,FALSE,
D001764,Line A,Standard,LineA-STA-01764,2026-06-07,FALSE,
D001789,Line A,Standard,LineA-STA-01789,2026-06-07,FALSE,
D001834,Line A,Standard,LineA-STA-01834,2026-06-07,FALSE,
D001851,Line A,Standard,LineA-STA-01851,2026-06-07,FALSE,
D002170,Line A,Standard,LineA-STA-02170,2026-06-07,FALSE,
D002325,Line A,Pro,LineA-PRO-00075,2026-06-07,FALSE,
D002398,Line A,Pro,LineA-PRO-00148,2026-06-07,FALSE,
D002431,Line A,Pro,LineA-PRO-00181,2026-06-07,FALSE,
D002438,Line A,Pro,LineA-PRO-00188,2026-06-07,FALSE,
D002474,Line A,Pro,LineA-PRO-00224,2026-06-07,FALSE,
D002742,Line A,Pro,LineA-PRO-00492,2026-06-07,FALSE,
D002867,Line A,Pro,LineA-PRO-00617,2026-06-07,FALSE,
D002911,Line A,Pro,LineA-PRO-00661,2026-06-07,FALSE,
D002969,Line A,Pro,LineA-PRO-00719,2026-06-07,FALSE,
D003025,Line A,Pro,LineA-PRO-00775,2026-06-07,TRUE,battery_swell
D003113,Line A,Pro,LineA-PRO-00863,2026-06-07,FALSE,
D003163,Line A,Pro,LineA-PRO-00913,2026-06-07,FALSE,
D003247,Line A,Pro,LineA-PRO-00997,2026-06-07,FALSE,
D003359,Line A,Pro,LineA-PRO-01109,2026-06-07,FALSE,
D003637,Line A,Pro,LineA-PRO-01387,2026-06-07,FALSE,
D003746,Line A,Pro,LineA-PRO-01496,2026-06-07,FALSE,
D003903,Line A,Pro,LineA-PRO-01653,2026-06-07,FALSE,
D003989,Line A,Pro,LineA-PRO-01739,2026-06-07,FALSE,
D004053,Line A,Pro,LineA-PRO-01803,2026-06-07,FALSE,
D004153,Line A,Pro,LineA-PRO-01903,2026-06-07,FALSE,
D004156,Line A,Pro,LineA-PRO-01906,2026-06-07,FALSE,
D004300,Line A,Pro,LineA-PRO-02050,2026-06-07,FALSE,
D004435,Line A,Pro,LineA-PRO-02185,2026-06-07,FALSE,
D004478,Line A,Pro,LineA-PRO-02228,2026-06-07,FALSE,
D004575,Line A,Pro,LineA-PRO-02325,2026-06-07,FALSE,
D004598,Line A,Pro,LineA-PRO-02348,2026-06-07,FALSE,
D004721,Line A,Pro,LineA-PRO-02471,2026-06-07,FALSE,
D005096,Line B,Standard,LineB-STA-00096,2026-06-07,FALSE,
D005241,Line B,Standard,LineB-STA-00241,2026-06-07,FALSE,
D005354,Line B,Standard,LineB-STA-00354,2026-06-07,FALSE,
D005507,Line B,Standard,LineB-STA-00507,2026-06-07,FALSE,
D005542,Line B,Standard,LineB-STA-00542,2026-06-07,FALSE,
D005649,Line B,Standard,LineB-STA-00649,2026-06-07,FALSE,
D005685,Line B,Standard,LineB-STA-00685,2026-06-07,FALSE,
D005941,Line B,Standard,LineB-STA-00941,2026-06-07,FALSE,
D006152,Line B,Standard,LineB-STA-01152,2026-06-07,FALSE,
D006263,Line B,Standard,LineB-STA-01263,2026-06-07,FALSE,
D006523,Line B,Standard,LineB-STA-01523,2026-06-07,FALSE,
D006546,Line B,Standard,LineB-STA-01546,2026-06-07,FALSE,
D006679,Line B,Standard,LineB-STA-01679,2026-06-07,FALSE,
D006800,Line B,Standard,LineB-STA-01800,2026-06-07,FALSE,
D006832,Line B,Standard,LineB-STA-01832,2026-06-07,FALSE,
D006875,Line B,Standard,LineB-STA-01875,2026-06-07,FALSE,
D007046,Line B,Standard,LineB-STA-02046,2026-06-07,FALSE,
D007190,Line B,Standard,LineB-STA-02190,2026-06-07,FALSE,
D007194,Line B,Standard,LineB-STA-02194,2026-06-07,FALSE,
D007195,Line B,Standard,LineB-STA-02195,2026-06-07,FALSE,
D007202,Line B,Standard,LineB-STA-02202,2026-06-07,FALSE,
D007273,Line B,Standard,LineB-STA-02273,2026-06-07,FALSE,
D007611,Line B,Standard,LineB-STA-02611,2026-06-07,FALSE,
D007657,Line B,Standard,LineB-STA-02657,2026-06-07,FALSE,
D007669,Line B,Standard,LineB-STA-02669,2026-06-07,FALSE,
D007748,Line B,Standard,LineB-STA-02748,2026-06-07,FALSE,
D007784,Line B,Standard,LineB-STA-02784,2026-06-07,FALSE,
D007806,Line B,Standard,LineB-STA-02806,2026-06-07,FALSE,
D007966,Line B,Standard,LineB-STA-02966,2026-06-07,FALSE,
D008065,Line B,Standard,LineB-STA-03065,2026-06-07,FALSE,
D008125,Line B,Standard,LineB-STA-03125,2026-06-07,FALSE,
D008335,Line B,Standard,LineB-STA-03335,2026-06-07,FALSE,
D008382,Line B,Standard,LineB-STA-03382,2026-06-07,FALSE,
D008556,Line B,Standard,LineB-STA-03556,2026-06-07,FALSE,
D008594,Line B,Standard,LineB-STA-03594,2026-06-07,FALSE,
D008686,Line B,Standard,LineB-STA-03686,2026-06-07,FALSE,
D009189,Line B,Standard,LineB-STA-04189,2026-06-07,FALSE,
D009247,Line B,Standard,LineB-STA-04247,2026-06-07,FALSE,
D009384,Line B,Pro,LineB-PRO-00134,2026-06-07,FALSE,
D009422,Line B,Pro,LineB-PRO-00172,2026-06-07,TRUE,firmware_flash_fail
D009601,Line B,Pro,LineB-PRO-00351,2026-06-07,FALSE,
D009614,Line B,Pro,LineB-PRO-00364,2026-06-07,FALSE,
D009697,Line B,Pro,LineB-PRO-00447,2026-06-07,FALSE,
D009788,Line B,Pro,LineB-PRO-00538,2026-06-07,FALSE,
D009799,Line B,Pro,LineB-PRO-00549,2026-06-07,FALSE,
D009848,Line B,Pro,LineB-PRO-00598,2026-06-07,TRUE,component_misalignment
D009851,Line B,Pro,LineB-PRO-00601,2026-06-07,FALSE,
D000088,Line A,Standard,LineA-STA-00088,2026-06-08,FALSE,
D000150,Line A,Standard,LineA-STA-00150,2026-06-08,FALSE,
D000216,Line A,Standard,LineA-STA-00216,2026-06-08,FALSE,
D000263,Line A,Standard,LineA-STA-00263,2026-06-08,FALSE,
D000304,Line A,Standard,LineA-STA-00304,2026-06-08,FALSE,
D000404,Line A,Standard,LineA-STA-00404,2026-06-08,FALSE,
D000424,Line A,Standard,LineA-STA-00424,2026-06-08,FALSE,
D000488,Line A,Standard,LineA-STA-00488,2026-06-08,FALSE,
D000500,Line A,Standard,LineA-STA-00500,2026-06-08,FALSE,
D000576,Line A,Standard,LineA-STA-00576,2026-06-08,TRUE,screen_dead_pixel
D000600,Line A,Standard,LineA-STA-00600,2026-06-08,FALSE,
D000636,Line A,Standard,LineA-STA-00636,2026-06-08,FALSE,
D000717,Line A,Standard,LineA-STA-00717,2026-06-08,FALSE,
D000724,Line A,Standard,LineA-STA-00724,2026-06-08,FALSE,
D000977,Line A,Standard,LineA-STA-00977,2026-06-08,FALSE,
D000985,Line A,Standard,LineA-STA-00985,2026-06-08,FALSE,
D001091,Line A,Standard,LineA-STA-01091,2026-06-08,FALSE,
D001143,Line A,Standard,LineA-STA-01143,2026-06-08,FALSE,
D001183,Line A,Standard,LineA-STA-01183,2026-06-08,FALSE,
D001230,Line A,Standard,LineA-STA-01230,2026-06-08,FALSE,
D001233,Line A,Standard,LineA-STA-01233,2026-06-08,FALSE,
D001285,Line A,Standard,LineA-STA-01285,2026-06-08,FALSE,
D001462,Line A,Standard,LineA-STA-01462,2026-06-08,FALSE,
D001463,Line A,Standard,LineA-STA-01463,2026-06-08,FALSE,
D001473,Line A,Standard,LineA-STA-01473,2026-06-08,FALSE,
D001663,Line A,Standard,LineA-STA-01663,2026-06-08,FALSE,
D001799,Line A,Standard,LineA-STA-01799,2026-06-08,FALSE,
D002046,Line A,Standard,LineA-STA-02046,2026-06-08,FALSE,
D002108,Line A,Standard,LineA-STA-02108,2026-06-08,FALSE,
D002343,Line A,Pro,LineA-PRO-00093,2026-06-08,FALSE,
D002422,Line A,Pro,LineA-PRO-00172,2026-06-08,FALSE,
D002441,Line A,Pro,LineA-PRO-00191,2026-06-08,FALSE,
D002582,Line A,Pro,LineA-PRO-00332,2026-06-08,FALSE,
D002592,Line A,Pro,LineA-PRO-00342,2026-06-08,FALSE,
D002628,Line A,Pro,LineA-PRO-00378,2026-06-08,TRUE,screen_dead_pixel
D002641,Line A,Pro,LineA-PRO-00391,2026-06-08,TRUE,component_misalignment
D002774,Line A,Pro,LineA-PRO-00524,2026-06-08,FALSE,
D003044,Line A,Pro,LineA-PRO-00794,2026-06-08,FALSE,
D003074,Line A,Pro,LineA-PRO-00824,2026-06-08,FALSE,
D003266,Line A,Pro,LineA-PRO-01016,2026-06-08,FALSE,
D003285,Line A,Pro,LineA-PRO-01035,2026-06-08,FALSE,
D003364,Line A,Pro,LineA-PRO-01114,2026-06-08,FALSE,
D003580,Line A,Pro,LineA-PRO-01330,2026-06-08,FALSE,
D003620,Line A,Pro,LineA-PRO-01370,2026-06-08,FALSE,
D003672,Line A,Pro,LineA-PRO-01422,2026-06-08,FALSE,
D003771,Line A,Pro,LineA-PRO-01521,2026-06-08,FALSE,
D003802,Line A,Pro,LineA-PRO-01552,2026-06-08,FALSE,
D004257,Line A,Pro,LineA-PRO-02007,2026-06-08,FALSE,
D004496,Line A,Pro,LineA-PRO-02246,2026-06-08,FALSE,
D004540,Line A,Pro,LineA-PRO-02290,2026-06-08,FALSE,
D004699,Line A,Pro,LineA-PRO-02449,2026-06-08,FALSE,
D004708,Line A,Pro,LineA-PRO-02458,2026-06-08,FALSE,
D004822,Line A,Pro,LineA-PRO-02572,2026-06-08,FALSE,
D004943,Line A,Pro,LineA-PRO-02693,2026-06-08,FALSE,
D004968,Line A,Pro,LineA-PRO-02718,2026-06-08,FALSE,
D005004,Line B,Standard,LineB-STA-00004,2026-06-08,FALSE,
D005142,Line B,Standard,LineB-STA-00142,2026-06-08,FALSE,
D005315,Line B,Standard,LineB-STA-00315,2026-06-08,FALSE,
D005337,Line B,Standard,LineB-STA-00337,2026-06-08,FALSE,
D005340,Line B,Standard,LineB-STA-00340,2026-06-08,FALSE,
D005416,Line B,Standard,LineB-STA-00416,2026-06-08,FALSE,
D005558,Line B,Standard,LineB-STA-00558,2026-06-08,FALSE,
D005848,Line B,Standard,LineB-STA-00848,2026-06-08,FALSE,
D006001,Line B,Standard,LineB-STA-01001,2026-06-08,FALSE,
D006081,Line B,Standard,LineB-STA-01081,2026-06-08,FALSE,
D006086,Line B,Standard,LineB-STA-01086,2026-06-08,FALSE,
D006135,Line B,Standard,LineB-STA-01135,2026-06-08,FALSE,
D006139,Line B,Standard,LineB-STA-01139,2026-06-08,FALSE,
D006248,Line B,Standard,LineB-STA-01248,2026-06-08,FALSE,
D006287,Line B,Standard,LineB-STA-01287,2026-06-08,FALSE,
D006316,Line B,Standard,LineB-STA-01316,2026-06-08,FALSE,
D006317,Line B,Standard,LineB-STA-01317,2026-06-08,FALSE,
D006329,Line B,Standard,LineB-STA-01329,2026-06-08,FALSE,
D006414,Line B,Standard,LineB-STA-01414,2026-06-08,FALSE,
D006418,Line B,Standard,LineB-STA-01418,2026-06-08,FALSE,
D006559,Line B,Standard,LineB-STA-01559,2026-06-08,FALSE,
D006560,Line B,Standard,LineB-STA-01560,2026-06-08,FALSE,
D006641,Line B,Standard,LineB-STA-01641,2026-06-08,FALSE,
D006669,Line B,Standard,LineB-STA-01669,2026-06-08,FALSE,
D006774,Line B,Standard,LineB-STA-01774,2026-06-08,FALSE,
D006842,Line B,Standard,LineB-STA-01842,2026-06-08,FALSE,
D006854,Line B,Standard,LineB-STA-01854,2026-06-08,FALSE,
D006895,Line B,Standard,LineB-STA-01895,2026-06-08,FALSE,
D006911,Line B,Standard,LineB-STA-01911,2026-06-08,FALSE,
D007058,Line B,Standard,LineB-STA-02058,2026-06-08,FALSE,
D007197,Line B,Standard,LineB-STA-02197,2026-06-08,FALSE,
D007418,Line B,Standard,LineB-STA-02418,2026-06-08,FALSE,
D007454,Line B,Standard,LineB-STA-02454,2026-06-08,FALSE,
D007468,Line B,Standard,LineB-STA-02468,2026-06-08,FALSE,
D007532,Line B,Standard,LineB-STA-02532,2026-06-08,FALSE,
D007539,Line B,Standard,LineB-STA-02539,2026-06-08,FALSE,
D007588,Line B,Standard,LineB-STA-02588,2026-06-08,FALSE,
D007686,Line B,Standard,LineB-STA-02686,2026-06-08,FALSE,
D007705,Line B,Standard,LineB-STA-02705,2026-06-08,FALSE,
D007752,Line B,Standard,LineB-STA-02752,2026-06-08,FALSE,
D007795,Line B,Standard,LineB-STA-02795,2026-06-08,FALSE,
D007801,Line B,Standard,LineB-STA-02801,2026-06-08,FALSE,
D007888,Line B,Standard,LineB-STA-02888,2026-06-08,FALSE,
D007896,Line B,Standard,LineB-STA-02896,2026-06-08,FALSE,
D007979,Line B,Standard,LineB-STA-02979,2026-06-08,FALSE,
D008026,Line B,Standard,LineB-STA-03026,2026-06-08,FALSE,
D008162,Line B,Standard,LineB-STA-03162,2026-06-08,FALSE,
D008584,Line B,Standard,LineB-STA-03584,2026-06-08,FALSE,
D008753,Line B,Standard,LineB-STA-03753,2026-06-08,FALSE,
D009082,Line B,Standard,LineB-STA-04082,2026-06-08,FALSE,
D009136,Line B,Standard,LineB-STA-04136,2026-06-08,FALSE,
D009433,Line B,Pro,LineB-PRO-00183,2026-06-08,FALSE,
D009446,Line B,Pro,LineB-PRO-00196,2026-06-08,FALSE,
D009497,Line B,Pro,LineB-PRO-00247,2026-06-08,FALSE,
D009524,Line B,Pro,LineB-PRO-00274,2026-06-08,FALSE,
D009586,Line B,Pro,LineB-PRO-00336,2026-06-08,FALSE,
D009892,Line B,Pro,LineB-PRO-00642,2026-06-08,FALSE,
D009910,Line B,Pro,LineB-PRO-00660,2026-06-08,FALSE,
D009941,Line B,Pro,LineB-PRO-00691,2026-06-08,FALSE,
D010012,Line B,Pro,LineB-PRO-00762,2026-06-08,FALSE,
D000218,Line A,Standard,LineA-STA-00218,2026-06-09,FALSE,
D000248,Line A,Standard,LineA-STA-00248,2026-06-09,FALSE,
D000323,Line A,Standard,LineA-STA-00323,2026-06-09,FALSE,
D000462,Line A,Standard,LineA-STA-00462,2026-06-09,FALSE,
D000482,Line A,Standard,LineA-STA-00482,2026-06-09,FALSE,
D000498,Line A,Standard,LineA-STA-00498,2026-06-09,FALSE,
D000531,Line A,Standard,LineA-STA-00531,2026-06-09,FALSE,
D000683,Line A,Standard,LineA-STA-00683,2026-06-09,FALSE,
D000686,Line A,Standard,LineA-STA-00686,2026-06-09,FALSE,
D000787,Line A,Standard,LineA-STA-00787,2026-06-09,FALSE,
D000804,Line A,Standard,LineA-STA-00804,2026-06-09,FALSE,
D000949,Line A,Standard,LineA-STA-00949,2026-06-09,FALSE,
D000981,Line A,Standard,LineA-STA-00981,2026-06-09,FALSE,
D001195,Line A,Standard,LineA-STA-01195,2026-06-09,FALSE,
D001197,Line A,Standard,LineA-STA-01197,2026-06-09,FALSE,
D001200,Line A,Standard,LineA-STA-01200,2026-06-09,FALSE,
D001438,Line A,Standard,LineA-STA-01438,2026-06-09,FALSE,
D001592,Line A,Standard,LineA-STA-01592,2026-06-09,FALSE,
D001599,Line A,Standard,LineA-STA-01599,2026-06-09,FALSE,
D001767,Line A,Standard,LineA-STA-01767,2026-06-09,FALSE,
D001772,Line A,Standard,LineA-STA-01772,2026-06-09,FALSE,
D001823,Line A,Standard,LineA-STA-01823,2026-06-09,FALSE,
D001931,Line A,Standard,LineA-STA-01931,2026-06-09,FALSE,
D001976,Line A,Standard,LineA-STA-01976,2026-06-09,FALSE,
D002037,Line A,Standard,LineA-STA-02037,2026-06-09,FALSE,
D002262,Line A,Pro,LineA-PRO-00012,2026-06-09,FALSE,
D002312,Line A,Pro,LineA-PRO-00062,2026-06-09,FALSE,
D002337,Line A,Pro,LineA-PRO-00087,2026-06-09,FALSE,
D002537,Line A,Pro,LineA-PRO-00287,2026-06-09,FALSE,
D002680,Line A,Pro,LineA-PRO-00430,2026-06-09,FALSE,
D002746,Line A,Pro,LineA-PRO-00496,2026-06-09,FALSE,
D002918,Line A,Pro,LineA-PRO-00668,2026-06-09,FALSE,
D002948,Line A,Pro,LineA-PRO-00698,2026-06-09,FALSE,
D003002,Line A,Pro,LineA-PRO-00752,2026-06-09,FALSE,
D003072,Line A,Pro,LineA-PRO-00822,2026-06-09,FALSE,
D003082,Line A,Pro,LineA-PRO-00832,2026-06-09,FALSE,
D003255,Line A,Pro,LineA-PRO-01005,2026-06-09,FALSE,
D003498,Line A,Pro,LineA-PRO-01248,2026-06-09,FALSE,
D003500,Line A,Pro,LineA-PRO-01250,2026-06-09,FALSE,
D003501,Line A,Pro,LineA-PRO-01251,2026-06-09,FALSE,
D003533,Line A,Pro,LineA-PRO-01283,2026-06-09,FALSE,
D003648,Line A,Pro,LineA-PRO-01398,2026-06-09,FALSE,
D003776,Line A,Pro,LineA-PRO-01526,2026-06-09,FALSE,
D004484,Line A,Pro,LineA-PRO-02234,2026-06-09,FALSE,
D004501,Line A,Pro,LineA-PRO-02251,2026-06-09,FALSE,
D004513,Line A,Pro,LineA-PRO-02263,2026-06-09,FALSE,
D004668,Line A,Pro,LineA-PRO-02418,2026-06-09,FALSE,
D004689,Line A,Pro,LineA-PRO-02439,2026-06-09,FALSE,
D004728,Line A,Pro,LineA-PRO-02478,2026-06-09,FALSE,
D004795,Line A,Pro,LineA-PRO-02545,2026-06-09,FALSE,
D005141,Line B,Standard,LineB-STA-00141,2026-06-09,FALSE,
D005254,Line B,Standard,LineB-STA-00254,2026-06-09,FALSE,
D005322,Line B,Standard,LineB-STA-00322,2026-06-09,FALSE,
D005384,Line B,Standard,LineB-STA-00384,2026-06-09,FALSE,
D005424,Line B,Standard,LineB-STA-00424,2026-06-09,FALSE,
D005477,Line B,Standard,LineB-STA-00477,2026-06-09,FALSE,
D005586,Line B,Standard,LineB-STA-00586,2026-06-09,FALSE,
D005720,Line B,Standard,LineB-STA-00720,2026-06-09,FALSE,
D005740,Line B,Standard,LineB-STA-00740,2026-06-09,FALSE,
D005905,Line B,Standard,LineB-STA-00905,2026-06-09,FALSE,
D006119,Line B,Standard,LineB-STA-01119,2026-06-09,FALSE,
D006182,Line B,Standard,LineB-STA-01182,2026-06-09,FALSE,
D006234,Line B,Standard,LineB-STA-01234,2026-06-09,FALSE,
D006608,Line B,Standard,LineB-STA-01608,2026-06-09,FALSE,
D006796,Line B,Standard,LineB-STA-01796,2026-06-09,FALSE,
D006915,Line B,Standard,LineB-STA-01915,2026-06-09,FALSE,
D007043,Line B,Standard,LineB-STA-02043,2026-06-09,FALSE,
D007071,Line B,Standard,LineB-STA-02071,2026-06-09,FALSE,
D007139,Line B,Standard,LineB-STA-02139,2026-06-09,FALSE,
D007164,Line B,Standard,LineB-STA-02164,2026-06-09,FALSE,
D007199,Line B,Standard,LineB-STA-02199,2026-06-09,FALSE,
D007214,Line B,Standard,LineB-STA-02214,2026-06-09,FALSE,
D007283,Line B,Standard,LineB-STA-02283,2026-06-09,FALSE,
D007524,Line B,Standard,LineB-STA-02524,2026-06-09,FALSE,
D007598,Line B,Standard,LineB-STA-02598,2026-06-09,FALSE,
D007755,Line B,Standard,LineB-STA-02755,2026-06-09,FALSE,
D007790,Line B,Standard,LineB-STA-02790,2026-06-09,FALSE,
D008002,Line B,Standard,LineB-STA-03002,2026-06-09,FALSE,
D008045,Line B,Standard,LineB-STA-03045,2026-06-09,FALSE,
D008084,Line B,Standard,LineB-STA-03084,2026-06-09,FALSE,
D008358,Line B,Standard,LineB-STA-03358,2026-06-09,FALSE,
D008421,Line B,Standard,LineB-STA-03421,2026-06-09,FALSE,
D008684,Line B,Standard,LineB-STA-03684,2026-06-09,FALSE,
D008928,Line B,Standard,LineB-STA-03928,2026-06-09,FALSE,
D008934,Line B,Standard,LineB-STA-03934,2026-06-09,FALSE,
D008951,Line B,Standard,LineB-STA-03951,2026-06-09,FALSE,
D008964,Line B,Standard,LineB-STA-03964,2026-06-09,FALSE,
D008973,Line B,Standard,LineB-STA-03973,2026-06-09,FALSE,
D008985,Line B,Standard,LineB-STA-03985,2026-06-09,FALSE,
D009033,Line B,Standard,LineB-STA-04033,2026-06-09,FALSE,
D009098,Line B,Standard,LineB-STA-04098,2026-06-09,FALSE,
D009193,Line B,Standard,LineB-STA-04193,2026-06-09,FALSE,
D009221,Line B,Standard,LineB-STA-04221,2026-06-09,FALSE,
D009434,Line B,Pro,LineB-PRO-00184,2026-06-09,FALSE,
D009456,Line B,Pro,LineB-PRO-00206,2026-06-09,FALSE,
D009481,Line B,Pro,LineB-PRO-00231,2026-06-09,FALSE,
D009512,Line B,Pro,LineB-PRO-00262,2026-06-09,FALSE,
D009632,Line B,Pro,LineB-PRO-00382,2026-06-09,FALSE,
D009637,Line B,Pro,LineB-PRO-00387,2026-06-09,FALSE,
D009659,Line B,Pro,LineB-PRO-00409,2026-06-09,FALSE,
D009947,Line B,Pro,LineB-PRO-00697,2026-06-09,FALSE,
D000104,Line A,Standard,LineA-STA-00104,2026-06-10,FALSE,
D000110,Line A,Standard,LineA-STA-00110,2026-06-10,FALSE,
D000287,Line A,Standard,LineA-STA-00287,2026-06-10,FALSE,
D000402,Line A,Standard,LineA-STA-00402,2026-06-10,FALSE,
D000420,Line A,Standard,LineA-STA-00420,2026-06-10,FALSE,
D000631,Line A,Standard,LineA-STA-00631,2026-06-10,FALSE,
D000657,Line A,Standard,LineA-STA-00657,2026-06-10,FALSE,
D000670,Line A,Standard,LineA-STA-00670,2026-06-10,FALSE,
D000718,Line A,Standard,LineA-STA-00718,2026-06-10,FALSE,
D000762,Line A,Standard,LineA-STA-00762,2026-06-10,TRUE,screen_dead_pixel
D000829,Line A,Standard,LineA-STA-00829,2026-06-10,FALSE,
D000870,Line A,Standard,LineA-STA-00870,2026-06-10,FALSE,
D000952,Line A,Standard,LineA-STA-00952,2026-06-10,FALSE,
D001061,Line A,Standard,LineA-STA-01061,2026-06-10,FALSE,
D001189,Line A,Standard,LineA-STA-01189,2026-06-10,FALSE,
D001295,Line A,Standard,LineA-STA-01295,2026-06-10,FALSE,
D001403,Line A,Standard,LineA-STA-01403,2026-06-10,FALSE,
D001551,Line A,Standard,LineA-STA-01551,2026-06-10,FALSE,
D001577,Line A,Standard,LineA-STA-01577,2026-06-10,FALSE,
D001695,Line A,Standard,LineA-STA-01695,2026-06-10,FALSE,
D001754,Line A,Standard,LineA-STA-01754,2026-06-10,FALSE,
D001954,Line A,Standard,LineA-STA-01954,2026-06-10,FALSE,
D001975,Line A,Standard,LineA-STA-01975,2026-06-10,FALSE,
D001986,Line A,Standard,LineA-STA-01986,2026-06-10,FALSE,
D002041,Line A,Standard,LineA-STA-02041,2026-06-10,FALSE,
D002086,Line A,Standard,LineA-STA-02086,2026-06-10,FALSE,
D002201,Line A,Standard,LineA-STA-02201,2026-06-10,FALSE,
D002299,Line A,Pro,LineA-PRO-00049,2026-06-10,FALSE,
D002466,Line A,Pro,LineA-PRO-00216,2026-06-10,FALSE,
D002600,Line A,Pro,LineA-PRO-00350,2026-06-10,FALSE,
D002693,Line A,Pro,LineA-PRO-00443,2026-06-10,FALSE,
D002839,Line A,Pro,LineA-PRO-00589,2026-06-10,FALSE,
D003099,Line A,Pro,LineA-PRO-00849,2026-06-10,FALSE,
D003286,Line A,Pro,LineA-PRO-01036,2026-06-10,FALSE,
D003411,Line A,Pro,LineA-PRO-01161,2026-06-10,FALSE,
D003531,Line A,Pro,LineA-PRO-01281,2026-06-10,FALSE,
D003658,Line A,Pro,LineA-PRO-01408,2026-06-10,FALSE,
D003723,Line A,Pro,LineA-PRO-01473,2026-06-10,FALSE,
D003834,Line A,Pro,LineA-PRO-01584,2026-06-10,FALSE,
D004099,Line A,Pro,LineA-PRO-01849,2026-06-10,FALSE,
D004173,Line A,Pro,LineA-PRO-01923,2026-06-10,FALSE,
D004287,Line A,Pro,LineA-PRO-02037,2026-06-10,FALSE,
D004305,Line A,Pro,LineA-PRO-02055,2026-06-10,FALSE,
D004473,Line A,Pro,LineA-PRO-02223,2026-06-10,FALSE,
D004768,Line A,Pro,LineA-PRO-02518,2026-06-10,FALSE,
D004777,Line A,Pro,LineA-PRO-02527,2026-06-10,FALSE,
D004919,Line A,Pro,LineA-PRO-02669,2026-06-10,FALSE,
D005032,Line B,Standard,LineB-STA-00032,2026-06-10,FALSE,
D005135,Line B,Standard,LineB-STA-00135,2026-06-10,FALSE,
D005330,Line B,Standard,LineB-STA-00330,2026-06-10,FALSE,
D005349,Line B,Standard,LineB-STA-00349,2026-06-10,FALSE,
D005510,Line B,Standard,LineB-STA-00510,2026-06-10,FALSE,
D005861,Line B,Standard,LineB-STA-00861,2026-06-10,FALSE,
D005978,Line B,Standard,LineB-STA-00978,2026-06-10,FALSE,
D006302,Line B,Standard,LineB-STA-01302,2026-06-10,FALSE,
D006369,Line B,Standard,LineB-STA-01369,2026-06-10,FALSE,
D006579,Line B,Standard,LineB-STA-01579,2026-06-10,FALSE,
D007151,Line B,Standard,LineB-STA-02151,2026-06-10,FALSE,
D007171,Line B,Standard,LineB-STA-02171,2026-06-10,FALSE,
D007177,Line B,Standard,LineB-STA-02177,2026-06-10,FALSE,
D007408,Line B,Standard,LineB-STA-02408,2026-06-10,FALSE,
D007482,Line B,Standard,LineB-STA-02482,2026-06-10,FALSE,
D007505,Line B,Standard,LineB-STA-02505,2026-06-10,FALSE,
D007547,Line B,Standard,LineB-STA-02547,2026-06-10,FALSE,
D007728,Line B,Standard,LineB-STA-02728,2026-06-10,FALSE,
D007971,Line B,Standard,LineB-STA-02971,2026-06-10,FALSE,
D008076,Line B,Standard,LineB-STA-03076,2026-06-10,TRUE,capacitor_leak
D008094,Line B,Standard,LineB-STA-03094,2026-06-10,FALSE,
D008167,Line B,Standard,LineB-STA-03167,2026-06-10,FALSE,
D008249,Line B,Standard,LineB-STA-03249,2026-06-10,FALSE,
D008278,Line B,Standard,LineB-STA-03278,2026-06-10,FALSE,
D008467,Line B,Standard,LineB-STA-03467,2026-06-10,FALSE,
D008639,Line B,Standard,LineB-STA-03639,2026-06-10,FALSE,
D008645,Line B,Standard,LineB-STA-03645,2026-06-10,FALSE,
D008692,Line B,Standard,LineB-STA-03692,2026-06-10,FALSE,
D008732,Line B,Standard,LineB-STA-03732,2026-06-10,FALSE,
D008933,Line B,Standard,LineB-STA-03933,2026-06-10,FALSE,
D008992,Line B,Standard,LineB-STA-03992,2026-06-10,FALSE,
D009003,Line B,Standard,LineB-STA-04003,2026-06-10,FALSE,
D009113,Line B,Standard,LineB-STA-04113,2026-06-10,FALSE,
D009314,Line B,Pro,LineB-PRO-00064,2026-06-10,FALSE,
D009394,Line B,Pro,LineB-PRO-00144,2026-06-10,FALSE,
D009448,Line B,Pro,LineB-PRO-00198,2026-06-10,FALSE,
D009483,Line B,Pro,LineB-PRO-00233,2026-06-10,FALSE,
D009576,Line B,Pro,LineB-PRO-00326,2026-06-10,FALSE,
D009577,Line B,Pro,LineB-PRO-00327,2026-06-10,FALSE,
D009634,Line B,Pro,LineB-PRO-00384,2026-06-10,FALSE,
D009639,Line B,Pro,LineB-PRO-00389,2026-06-10,FALSE,
D009689,Line B,Pro,LineB-PRO-00439,2026-06-10,FALSE,
D009822,Line B,Pro,LineB-PRO-00572,2026-06-10,TRUE,battery_swell
D009857,Line B,Pro,LineB-PRO-00607,2026-06-10,FALSE,
D009914,Line B,Pro,LineB-PRO-00664,2026-06-10,FALSE,
D000043,Line A,Standard,LineA-STA-00043,2026-06-11,FALSE,
D000101,Line A,Standard,LineA-STA-00101,2026-06-11,FALSE,
D000120,Line A,Standard,LineA-STA-00120,2026-06-11,FALSE,
D000207,Line A,Standard,LineA-STA-00207,2026-06-11,FALSE,
D000230,Line A,Standard,LineA-STA-00230,2026-06-11,FALSE,
D000243,Line A,Standard,LineA-STA-00243,2026-06-11,TRUE,connector_seating
D000265,Line A,Standard,LineA-STA-00265,2026-06-11,FALSE,
D000446,Line A,Standard,LineA-STA-00446,2026-06-11,FALSE,
D000554,Line A,Standard,LineA-STA-00554,2026-06-11,FALSE,
D000560,Line A,Standard,LineA-STA-00560,2026-06-11,FALSE,
D000584,Line A,Standard,LineA-STA-00584,2026-06-11,FALSE,
D000587,Line A,Standard,LineA-STA-00587,2026-06-11,FALSE,
D000613,Line A,Standard,LineA-STA-00613,2026-06-11,FALSE,
D000862,Line A,Standard,LineA-STA-00862,2026-06-11,FALSE,
D000863,Line A,Standard,LineA-STA-00863,2026-06-11,FALSE,
D000879,Line A,Standard,LineA-STA-00879,2026-06-11,FALSE,
D001011,Line A,Standard,LineA-STA-01011,2026-06-11,TRUE,label_misprint
D001064,Line A,Standard,LineA-STA-01064,2026-06-11,FALSE,
D001147,Line A,Standard,LineA-STA-01147,2026-06-11,FALSE,
D001163,Line A,Standard,LineA-STA-01163,2026-06-11,FALSE,
D001694,Line A,Standard,LineA-STA-01694,2026-06-11,FALSE,
D001871,Line A,Standard,LineA-STA-01871,2026-06-11,FALSE,
D002084,Line A,Standard,LineA-STA-02084,2026-06-11,FALSE,
D002269,Line A,Pro,LineA-PRO-00019,2026-06-11,FALSE,
D002738,Line A,Pro,LineA-PRO-00488,2026-06-11,FALSE,
D002875,Line A,Pro,LineA-PRO-00625,2026-06-11,FALSE,
D002940,Line A,Pro,LineA-PRO-00690,2026-06-11,FALSE,
D003063,Line A,Pro,LineA-PRO-00813,2026-06-11,FALSE,
D003146,Line A,Pro,LineA-PRO-00896,2026-06-11,FALSE,
D003173,Line A,Pro,LineA-PRO-00923,2026-06-11,FALSE,
D003282,Line A,Pro,LineA-PRO-01032,2026-06-11,FALSE,
D003397,Line A,Pro,LineA-PRO-01147,2026-06-11,FALSE,
D003515,Line A,Pro,LineA-PRO-01265,2026-06-11,FALSE,
D003712,Line A,Pro,LineA-PRO-01462,2026-06-11,FALSE,
D003881,Line A,Pro,LineA-PRO-01631,2026-06-11,FALSE,
D003954,Line A,Pro,LineA-PRO-01704,2026-06-11,FALSE,
D003976,Line A,Pro,LineA-PRO-01726,2026-06-11,FALSE,
D004012,Line A,Pro,LineA-PRO-01762,2026-06-11,FALSE,
D004034,Line A,Pro,LineA-PRO-01784,2026-06-11,FALSE,
D004361,Line A,Pro,LineA-PRO-02111,2026-06-11,FALSE,
D004377,Line A,Pro,LineA-PRO-02127,2026-06-11,FALSE,
D004384,Line A,Pro,LineA-PRO-02134,2026-06-11,FALSE,
D004398,Line A,Pro,LineA-PRO-02148,2026-06-11,FALSE,
D004578,Line A,Pro,LineA-PRO-02328,2026-06-11,FALSE,
D004606,Line A,Pro,LineA-PRO-02356,2026-06-11,FALSE,
D004681,Line A,Pro,LineA-PRO-02431,2026-06-11,FALSE,
D004685,Line A,Pro,LineA-PRO-02435,2026-06-11,FALSE,
D004782,Line A,Pro,LineA-PRO-02532,2026-06-11,FALSE,
D004799,Line A,Pro,LineA-PRO-02549,2026-06-11,FALSE,
D004947,Line A,Pro,LineA-PRO-02697,2026-06-11,FALSE,
D005049,Line B,Standard,LineB-STA-00049,2026-06-11,FALSE,
D005193,Line B,Standard,LineB-STA-00193,2026-06-11,FALSE,
D005224,Line B,Standard,LineB-STA-00224,2026-06-11,FALSE,
D005291,Line B,Standard,LineB-STA-00291,2026-06-11,FALSE,
D005411,Line B,Standard,LineB-STA-00411,2026-06-11,FALSE,
D005444,Line B,Standard,LineB-STA-00444,2026-06-11,FALSE,
D005475,Line B,Standard,LineB-STA-00475,2026-06-11,FALSE,
D005487,Line B,Standard,LineB-STA-00487,2026-06-11,FALSE,
D005570,Line B,Standard,LineB-STA-00570,2026-06-11,FALSE,
D005585,Line B,Standard,LineB-STA-00585,2026-06-11,FALSE,
D005639,Line B,Standard,LineB-STA-00639,2026-06-11,FALSE,
D005658,Line B,Standard,LineB-STA-00658,2026-06-11,FALSE,
D005665,Line B,Standard,LineB-STA-00665,2026-06-11,FALSE,
D005677,Line B,Standard,LineB-STA-00677,2026-06-11,FALSE,
D005779,Line B,Standard,LineB-STA-00779,2026-06-11,FALSE,
D005971,Line B,Standard,LineB-STA-00971,2026-06-11,FALSE,
D006237,Line B,Standard,LineB-STA-01237,2026-06-11,FALSE,
D006259,Line B,Standard,LineB-STA-01259,2026-06-11,FALSE,
D006283,Line B,Standard,LineB-STA-01283,2026-06-11,FALSE,
D006646,Line B,Standard,LineB-STA-01646,2026-06-11,FALSE,
D006741,Line B,Standard,LineB-STA-01741,2026-06-11,FALSE,
D006742,Line B,Standard,LineB-STA-01742,2026-06-11,FALSE,
D006790,Line B,Standard,LineB-STA-01790,2026-06-11,FALSE,
D006799,Line B,Standard,LineB-STA-01799,2026-06-11,FALSE,
D006852,Line B,Standard,LineB-STA-01852,2026-06-11,FALSE,
D007232,Line B,Standard,LineB-STA-02232,2026-06-11,FALSE,
D007343,Line B,Standard,LineB-STA-02343,2026-06-11,FALSE,
D007407,Line B,Standard,LineB-STA-02407,2026-06-11,FALSE,
D007451,Line B,Standard,LineB-STA-02451,2026-06-11,FALSE,
D007453,Line B,Standard,LineB-STA-02453,2026-06-11,FALSE,
D007504,Line B,Standard,LineB-STA-02504,2026-06-11,FALSE,
D007561,Line B,Standard,LineB-STA-02561,2026-06-11,FALSE,
D007563,Line B,Standard,LineB-STA-02563,2026-06-11,FALSE,
D007662,Line B,Standard,LineB-STA-02662,2026-06-11,FALSE,
D007774,Line B,Standard,LineB-STA-02774,2026-06-11,FALSE,
D007906,Line B,Standard,LineB-STA-02906,2026-06-11,FALSE,
D007968,Line B,Standard,LineB-STA-02968,2026-06-11,FALSE,
D008156,Line B,Standard,LineB-STA-03156,2026-06-11,FALSE,
D008166,Line B,Standard,LineB-STA-03166,2026-06-11,FALSE,
D008530,Line B,Standard,LineB-STA-03530,2026-06-11,FALSE,
D008577,Line B,Standard,LineB-STA-03577,2026-06-11,FALSE,
D008618,Line B,Standard,LineB-STA-03618,2026-06-11,FALSE,
D008704,Line B,Standard,LineB-STA-03704,2026-06-11,FALSE,
D008759,Line B,Standard,LineB-STA-03759,2026-06-11,FALSE,
D008822,Line B,Standard,LineB-STA-03822,2026-06-11,FALSE,
D008874,Line B,Standard,LineB-STA-03874,2026-06-11,FALSE,
D008916,Line B,Standard,LineB-STA-03916,2026-06-11,FALSE,
D009200,Line B,Standard,LineB-STA-04200,2026-06-11,FALSE,
D009223,Line B,Standard,LineB-STA-04223,2026-06-11,FALSE,
D009232,Line B,Standard,LineB-STA-04232,2026-06-11,FALSE,
D009453,Line B,Pro,LineB-PRO-00203,2026-06-11,FALSE,
D009545,Line B,Pro,LineB-PRO-00295,2026-06-11,FALSE,
D009571,Line B,Pro,LineB-PRO-00321,2026-06-11,FALSE,
D009663,Line B,Pro,LineB-PRO-00413,2026-06-11,FALSE,
D009845,Line B,Pro,LineB-PRO-00595,2026-06-11,FALSE,
D009897,Line B,Pro,LineB-PRO-00647,2026-06-11,FALSE,
D009968,Line B,Pro,LineB-PRO-00718,2026-06-11,FALSE,
D000100,Line A,Standard,LineA-STA-00100,2026-06-12,FALSE,
D000153,Line A,Standard,LineA-STA-00153,2026-06-12,FALSE,
D000316,Line A,Standard,LineA-STA-00316,2026-06-12,FALSE,
D000341,Line A,Standard,LineA-STA-00341,2026-06-12,FALSE,
D000417,Line A,Standard,LineA-STA-00417,2026-06-12,FALSE,
D000444,Line A,Standard,LineA-STA-00444,2026-06-12,FALSE,
D000652,Line A,Standard,LineA-STA-00652,2026-06-12,FALSE,
D000667,Line A,Standard,LineA-STA-00667,2026-06-12,FALSE,
D000748,Line A,Standard,LineA-STA-00748,2026-06-12,FALSE,
D000773,Line A,Standard,LineA-STA-00773,2026-06-12,FALSE,
D000780,Line A,Standard,LineA-STA-00780,2026-06-12,FALSE,
D000788,Line A,Standard,LineA-STA-00788,2026-06-12,TRUE,solder_joint
D000799,Line A,Standard,LineA-STA-00799,2026-06-12,FALSE,
D000801,Line A,Standard,LineA-STA-00801,2026-06-12,FALSE,
D000946,Line A,Standard,LineA-STA-00946,2026-06-12,FALSE,
D000998,Line A,Standard,LineA-STA-00998,2026-06-12,FALSE,
D001176,Line A,Standard,LineA-STA-01176,2026-06-12,FALSE,
D001187,Line A,Standard,LineA-STA-01187,2026-06-12,FALSE,
D001228,Line A,Standard,LineA-STA-01228,2026-06-12,FALSE,
D001298,Line A,Standard,LineA-STA-01298,2026-06-12,FALSE,
D001374,Line A,Standard,LineA-STA-01374,2026-06-12,FALSE,
D001435,Line A,Standard,LineA-STA-01435,2026-06-12,FALSE,
D001530,Line A,Standard,LineA-STA-01530,2026-06-12,FALSE,
D001583,Line A,Standard,LineA-STA-01583,2026-06-12,FALSE,
D001634,Line A,Standard,LineA-STA-01634,2026-06-12,FALSE,
D001775,Line A,Standard,LineA-STA-01775,2026-06-12,FALSE,
D001817,Line A,Standard,LineA-STA-01817,2026-06-12,FALSE,
D001818,Line A,Standard,LineA-STA-01818,2026-06-12,FALSE,
D001820,Line A,Standard,LineA-STA-01820,2026-06-12,FALSE,
D001889,Line A,Standard,LineA-STA-01889,2026-06-12,FALSE,
D001897,Line A,Standard,LineA-STA-01897,2026-06-12,FALSE,
D002030,Line A,Standard,LineA-STA-02030,2026-06-12,FALSE,
D002100,Line A,Standard,LineA-STA-02100,2026-06-12,FALSE,
D002105,Line A,Standard,LineA-STA-02105,2026-06-12,FALSE,
D002171,Line A,Standard,LineA-STA-02171,2026-06-12,FALSE,
D002315,Line A,Pro,LineA-PRO-00065,2026-06-12,FALSE,
D002359,Line A,Pro,LineA-PRO-00109,2026-06-12,FALSE,
D002500,Line A,Pro,LineA-PRO-00250,2026-06-12,FALSE,
D002581,Line A,Pro,LineA-PRO-00331,2026-06-12,FALSE,
D002824,Line A,Pro,LineA-PRO-00574,2026-06-12,FALSE,
D003029,Line A,Pro,LineA-PRO-00779,2026-06-12,FALSE,
D003091,Line A,Pro,LineA-PRO-00841,2026-06-12,FALSE,
D003176,Line A,Pro,LineA-PRO-00926,2026-06-12,FALSE,
D003215,Line A,Pro,LineA-PRO-00965,2026-06-12,FALSE,
D003354,Line A,Pro,LineA-PRO-01104,2026-06-12,FALSE,
D003527,Line A,Pro,LineA-PRO-01277,2026-06-12,FALSE,
D003586,Line A,Pro,LineA-PRO-01336,2026-06-12,FALSE,
D003636,Line A,Pro,LineA-PRO-01386,2026-06-12,FALSE,
D003675,Line A,Pro,LineA-PRO-01425,2026-06-12,FALSE,
D003900,Line A,Pro,LineA-PRO-01650,2026-06-12,FALSE,
D004048,Line A,Pro,LineA-PRO-01798,2026-06-12,FALSE,
D004090,Line A,Pro,LineA-PRO-01840,2026-06-12,FALSE,
D004133,Line A,Pro,LineA-PRO-01883,2026-06-12,FALSE,
D004171,Line A,Pro,LineA-PRO-01921,2026-06-12,FALSE,
D004184,Line A,Pro,LineA-PRO-01934,2026-06-12,FALSE,
D004277,Line A,Pro,LineA-PRO-02027,2026-06-12,TRUE,capacitor_leak
D004537,Line A,Pro,LineA-PRO-02287,2026-06-12,FALSE,
D004644,Line A,Pro,LineA-PRO-02394,2026-06-12,TRUE,screen_dead_pixel
D004786,Line A,Pro,LineA-PRO-02536,2026-06-12,FALSE,
D004823,Line A,Pro,LineA-PRO-02573,2026-06-12,FALSE,
D004915,Line A,Pro,LineA-PRO-02665,2026-06-12,FALSE,
D004922,Line A,Pro,LineA-PRO-02672,2026-06-12,FALSE,
D004926,Line A,Pro,LineA-PRO-02676,2026-06-12,FALSE,
D004934,Line A,Pro,LineA-PRO-02684,2026-06-12,FALSE,
D005002,Line B,Standard,LineB-STA-00002,2026-06-12,FALSE,
D005094,Line B,Standard,LineB-STA-00094,2026-06-12,FALSE,
D005435,Line B,Standard,LineB-STA-00435,2026-06-12,FALSE,
D005456,Line B,Standard,LineB-STA-00456,2026-06-12,FALSE,
D005468,Line B,Standard,LineB-STA-00468,2026-06-12,FALSE,
D005524,Line B,Standard,LineB-STA-00524,2026-06-12,FALSE,
D005598,Line B,Standard,LineB-STA-00598,2026-06-12,FALSE,
D005784,Line B,Standard,LineB-STA-00784,2026-06-12,FALSE,
D005787,Line B,Standard,LineB-STA-00787,2026-06-12,FALSE,
D005819,Line B,Standard,LineB-STA-00819,2026-06-12,FALSE,
D005849,Line B,Standard,LineB-STA-00849,2026-06-12,FALSE,
D005882,Line B,Standard,LineB-STA-00882,2026-06-12,FALSE,
D005943,Line B,Standard,LineB-STA-00943,2026-06-12,FALSE,
D006153,Line B,Standard,LineB-STA-01153,2026-06-12,FALSE,
D006278,Line B,Standard,LineB-STA-01278,2026-06-12,FALSE,
D006359,Line B,Standard,LineB-STA-01359,2026-06-12,FALSE,
D006464,Line B,Standard,LineB-STA-01464,2026-06-12,FALSE,
D006474,Line B,Standard,LineB-STA-01474,2026-06-12,FALSE,
D006479,Line B,Standard,LineB-STA-01479,2026-06-12,FALSE,
D006543,Line B,Standard,LineB-STA-01543,2026-06-12,FALSE,
D006564,Line B,Standard,LineB-STA-01564,2026-06-12,FALSE,
D006614,Line B,Standard,LineB-STA-01614,2026-06-12,FALSE,
D006716,Line B,Standard,LineB-STA-01716,2026-06-12,FALSE,
D006837,Line B,Standard,LineB-STA-01837,2026-06-12,FALSE,
D006850,Line B,Standard,LineB-STA-01850,2026-06-12,FALSE,
D006998,Line B,Standard,LineB-STA-01998,2026-06-12,FALSE,
D007193,Line B,Standard,LineB-STA-02193,2026-06-12,FALSE,
D007345,Line B,Standard,LineB-STA-02345,2026-06-12,FALSE,
D007381,Line B,Standard,LineB-STA-02381,2026-06-12,FALSE,
D007506,Line B,Standard,LineB-STA-02506,2026-06-12,FALSE,
D007575,Line B,Standard,LineB-STA-02575,2026-06-12,FALSE,
D007594,Line B,Standard,LineB-STA-02594,2026-06-12,FALSE,
D007676,Line B,Standard,LineB-STA-02676,2026-06-12,FALSE,
D007677,Line B,Standard,LineB-STA-02677,2026-06-12,FALSE,
D007749,Line B,Standard,LineB-STA-02749,2026-06-12,FALSE,
D007899,Line B,Standard,LineB-STA-02899,2026-06-12,FALSE,
D007937,Line B,Standard,LineB-STA-02937,2026-06-12,FALSE,
D007993,Line B,Standard,LineB-STA-02993,2026-06-12,FALSE,
D007996,Line B,Standard,LineB-STA-02996,2026-06-12,FALSE,
D008001,Line B,Standard,LineB-STA-03001,2026-06-12,FALSE,
D008070,Line B,Standard,LineB-STA-03070,2026-06-12,FALSE,
D008106,Line B,Standard,LineB-STA-03106,2026-06-12,FALSE,
D008111,Line B,Standard,LineB-STA-03111,2026-06-12,FALSE,
D008196,Line B,Standard,LineB-STA-03196,2026-06-12,FALSE,
D008410,Line B,Standard,LineB-STA-03410,2026-06-12,FALSE,
D008514,Line B,Standard,LineB-STA-03514,2026-06-12,FALSE,
D008546,Line B,Standard,LineB-STA-03546,2026-06-12,FALSE,
D008659,Line B,Standard,LineB-STA-03659,2026-06-12,FALSE,
D008660,Line B,Standard,LineB-STA-03660,2026-06-12,FALSE,
D008790,Line B,Standard,LineB-STA-03790,2026-06-12,TRUE,connector_seating
D008802,Line B,Standard,LineB-STA-03802,2026-06-12,FALSE,
D008839,Line B,Standard,LineB-STA-03839,2026-06-12,FALSE,
D008879,Line B,Standard,LineB-STA-03879,2026-06-12,FALSE,
D008915,Line B,Standard,LineB-STA-03915,2026-06-12,TRUE,capacitor_leak
D009134,Line B,Standard,LineB-STA-04134,2026-06-12,FALSE,
D009180,Line B,Standard,LineB-STA-04180,2026-06-12,FALSE,
D009345,Line B,Pro,LineB-PRO-00095,2026-06-12,FALSE,
D009670,Line B,Pro,LineB-PRO-00420,2026-06-12,FALSE,
D009838,Line B,Pro,LineB-PRO-00588,2026-06-12,FALSE,
D009859,Line B,Pro,LineB-PRO-00609,2026-06-12,FALSE,
D009877,Line B,Pro,LineB-PRO-00627,2026-06-12,FALSE,
D009878,Line B,Pro,LineB-PRO-00628,2026-06-12,FALSE,
D009902,Line B,Pro,LineB-PRO-00652,2026-06-12,FALSE,
D000005,Line A,Standard,LineA-STA-00005,2026-06-13,FALSE,
D000009,Line A,Standard,LineA-STA-00009,2026-06-13,FALSE,
D000061,Line A,Standard,LineA-STA-00061,2026-06-13,FALSE,
D000172,Line A,Standard,LineA-STA-00172,2026-06-13,FALSE,
D000186,Line A,Standard,LineA-STA-00186,2026-06-13,FALSE,
D000246,Line A,Standard,LineA-STA-00246,2026-06-13,FALSE,
D000302,Line A,Standard,LineA-STA-00302,2026-06-13,FALSE,
D000369,Line A,Standard,LineA-STA-00369,2026-06-13,FALSE,
D000423,Line A,Standard,LineA-STA-00423,2026-06-13,FALSE,
D000538,Line A,Standard,LineA-STA-00538,2026-06-13,FALSE,
D000540,Line A,Standard,LineA-STA-00540,2026-06-13,FALSE,
D000881,Line A,Standard,LineA-STA-00881,2026-06-13,FALSE,
D000938,Line A,Standard,LineA-STA-00938,2026-06-13,FALSE,
D001013,Line A,Standard,LineA-STA-01013,2026-06-13,FALSE,
D001089,Line A,Standard,LineA-STA-01089,2026-06-13,FALSE,
D001137,Line A,Standard,LineA-STA-01137,2026-06-13,FALSE,
D001192,Line A,Standard,LineA-STA-01192,2026-06-13,FALSE,
D001239,Line A,Standard,LineA-STA-01239,2026-06-13,FALSE,
D001260,Line A,Standard,LineA-STA-01260,2026-06-13,TRUE,connector_seating
D001296,Line A,Standard,LineA-STA-01296,2026-06-13,FALSE,
D001521,Line A,Standard,LineA-STA-01521,2026-06-13,FALSE,
D001536,Line A,Standard,LineA-STA-01536,2026-06-13,FALSE,
D001560,Line A,Standard,LineA-STA-01560,2026-06-13,FALSE,
D001730,Line A,Standard,LineA-STA-01730,2026-06-13,FALSE,
D001802,Line A,Standard,LineA-STA-01802,2026-06-13,FALSE,
D001887,Line A,Standard,LineA-STA-01887,2026-06-13,FALSE,
D001935,Line A,Standard,LineA-STA-01935,2026-06-13,FALSE,
D001985,Line A,Standard,LineA-STA-01985,2026-06-13,FALSE,
D002049,Line A,Standard,LineA-STA-02049,2026-06-13,FALSE,
D002057,Line A,Standard,LineA-STA-02057,2026-06-13,FALSE,
D002059,Line A,Standard,LineA-STA-02059,2026-06-13,FALSE,
D002115,Line A,Standard,LineA-STA-02115,2026-06-13,FALSE,
D002213,Line A,Standard,LineA-STA-02213,2026-06-13,FALSE,
D002306,Line A,Pro,LineA-PRO-00056,2026-06-13,FALSE,
D002313,Line A,Pro,LineA-PRO-00063,2026-06-13,TRUE,housing_crack
D002349,Line A,Pro,LineA-PRO-00099,2026-06-13,FALSE,
D002365,Line A,Pro,LineA-PRO-00115,2026-06-13,FALSE,
D002409,Line A,Pro,LineA-PRO-00159,2026-06-13,FALSE,
D002549,Line A,Pro,LineA-PRO-00299,2026-06-13,FALSE,
D002566,Line A,Pro,LineA-PRO-00316,2026-06-13,FALSE,
D002679,Line A,Pro,LineA-PRO-00429,2026-06-13,FALSE,
D002838,Line A,Pro,LineA-PRO-00588,2026-06-13,FALSE,
D002859,Line A,Pro,LineA-PRO-00609,2026-06-13,TRUE,solder_joint
D002891,Line A,Pro,LineA-PRO-00641,2026-06-13,FALSE,
D002919,Line A,Pro,LineA-PRO-00669,2026-06-13,FALSE,
D003057,Line A,Pro,LineA-PRO-00807,2026-06-13,FALSE,
D003088,Line A,Pro,LineA-PRO-00838,2026-06-13,FALSE,
D003225,Line A,Pro,LineA-PRO-00975,2026-06-13,FALSE,
D003534,Line A,Pro,LineA-PRO-01284,2026-06-13,TRUE,screen_dead_pixel
D003596,Line A,Pro,LineA-PRO-01346,2026-06-13,FALSE,
D003599,Line A,Pro,LineA-PRO-01349,2026-06-13,FALSE,
D003625,Line A,Pro,LineA-PRO-01375,2026-06-13,FALSE,
D003665,Line A,Pro,LineA-PRO-01415,2026-06-13,FALSE,
D003741,Line A,Pro,LineA-PRO-01491,2026-06-13,FALSE,
D003852,Line A,Pro,LineA-PRO-01602,2026-06-13,FALSE,
D003878,Line A,Pro,LineA-PRO-01628,2026-06-13,FALSE,
D004054,Line A,Pro,LineA-PRO-01804,2026-06-13,FALSE,
D004303,Line A,Pro,LineA-PRO-02053,2026-06-13,FALSE,
D004463,Line A,Pro,LineA-PRO-02213,2026-06-13,FALSE,
D004532,Line A,Pro,LineA-PRO-02282,2026-06-13,FALSE,
D004547,Line A,Pro,LineA-PRO-02297,2026-06-13,FALSE,
D004614,Line A,Pro,LineA-PRO-02364,2026-06-13,FALSE,
D004642,Line A,Pro,LineA-PRO-02392,2026-06-13,FALSE,
D004677,Line A,Pro,LineA-PRO-02427,2026-06-13,FALSE,
D004690,Line A,Pro,LineA-PRO-02440,2026-06-13,FALSE,
D004976,Line A,Pro,LineA-PRO-02726,2026-06-13,FALSE,
D005022,Line B,Standard,LineB-STA-00022,2026-06-13,FALSE,
D005111,Line B,Standard,LineB-STA-00111,2026-06-13,FALSE,
D005150,Line B,Standard,LineB-STA-00150,2026-06-13,FALSE,
D005313,Line B,Standard,LineB-STA-00313,2026-06-13,FALSE,
D005403,Line B,Standard,LineB-STA-00403,2026-06-13,FALSE,
D005428,Line B,Standard,LineB-STA-00428,2026-06-13,FALSE,
D005606,Line B,Standard,LineB-STA-00606,2026-06-13,FALSE,
D005912,Line B,Standard,LineB-STA-00912,2026-06-13,FALSE,
D005932,Line B,Standard,LineB-STA-00932,2026-06-13,FALSE,
D006058,Line B,Standard,LineB-STA-01058,2026-06-13,FALSE,
D006178,Line B,Standard,LineB-STA-01178,2026-06-13,FALSE,
D006187,Line B,Standard,LineB-STA-01187,2026-06-13,FALSE,
D006297,Line B,Standard,LineB-STA-01297,2026-06-13,FALSE,
D006352,Line B,Standard,LineB-STA-01352,2026-06-13,FALSE,
D006385,Line B,Standard,LineB-STA-01385,2026-06-13,FALSE,
D006686,Line B,Standard,LineB-STA-01686,2026-06-13,FALSE,
D006788,Line B,Standard,LineB-STA-01788,2026-06-13,FALSE,
D006795,Line B,Standard,LineB-STA-01795,2026-06-13,FALSE,
D006845,Line B,Standard,LineB-STA-01845,2026-06-13,FALSE,
D006858,Line B,Standard,LineB-STA-01858,2026-06-13,FALSE,
D006872,Line B,Standard,LineB-STA-01872,2026-06-13,FALSE,
D006880,Line B,Standard,LineB-STA-01880,2026-06-13,FALSE,
D006900,Line B,Standard,LineB-STA-01900,2026-06-13,FALSE,
D006902,Line B,Standard,LineB-STA-01902,2026-06-13,FALSE,
D007078,Line B,Standard,LineB-STA-02078,2026-06-13,FALSE,
D007104,Line B,Standard,LineB-STA-02104,2026-06-13,FALSE,
D007128,Line B,Standard,LineB-STA-02128,2026-06-13,FALSE,
D007134,Line B,Standard,LineB-STA-02134,2026-06-13,FALSE,
D007356,Line B,Standard,LineB-STA-02356,2026-06-13,FALSE,
D007372,Line B,Standard,LineB-STA-02372,2026-06-13,FALSE,
D007513,Line B,Standard,LineB-STA-02513,2026-06-13,FALSE,
D007550,Line B,Standard,LineB-STA-02550,2026-06-13,FALSE,
D007627,Line B,Standard,LineB-STA-02627,2026-06-13,FALSE,
D007694,Line B,Standard,LineB-STA-02694,2026-06-13,FALSE,
D007750,Line B,Standard,LineB-STA-02750,2026-06-13,FALSE,
D007789,Line B,Standard,LineB-STA-02789,2026-06-13,FALSE,
D007823,Line B,Standard,LineB-STA-02823,2026-06-13,FALSE,
D007852,Line B,Standard,LineB-STA-02852,2026-06-13,FALSE,
D008007,Line B,Standard,LineB-STA-03007,2026-06-13,FALSE,
D008190,Line B,Standard,LineB-STA-03190,2026-06-13,FALSE,
D008254,Line B,Standard,LineB-STA-03254,2026-06-13,FALSE,
D008298,Line B,Standard,LineB-STA-03298,2026-06-13,FALSE,
D008359,Line B,Standard,LineB-STA-03359,2026-06-13,FALSE,
D008532,Line B,Standard,LineB-STA-03532,2026-06-13,FALSE,
D008539,Line B,Standard,LineB-STA-03539,2026-06-13,FALSE,
D008897,Line B,Standard,LineB-STA-03897,2026-06-13,FALSE,
D008976,Line B,Standard,LineB-STA-03976,2026-06-13,FALSE,
D008989,Line B,Standard,LineB-STA-03989,2026-06-13,FALSE,
D009009,Line B,Standard,LineB-STA-04009,2026-06-13,FALSE,
D009217,Line B,Standard,LineB-STA-04217,2026-06-13,FALSE,
D009406,Line B,Pro,LineB-PRO-00156,2026-06-13,FALSE,
D009557,Line B,Pro,LineB-PRO-00307,2026-06-13,FALSE,
D009625,Line B,Pro,LineB-PRO-00375,2026-06-13,FALSE,
D009635,Line B,Pro,LineB-PRO-00385,2026-06-13,FALSE,
D009686,Line B,Pro,LineB-PRO-00436,2026-06-13,FALSE,
D009723,Line B,Pro,LineB-PRO-00473,2026-06-13,FALSE,
D009740,Line B,Pro,LineB-PRO-00490,2026-06-13,FALSE,
D009847,Line B,Pro,LineB-PRO-00597,2026-06-13,FALSE,
D009960,Line B,Pro,LineB-PRO-00710,2026-06-13,FALSE,
D009974,Line B,Pro,LineB-PRO-00724,2026-06-13,TRUE,solder_joint
D000078,Line A,Standard,LineA-STA-00078,2026-06-14,FALSE,
D000162,Line A,Standard,LineA-STA-00162,2026-06-14,FALSE,
D000171,Line A,Standard,LineA-STA-00171,2026-06-14,FALSE,
D000175,Line A,Standard,LineA-STA-00175,2026-06-14,FALSE,
D000368,Line A,Standard,LineA-STA-00368,2026-06-14,FALSE,
D000433,Line A,Standard,LineA-STA-00433,2026-06-14,FALSE,
D000455,Line A,Standard,LineA-STA-00455,2026-06-14,FALSE,
D000658,Line A,Standard,LineA-STA-00658,2026-06-14,FALSE,
D000659,Line A,Standard,LineA-STA-00659,2026-06-14,FALSE,
D000834,Line A,Standard,LineA-STA-00834,2026-06-14,FALSE,
D000975,Line A,Standard,LineA-STA-00975,2026-06-14,FALSE,
D001276,Line A,Standard,LineA-STA-01276,2026-06-14,FALSE,
D001627,Line A,Standard,LineA-STA-01627,2026-06-14,FALSE,
D001653,Line A,Standard,LineA-STA-01653,2026-06-14,FALSE,
D001713,Line A,Standard,LineA-STA-01713,2026-06-14,FALSE,
D001791,Line A,Standard,LineA-STA-01791,2026-06-14,FALSE,
D002102,Line A,Standard,LineA-STA-02102,2026-06-14,FALSE,
D002250,Line A,Standard,LineA-STA-02250,2026-06-14,FALSE,
D002320,Line A,Pro,LineA-PRO-00070,2026-06-14,FALSE,
D002338,Line A,Pro,LineA-PRO-00088,2026-06-14,FALSE,
D002363,Line A,Pro,LineA-PRO-00113,2026-06-14,FALSE,
D002453,Line A,Pro,LineA-PRO-00203,2026-06-14,FALSE,
D002642,Line A,Pro,LineA-PRO-00392,2026-06-14,FALSE,
D002697,Line A,Pro,LineA-PRO-00447,2026-06-14,FALSE,
D002785,Line A,Pro,LineA-PRO-00535,2026-06-14,FALSE,
D002803,Line A,Pro,LineA-PRO-00553,2026-06-14,FALSE,
D002855,Line A,Pro,LineA-PRO-00605,2026-06-14,FALSE,
D002892,Line A,Pro,LineA-PRO-00642,2026-06-14,FALSE,
D002952,Line A,Pro,LineA-PRO-00702,2026-06-14,FALSE,
D003019,Line A,Pro,LineA-PRO-00769,2026-06-14,FALSE,
D003112,Line A,Pro,LineA-PRO-00862,2026-06-14,FALSE,
D003185,Line A,Pro,LineA-PRO-00935,2026-06-14,FALSE,
D003213,Line A,Pro,LineA-PRO-00963,2026-06-14,FALSE,
D003229,Line A,Pro,LineA-PRO-00979,2026-06-14,FALSE,
D003267,Line A,Pro,LineA-PRO-01017,2026-06-14,FALSE,
D003347,Line A,Pro,LineA-PRO-01097,2026-06-14,FALSE,
D003357,Line A,Pro,LineA-PRO-01107,2026-06-14,FALSE,
D003447,Line A,Pro,LineA-PRO-01197,2026-06-14,FALSE,
D003554,Line A,Pro,LineA-PRO-01304,2026-06-14,FALSE,
D003630,Line A,Pro,LineA-PRO-01380,2026-06-14,FALSE,
D003745,Line A,Pro,LineA-PRO-01495,2026-06-14,FALSE,
D003755,Line A,Pro,LineA-PRO-01505,2026-06-14,FALSE,
D003934,Line A,Pro,LineA-PRO-01684,2026-06-14,FALSE,
D003978,Line A,Pro,LineA-PRO-01728,2026-06-14,TRUE,component_misalignment
D004050,Line A,Pro,LineA-PRO-01800,2026-06-14,TRUE,firmware_flash_fail
D004051,Line A,Pro,LineA-PRO-01801,2026-06-14,FALSE,
D004188,Line A,Pro,LineA-PRO-01938,2026-06-14,FALSE,
D004273,Line A,Pro,LineA-PRO-02023,2026-06-14,FALSE,
D004536,Line A,Pro,LineA-PRO-02286,2026-06-14,FALSE,
D004556,Line A,Pro,LineA-PRO-02306,2026-06-14,FALSE,
D004582,Line A,Pro,LineA-PRO-02332,2026-06-14,FALSE,
D004705,Line A,Pro,LineA-PRO-02455,2026-06-14,FALSE,
D004818,Line A,Pro,LineA-PRO-02568,2026-06-14,TRUE,battery_swell
D005008,Line B,Standard,LineB-STA-00008,2026-06-14,FALSE,
D005097,Line B,Standard,LineB-STA-00097,2026-06-14,FALSE,
D005236,Line B,Standard,LineB-STA-00236,2026-06-14,FALSE,
D005579,Line B,Standard,LineB-STA-00579,2026-06-14,FALSE,
D005835,Line B,Standard,LineB-STA-00835,2026-06-14,FALSE,
D005845,Line B,Standard,LineB-STA-00845,2026-06-14,FALSE,
D006274,Line B,Standard,LineB-STA-01274,2026-06-14,FALSE,
D006337,Line B,Standard,LineB-STA-01337,2026-06-14,FALSE,
D006437,Line B,Standard,LineB-STA-01437,2026-06-14,FALSE,
D006498,Line B,Standard,LineB-STA-01498,2026-06-14,FALSE,
D006501,Line B,Standard,LineB-STA-01501,2026-06-14,FALSE,
D006591,Line B,Standard,LineB-STA-01591,2026-06-14,FALSE,
D006592,Line B,Standard,LineB-STA-01592,2026-06-14,FALSE,
D006616,Line B,Standard,LineB-STA-01616,2026-06-14,FALSE,
D006892,Line B,Standard,LineB-STA-01892,2026-06-14,FALSE,
D006952,Line B,Standard,LineB-STA-01952,2026-06-14,FALSE,
D007112,Line B,Standard,LineB-STA-02112,2026-06-14,FALSE,
D007260,Line B,Standard,LineB-STA-02260,2026-06-14,FALSE,
D007296,Line B,Standard,LineB-STA-02296,2026-06-14,FALSE,
D007333,Line B,Standard,LineB-STA-02333,2026-06-14,FALSE,
D007361,Line B,Standard,LineB-STA-02361,2026-06-14,FALSE,
D007446,Line B,Standard,LineB-STA-02446,2026-06-14,FALSE,
D007510,Line B,Standard,LineB-STA-02510,2026-06-14,FALSE,
D007533,Line B,Standard,LineB-STA-02533,2026-06-14,FALSE,
D008147,Line B,Standard,LineB-STA-03147,2026-06-14,FALSE,
D008189,Line B,Standard,LineB-STA-03189,2026-06-14,FALSE,
D008308,Line B,Standard,LineB-STA-03308,2026-06-14,FALSE,
D008740,Line B,Standard,LineB-STA-03740,2026-06-14,FALSE,
D008746,Line B,Standard,LineB-STA-03746,2026-06-14,FALSE,
D008872,Line B,Standard,LineB-STA-03872,2026-06-14,FALSE,
D008941,Line B,Standard,LineB-STA-03941,2026-06-14,FALSE,
D009139,Line B,Standard,LineB-STA-04139,2026-06-14,TRUE,cosmetic_scratch
D009170,Line B,Standard,LineB-STA-04170,2026-06-14,FALSE,
D009229,Line B,Standard,LineB-STA-04229,2026-06-14,FALSE,
D009250,Line B,Standard,LineB-STA-04250,2026-06-14,FALSE,
D009305,Line B,Pro,LineB-PRO-00055,2026-06-14,FALSE,
D009418,Line B,Pro,LineB-PRO-00168,2026-06-14,FALSE,
D009444,Line B,Pro,LineB-PRO-00194,2026-06-14,FALSE,
D009627,Line B,Pro,LineB-PRO-00377,2026-06-14,TRUE,cosmetic_scratch
D009703,Line B,Pro,LineB-PRO-00453,2026-06-14,FALSE,
D009958,Line B,Pro,LineB-PRO-00708,2026-06-14,FALSE,
D000146,Line A,Standard,LineA-STA-00146,2026-06-15,FALSE,
D000271,Line A,Standard,LineA-STA-00271,2026-06-15,FALSE,
D000555,Line A,Standard,LineA-STA-00555,2026-06-15,FALSE,
D000611,Line A,Standard,LineA-STA-00611,2026-06-15,FALSE,
D000793,Line A,Standard,LineA-STA-00793,2026-06-15,FALSE,
D000948,Line A,Standard,LineA-STA-00948,2026-06-15,FALSE,
D001020,Line A,Standard,LineA-STA-01020,2026-06-15,FALSE,
D001080,Line A,Standard,LineA-STA-01080,2026-06-15,FALSE,
D001108,Line A,Standard,LineA-STA-01108,2026-06-15,FALSE,
D001119,Line A,Standard,LineA-STA-01119,2026-06-15,FALSE,
D001215,Line A,Standard,LineA-STA-01215,2026-06-15,FALSE,
D001344,Line A,Standard,LineA-STA-01344,2026-06-15,FALSE,
D001392,Line A,Standard,LineA-STA-01392,2026-06-15,FALSE,
D001444,Line A,Standard,LineA-STA-01444,2026-06-15,FALSE,
D001476,Line A,Standard,LineA-STA-01476,2026-06-15,FALSE,
D001589,Line A,Standard,LineA-STA-01589,2026-06-15,FALSE,
D001633,Line A,Standard,LineA-STA-01633,2026-06-15,FALSE,
D001714,Line A,Standard,LineA-STA-01714,2026-06-15,FALSE,
D001808,Line A,Standard,LineA-STA-01808,2026-06-15,FALSE,
D001812,Line A,Standard,LineA-STA-01812,2026-06-15,FALSE,
D001847,Line A,Standard,LineA-STA-01847,2026-06-15,FALSE,
D001858,Line A,Standard,LineA-STA-01858,2026-06-15,FALSE,
D001877,Line A,Standard,LineA-STA-01877,2026-06-15,FALSE,
D002039,Line A,Standard,LineA-STA-02039,2026-06-15,FALSE,
D002093,Line A,Standard,LineA-STA-02093,2026-06-15,FALSE,
D002101,Line A,Standard,LineA-STA-02101,2026-06-15,FALSE,
D002200,Line A,Standard,LineA-STA-02200,2026-06-15,FALSE,
D002254,Line A,Pro,LineA-PRO-00004,2026-06-15,FALSE,
D002387,Line A,Pro,LineA-PRO-00137,2026-06-15,FALSE,
D002459,Line A,Pro,LineA-PRO-00209,2026-06-15,TRUE,firmware_flash_fail
D002685,Line A,Pro,LineA-PRO-00435,2026-06-15,TRUE,component_misalignment
D002714,Line A,Pro,LineA-PRO-00464,2026-06-15,FALSE,
D002784,Line A,Pro,LineA-PRO-00534,2026-06-15,FALSE,
D002846,Line A,Pro,LineA-PRO-00596,2026-06-15,TRUE,screen_dead_pixel
D002857,Line A,Pro,LineA-PRO-00607,2026-06-15,FALSE,
D003022,Line A,Pro,LineA-PRO-00772,2026-06-15,FALSE,
D003156,Line A,Pro,LineA-PRO-00906,2026-06-15,FALSE,
D003166,Line A,Pro,LineA-PRO-00916,2026-06-15,FALSE,
D003338,Line A,Pro,LineA-PRO-01088,2026-06-15,FALSE,
D003373,Line A,Pro,LineA-PRO-01123,2026-06-15,FALSE,
D003432,Line A,Pro,LineA-PRO-01182,2026-06-15,FALSE,
D003448,Line A,Pro,LineA-PRO-01198,2026-06-15,FALSE,
D003542,Line A,Pro,LineA-PRO-01292,2026-06-15,FALSE,
D003550,Line A,Pro,LineA-PRO-01300,2026-06-15,FALSE,
D003571,Line A,Pro,LineA-PRO-01321,2026-06-15,FALSE,
D003592,Line A,Pro,LineA-PRO-01342,2026-06-15,FALSE,
D003632,Line A,Pro,LineA-PRO-01382,2026-06-15,FALSE,
D003768,Line A,Pro,LineA-PRO-01518,2026-06-15,FALSE,
D004069,Line A,Pro,LineA-PRO-01819,2026-06-15,FALSE,
D004202,Line A,Pro,LineA-PRO-01952,2026-06-15,FALSE,
D004294,Line A,Pro,LineA-PRO-02044,2026-06-15,FALSE,
D004329,Line A,Pro,LineA-PRO-02079,2026-06-15,FALSE,
D004514,Line A,Pro,LineA-PRO-02264,2026-06-15,FALSE,
D004577,Line A,Pro,LineA-PRO-02327,2026-06-15,FALSE,
D004628,Line A,Pro,LineA-PRO-02378,2026-06-15,FALSE,
D004712,Line A,Pro,LineA-PRO-02462,2026-06-15,FALSE,
D004759,Line A,Pro,LineA-PRO-02509,2026-06-15,FALSE,
D004778,Line A,Pro,LineA-PRO-02528,2026-06-15,FALSE,
D004929,Line A,Pro,LineA-PRO-02679,2026-06-15,FALSE,
D004995,Line A,Pro,LineA-PRO-02745,2026-06-15,FALSE,
D005054,Line B,Standard,LineB-STA-00054,2026-06-15,FALSE,
D005071,Line B,Standard,LineB-STA-00071,2026-06-15,FALSE,
D005076,Line B,Standard,LineB-STA-00076,2026-06-15,FALSE,
D005077,Line B,Standard,LineB-STA-00077,2026-06-15,FALSE,
D005086,Line B,Standard,LineB-STA-00086,2026-06-15,FALSE,
D005202,Line B,Standard,LineB-STA-00202,2026-06-15,FALSE,
D005388,Line B,Standard,LineB-STA-00388,2026-06-15,TRUE,capacitor_leak
D005448,Line B,Standard,LineB-STA-00448,2026-06-15,FALSE,
D005591,Line B,Standard,LineB-STA-00591,2026-06-15,FALSE,
D005602,Line B,Standard,LineB-STA-00602,2026-06-15,FALSE,
D005607,Line B,Standard,LineB-STA-00607,2026-06-15,FALSE,
D005688,Line B,Standard,LineB-STA-00688,2026-06-15,FALSE,
D005751,Line B,Standard,LineB-STA-00751,2026-06-15,FALSE,
D005796,Line B,Standard,LineB-STA-00796,2026-06-15,FALSE,
D005879,Line B,Standard,LineB-STA-00879,2026-06-15,FALSE,
D005885,Line B,Standard,LineB-STA-00885,2026-06-15,FALSE,
D005911,Line B,Standard,LineB-STA-00911,2026-06-15,FALSE,
D005934,Line B,Standard,LineB-STA-00934,2026-06-15,TRUE,solder_joint
D006006,Line B,Standard,LineB-STA-01006,2026-06-15,TRUE,solder_joint
D006094,Line B,Standard,LineB-STA-01094,2026-06-15,FALSE,
D006229,Line B,Standard,LineB-STA-01229,2026-06-15,FALSE,
D006514,Line B,Standard,LineB-STA-01514,2026-06-15,FALSE,
D006609,Line B,Standard,LineB-STA-01609,2026-06-15,FALSE,
D006622,Line B,Standard,LineB-STA-01622,2026-06-15,FALSE,
D006755,Line B,Standard,LineB-STA-01755,2026-06-15,FALSE,
D006766,Line B,Standard,LineB-STA-01766,2026-06-15,FALSE,
D006786,Line B,Standard,LineB-STA-01786,2026-06-15,FALSE,
D006947,Line B,Standard,LineB-STA-01947,2026-06-15,FALSE,
D007101,Line B,Standard,LineB-STA-02101,2026-06-15,FALSE,
D007250,Line B,Standard,LineB-STA-02250,2026-06-15,FALSE,
D007336,Line B,Standard,LineB-STA-02336,2026-06-15,FALSE,
D007556,Line B,Standard,LineB-STA-02556,2026-06-15,FALSE,
D007600,Line B,Standard,LineB-STA-02600,2026-06-15,FALSE,
D007606,Line B,Standard,LineB-STA-02606,2026-06-15,FALSE,
D007713,Line B,Standard,LineB-STA-02713,2026-06-15,FALSE,
D007744,Line B,Standard,LineB-STA-02744,2026-06-15,FALSE,
D007788,Line B,Standard,LineB-STA-02788,2026-06-15,FALSE,
D008185,Line B,Standard,LineB-STA-03185,2026-06-15,FALSE,
D008221,Line B,Standard,LineB-STA-03221,2026-06-15,TRUE,capacitor_leak
D008347,Line B,Standard,LineB-STA-03347,2026-06-15,FALSE,
D008372,Line B,Standard,LineB-STA-03372,2026-06-15,FALSE,
D008403,Line B,Standard,LineB-STA-03403,2026-06-15,FALSE,
D008424,Line B,Standard,LineB-STA-03424,2026-06-15,FALSE,
D008452,Line B,Standard,LineB-STA-03452,2026-06-15,FALSE,
D008542,Line B,Standard,LineB-STA-03542,2026-06-15,FALSE,
D008632,Line B,Standard,LineB-STA-03632,2026-06-15,FALSE,
D008736,Line B,Standard,LineB-STA-03736,2026-06-15,FALSE,
D008794,Line B,Standard,LineB-STA-03794,2026-06-15,FALSE,
D009065,Line B,Standard,LineB-STA-04065,2026-06-15,FALSE,
D009069,Line B,Standard,LineB-STA-04069,2026-06-15,FALSE,
D009086,Line B,Standard,LineB-STA-04086,2026-06-15,FALSE,
D009123,Line B,Standard,LineB-STA-04123,2026-06-15,FALSE,
D009295,Line B,Pro,LineB-PRO-00045,2026-06-15,FALSE,
D009315,Line B,Pro,LineB-PRO-00065,2026-06-15,FALSE,
D009386,Line B,Pro,LineB-PRO-00136,2026-06-15,FALSE,
D009393,Line B,Pro,LineB-PRO-00143,2026-06-15,FALSE,
D009400,Line B,Pro,LineB-PRO-00150,2026-06-15,FALSE,
D009409,Line B,Pro,LineB-PRO-00159,2026-06-15,FALSE,
D009540,Line B,Pro,LineB-PRO-00290,2026-06-15,FALSE,
D009573,Line B,Pro,LineB-PRO-00323,2026-06-15,FALSE,
D009653,Line B,Pro,LineB-PRO-00403,2026-06-15,FALSE,
D009662,Line B,Pro,LineB-PRO-00412,2026-06-15,FALSE,
D009718,Line B,Pro,LineB-PRO-00468,2026-06-15,FALSE,
D009801,Line B,Pro,LineB-PRO-00551,2026-06-15,FALSE,
D009871,Line B,Pro,LineB-PRO-00621,2026-06-15,FALSE,
D009925,Line B,Pro,LineB-PRO-00675,2026-06-15,FALSE,
D009930,Line B,Pro,LineB-PRO-00680,2026-06-15,FALSE,
D000083,Line A,Standard,LineA-STA-00083,2026-06-16,FALSE,
D000167,Line A,Standard,LineA-STA-00167,2026-06-16,FALSE,
D000409,Line A,Standard,LineA-STA-00409,2026-06-16,FALSE,
D000519,Line A,Standard,LineA-STA-00519,2026-06-16,FALSE,
D000522,Line A,Standard,LineA-STA-00522,2026-06-16,FALSE,
D000541,Line A,Standard,LineA-STA-00541,2026-06-16,FALSE,
D000872,Line A,Standard,LineA-STA-00872,2026-06-16,TRUE,label_misprint
D000906,Line A,Standard,LineA-STA-00906,2026-06-16,FALSE,
D000922,Line A,Standard,LineA-STA-00922,2026-06-16,FALSE,
D000973,Line A,Standard,LineA-STA-00973,2026-06-16,FALSE,
D000986,Line A,Standard,LineA-STA-00986,2026-06-16,FALSE,
D001104,Line A,Standard,LineA-STA-01104,2026-06-16,FALSE,
D001135,Line A,Standard,LineA-STA-01135,2026-06-16,FALSE,
D001232,Line A,Standard,LineA-STA-01232,2026-06-16,FALSE,
D001404,Line A,Standard,LineA-STA-01404,2026-06-16,FALSE,
D001405,Line A,Standard,LineA-STA-01405,2026-06-16,FALSE,
D001428,Line A,Standard,LineA-STA-01428,2026-06-16,FALSE,
D001783,Line A,Standard,LineA-STA-01783,2026-06-16,FALSE,
D001957,Line A,Standard,LineA-STA-01957,2026-06-16,FALSE,
D001997,Line A,Standard,LineA-STA-01997,2026-06-16,FALSE,
D002078,Line A,Standard,LineA-STA-02078,2026-06-16,FALSE,
D002196,Line A,Standard,LineA-STA-02196,2026-06-16,FALSE,
D002229,Line A,Standard,LineA-STA-02229,2026-06-16,FALSE,
D002357,Line A,Pro,LineA-PRO-00107,2026-06-16,FALSE,
D002402,Line A,Pro,LineA-PRO-00152,2026-06-16,TRUE,component_misalignment
D002488,Line A,Pro,LineA-PRO-00238,2026-06-16,FALSE,
D002491,Line A,Pro,LineA-PRO-00241,2026-06-16,TRUE,cosmetic_scratch
D002669,Line A,Pro,LineA-PRO-00419,2026-06-16,FALSE,
D002731,Line A,Pro,LineA-PRO-00481,2026-06-16,TRUE,component_misalignment
D003157,Line A,Pro,LineA-PRO-00907,2026-06-16,FALSE,
D003211,Line A,Pro,LineA-PRO-00961,2026-06-16,FALSE,
D003253,Line A,Pro,LineA-PRO-01003,2026-06-16,FALSE,
D003298,Line A,Pro,LineA-PRO-01048,2026-06-16,FALSE,
D003406,Line A,Pro,LineA-PRO-01156,2026-06-16,FALSE,
D003440,Line A,Pro,LineA-PRO-01190,2026-06-16,FALSE,
D003700,Line A,Pro,LineA-PRO-01450,2026-06-16,FALSE,
D003751,Line A,Pro,LineA-PRO-01501,2026-06-16,FALSE,
D003860,Line A,Pro,LineA-PRO-01610,2026-06-16,FALSE,
D003895,Line A,Pro,LineA-PRO-01645,2026-06-16,FALSE,
D003917,Line A,Pro,LineA-PRO-01667,2026-06-16,FALSE,
D003950,Line A,Pro,LineA-PRO-01700,2026-06-16,FALSE,
D003963,Line A,Pro,LineA-PRO-01713,2026-06-16,FALSE,
D004082,Line A,Pro,LineA-PRO-01832,2026-06-16,FALSE,
D004134,Line A,Pro,LineA-PRO-01884,2026-06-16,FALSE,
D004286,Line A,Pro,LineA-PRO-02036,2026-06-16,FALSE,
D004541,Line A,Pro,LineA-PRO-02291,2026-06-16,FALSE,
D004758,Line A,Pro,LineA-PRO-02508,2026-06-16,FALSE,
D004811,Line A,Pro,LineA-PRO-02561,2026-06-16,FALSE,
D004849,Line A,Pro,LineA-PRO-02599,2026-06-16,FALSE,
D004876,Line A,Pro,LineA-PRO-02626,2026-06-16,FALSE,
D005139,Line B,Standard,LineB-STA-00139,2026-06-16,FALSE,
D005252,Line B,Standard,LineB-STA-00252,2026-06-16,FALSE,
D005280,Line B,Standard,LineB-STA-00280,2026-06-16,FALSE,
D005469,Line B,Standard,LineB-STA-00469,2026-06-16,FALSE,
D005565,Line B,Standard,LineB-STA-00565,2026-06-16,FALSE,
D005919,Line B,Standard,LineB-STA-00919,2026-06-16,FALSE,
D005939,Line B,Standard,LineB-STA-00939,2026-06-16,FALSE,
D005999,Line B,Standard,LineB-STA-00999,2026-06-16,FALSE,
D006016,Line B,Standard,LineB-STA-01016,2026-06-16,FALSE,
D006110,Line B,Standard,LineB-STA-01110,2026-06-16,FALSE,
D006131,Line B,Standard,LineB-STA-01131,2026-06-16,FALSE,
D006214,Line B,Standard,LineB-STA-01214,2026-06-16,FALSE,
D006232,Line B,Standard,LineB-STA-01232,2026-06-16,FALSE,
D006307,Line B,Standard,LineB-STA-01307,2026-06-16,FALSE,
D006351,Line B,Standard,LineB-STA-01351,2026-06-16,FALSE,
D006366,Line B,Standard,LineB-STA-01366,2026-06-16,FALSE,
D006611,Line B,Standard,LineB-STA-01611,2026-06-16,FALSE,
D006629,Line B,Standard,LineB-STA-01629,2026-06-16,FALSE,
D006702,Line B,Standard,LineB-STA-01702,2026-06-16,FALSE,
D007008,Line B,Standard,LineB-STA-02008,2026-06-16,FALSE,
D007045,Line B,Standard,LineB-STA-02045,2026-06-16,FALSE,
D007191,Line B,Standard,LineB-STA-02191,2026-06-16,FALSE,
D007237,Line B,Standard,LineB-STA-02237,2026-06-16,FALSE,
D007276,Line B,Standard,LineB-STA-02276,2026-06-16,FALSE,
D007307,Line B,Standard,LineB-STA-02307,2026-06-16,FALSE,
D007462,Line B,Standard,LineB-STA-02462,2026-06-16,FALSE,
D007578,Line B,Standard,LineB-STA-02578,2026-06-16,FALSE,
D007616,Line B,Standard,LineB-STA-02616,2026-06-16,FALSE,
D007692,Line B,Standard,LineB-STA-02692,2026-06-16,FALSE,
D007845,Line B,Standard,LineB-STA-02845,2026-06-16,FALSE,
D007869,Line B,Standard,LineB-STA-02869,2026-06-16,FALSE,
D007929,Line B,Standard,LineB-STA-02929,2026-06-16,FALSE,
D008374,Line B,Standard,LineB-STA-03374,2026-06-16,FALSE,
D008506,Line B,Standard,LineB-STA-03506,2026-06-16,FALSE,
D008588,Line B,Standard,LineB-STA-03588,2026-06-16,FALSE,
D008620,Line B,Standard,LineB-STA-03620,2026-06-16,FALSE,
D008823,Line B,Standard,LineB-STA-03823,2026-06-16,FALSE,
D008924,Line B,Standard,LineB-STA-03924,2026-06-16,FALSE,
D008971,Line B,Standard,LineB-STA-03971,2026-06-16,FALSE,
D009056,Line B,Standard,LineB-STA-04056,2026-06-16,FALSE,
D009149,Line B,Standard,LineB-STA-04149,2026-06-16,FALSE,
D009440,Line B,Pro,LineB-PRO-00190,2026-06-16,FALSE,
D009570,Line B,Pro,LineB-PRO-00320,2026-06-16,TRUE,battery_swell
D009616,Line B,Pro,LineB-PRO-00366,2026-06-16,FALSE,
D009940,Line B,Pro,LineB-PRO-00690,2026-06-16,FALSE,
D000034,Line A,Standard,LineA-STA-00034,2026-06-17,FALSE,
D000124,Line A,Standard,LineA-STA-00124,2026-06-17,FALSE,
D000137,Line A,Standard,LineA-STA-00137,2026-06-17,FALSE,
D000317,Line A,Standard,LineA-STA-00317,2026-06-17,FALSE,
D000398,Line A,Standard,LineA-STA-00398,2026-06-17,FALSE,
D000606,Line A,Standard,LineA-STA-00606,2026-06-17,FALSE,
D000607,Line A,Standard,LineA-STA-00607,2026-06-17,FALSE,
D000626,Line A,Standard,LineA-STA-00626,2026-06-17,FALSE,
D000818,Line A,Standard,LineA-STA-00818,2026-06-17,FALSE,
D000926,Line A,Standard,LineA-STA-00926,2026-06-17,FALSE,
D001406,Line A,Standard,LineA-STA-01406,2026-06-17,FALSE,
D001414,Line A,Standard,LineA-STA-01414,2026-06-17,FALSE,
D001492,Line A,Standard,LineA-STA-01492,2026-06-17,FALSE,
D001677,Line A,Standard,LineA-STA-01677,2026-06-17,FALSE,
D001831,Line A,Standard,LineA-STA-01831,2026-06-17,FALSE,
D001892,Line A,Standard,LineA-STA-01892,2026-06-17,FALSE,
D001965,Line A,Standard,LineA-STA-01965,2026-06-17,FALSE,
D002116,Line A,Standard,LineA-STA-02116,2026-06-17,FALSE,
D002123,Line A,Standard,LineA-STA-02123,2026-06-17,FALSE,
D002151,Line A,Standard,LineA-STA-02151,2026-06-17,FALSE,
D002233,Line A,Standard,LineA-STA-02233,2026-06-17,FALSE,
D002292,Line A,Pro,LineA-PRO-00042,2026-06-17,FALSE,
D002304,Line A,Pro,LineA-PRO-00054,2026-06-17,FALSE,
D002385,Line A,Pro,LineA-PRO-00135,2026-06-17,FALSE,
D002495,Line A,Pro,LineA-PRO-00245,2026-06-17,FALSE,
D002834,Line A,Pro,LineA-PRO-00584,2026-06-17,FALSE,
D003109,Line A,Pro,LineA-PRO-00859,2026-06-17,FALSE,
D003128,Line A,Pro,LineA-PRO-00878,2026-06-17,FALSE,
D003129,Line A,Pro,LineA-PRO-00879,2026-06-17,FALSE,
D003336,Line A,Pro,LineA-PRO-01086,2026-06-17,FALSE,
D003455,Line A,Pro,LineA-PRO-01205,2026-06-17,FALSE,
D003479,Line A,Pro,LineA-PRO-01229,2026-06-17,FALSE,
D003732,Line A,Pro,LineA-PRO-01482,2026-06-17,FALSE,
D003789,Line A,Pro,LineA-PRO-01539,2026-06-17,FALSE,
D003833,Line A,Pro,LineA-PRO-01583,2026-06-17,FALSE,
D003961,Line A,Pro,LineA-PRO-01711,2026-06-17,FALSE,
D004100,Line A,Pro,LineA-PRO-01850,2026-06-17,FALSE,
D004120,Line A,Pro,LineA-PRO-01870,2026-06-17,FALSE,
D004211,Line A,Pro,LineA-PRO-01961,2026-06-17,FALSE,
D004228,Line A,Pro,LineA-PRO-01978,2026-06-17,FALSE,
D004332,Line A,Pro,LineA-PRO-02082,2026-06-17,FALSE,
D004355,Line A,Pro,LineA-PRO-02105,2026-06-17,FALSE,
D004388,Line A,Pro,LineA-PRO-02138,2026-06-17,FALSE,
D004609,Line A,Pro,LineA-PRO-02359,2026-06-17,FALSE,
D004648,Line A,Pro,LineA-PRO-02398,2026-06-17,FALSE,
D004709,Line A,Pro,LineA-PRO-02459,2026-06-17,FALSE,
D004856,Line A,Pro,LineA-PRO-02606,2026-06-17,FALSE,
D004907,Line A,Pro,LineA-PRO-02657,2026-06-17,FALSE,
D004925,Line A,Pro,LineA-PRO-02675,2026-06-17,FALSE,
D005011,Line B,Standard,LineB-STA-00011,2026-06-17,FALSE,
D005055,Line B,Standard,LineB-STA-00055,2026-06-17,FALSE,
D005127,Line B,Standard,LineB-STA-00127,2026-06-17,FALSE,
D005321,Line B,Standard,LineB-STA-00321,2026-06-17,FALSE,
D005385,Line B,Standard,LineB-STA-00385,2026-06-17,FALSE,
D005390,Line B,Standard,LineB-STA-00390,2026-06-17,FALSE,
D005535,Line B,Standard,LineB-STA-00535,2026-06-17,TRUE,connector_seating
D005608,Line B,Standard,LineB-STA-00608,2026-06-17,FALSE,
D005651,Line B,Standard,LineB-STA-00651,2026-06-17,FALSE,
D005696,Line B,Standard,LineB-STA-00696,2026-06-17,FALSE,
D005713,Line B,Standard,LineB-STA-00713,2026-06-17,FALSE,
D005771,Line B,Standard,LineB-STA-00771,2026-06-17,FALSE,
D006008,Line B,Standard,LineB-STA-01008,2026-06-17,TRUE,component_misalignment
D006075,Line B,Standard,LineB-STA-01075,2026-06-17,FALSE,
D006161,Line B,Standard,LineB-STA-01161,2026-06-17,TRUE,cosmetic_scratch
D006198,Line B,Standard,LineB-STA-01198,2026-06-17,FALSE,
D006227,Line B,Standard,LineB-STA-01227,2026-06-17,FALSE,
D006290,Line B,Standard,LineB-STA-01290,2026-06-17,FALSE,
D006390,Line B,Standard,LineB-STA-01390,2026-06-17,FALSE,
D006397,Line B,Standard,LineB-STA-01397,2026-06-17,FALSE,
D006416,Line B,Standard,LineB-STA-01416,2026-06-17,FALSE,
D006490,Line B,Standard,LineB-STA-01490,2026-06-17,FALSE,
D006538,Line B,Standard,LineB-STA-01538,2026-06-17,FALSE,
D006577,Line B,Standard,LineB-STA-01577,2026-06-17,FALSE,
D006765,Line B,Standard,LineB-STA-01765,2026-06-17,FALSE,
D006823,Line B,Standard,LineB-STA-01823,2026-06-17,FALSE,
D006912,Line B,Standard,LineB-STA-01912,2026-06-17,FALSE,
D006958,Line B,Standard,LineB-STA-01958,2026-06-17,FALSE,
D007061,Line B,Standard,LineB-STA-02061,2026-06-17,FALSE,
D007306,Line B,Standard,LineB-STA-02306,2026-06-17,FALSE,
D007344,Line B,Standard,LineB-STA-02344,2026-06-17,FALSE,
D007347,Line B,Standard,LineB-STA-02347,2026-06-17,FALSE,
D007352,Line B,Standard,LineB-STA-02352,2026-06-17,FALSE,
D007364,Line B,Standard,LineB-STA-02364,2026-06-17,FALSE,
D007542,Line B,Standard,LineB-STA-02542,2026-06-17,FALSE,
D007660,Line B,Standard,LineB-STA-02660,2026-06-17,FALSE,
D007719,Line B,Standard,LineB-STA-02719,2026-06-17,FALSE,
D007965,Line B,Standard,LineB-STA-02965,2026-06-17,FALSE,
D008217,Line B,Standard,LineB-STA-03217,2026-06-17,FALSE,
D008341,Line B,Standard,LineB-STA-03341,2026-06-17,FALSE,
D008407,Line B,Standard,LineB-STA-03407,2026-06-17,FALSE,
D008472,Line B,Standard,LineB-STA-03472,2026-06-17,FALSE,
D008486,Line B,Standard,LineB-STA-03486,2026-06-17,FALSE,
D008559,Line B,Standard,LineB-STA-03559,2026-06-17,TRUE,connector_seating
D008583,Line B,Standard,LineB-STA-03583,2026-06-17,FALSE,
D008589,Line B,Standard,LineB-STA-03589,2026-06-17,FALSE,
D008629,Line B,Standard,LineB-STA-03629,2026-06-17,TRUE,screen_dead_pixel
D008765,Line B,Standard,LineB-STA-03765,2026-06-17,FALSE,
D008777,Line B,Standard,LineB-STA-03777,2026-06-17,FALSE,
D008818,Line B,Standard,LineB-STA-03818,2026-06-17,FALSE,
D008956,Line B,Standard,LineB-STA-03956,2026-06-17,FALSE,
D009108,Line B,Standard,LineB-STA-04108,2026-06-17,FALSE,
D009179,Line B,Standard,LineB-STA-04179,2026-06-17,FALSE,
D009268,Line B,Pro,LineB-PRO-00018,2026-06-17,FALSE,
D009359,Line B,Pro,LineB-PRO-00109,2026-06-17,FALSE,
D009405,Line B,Pro,LineB-PRO-00155,2026-06-17,FALSE,
D009615,Line B,Pro,LineB-PRO-00365,2026-06-17,FALSE,
D009713,Line B,Pro,LineB-PRO-00463,2026-06-17,FALSE,
D009876,Line B,Pro,LineB-PRO-00626,2026-06-17,FALSE,
D000057,Line A,Standard,LineA-STA-00057,2026-06-18,FALSE,
D000113,Line A,Standard,LineA-STA-00113,2026-06-18,FALSE,
D000144,Line A,Standard,LineA-STA-00144,2026-06-18,FALSE,
D000200,Line A,Standard,LineA-STA-00200,2026-06-18,FALSE,
D000225,Line A,Standard,LineA-STA-00225,2026-06-18,FALSE,
D000270,Line A,Standard,LineA-STA-00270,2026-06-18,FALSE,
D000345,Line A,Standard,LineA-STA-00345,2026-06-18,FALSE,
D000392,Line A,Standard,LineA-STA-00392,2026-06-18,FALSE,
D000513,Line A,Standard,LineA-STA-00513,2026-06-18,FALSE,
D000711,Line A,Standard,LineA-STA-00711,2026-06-18,FALSE,
D000819,Line A,Standard,LineA-STA-00819,2026-06-18,TRUE,label_misprint
D000907,Line A,Standard,LineA-STA-00907,2026-06-18,FALSE,
D000996,Line A,Standard,LineA-STA-00996,2026-06-18,FALSE,
D001077,Line A,Standard,LineA-STA-01077,2026-06-18,FALSE,
D001106,Line A,Standard,LineA-STA-01106,2026-06-18,FALSE,
D001118,Line A,Standard,LineA-STA-01118,2026-06-18,FALSE,
D001219,Line A,Standard,LineA-STA-01219,2026-06-18,FALSE,
D001223,Line A,Standard,LineA-STA-01223,2026-06-18,FALSE,
D001376,Line A,Standard,LineA-STA-01376,2026-06-18,FALSE,
D001464,Line A,Standard,LineA-STA-01464,2026-06-18,FALSE,
D001491,Line A,Standard,LineA-STA-01491,2026-06-18,FALSE,
D001746,Line A,Standard,LineA-STA-01746,2026-06-18,FALSE,
D001748,Line A,Standard,LineA-STA-01748,2026-06-18,FALSE,
D001838,Line A,Standard,LineA-STA-01838,2026-06-18,FALSE,
D001873,Line A,Standard,LineA-STA-01873,2026-06-18,FALSE,
D001894,Line A,Standard,LineA-STA-01894,2026-06-18,FALSE,
D001958,Line A,Standard,LineA-STA-01958,2026-06-18,FALSE,
D002331,Line A,Pro,LineA-PRO-00081,2026-06-18,FALSE,
D002340,Line A,Pro,LineA-PRO-00090,2026-06-18,FALSE,
D002379,Line A,Pro,LineA-PRO-00129,2026-06-18,FALSE,
D002444,Line A,Pro,LineA-PRO-00194,2026-06-18,FALSE,
D002540,Line A,Pro,LineA-PRO-00290,2026-06-18,FALSE,
D002664,Line A,Pro,LineA-PRO-00414,2026-06-18,FALSE,
D002670,Line A,Pro,LineA-PRO-00420,2026-06-18,FALSE,
D002702,Line A,Pro,LineA-PRO-00452,2026-06-18,FALSE,
D002728,Line A,Pro,LineA-PRO-00478,2026-06-18,FALSE,
D002733,Line A,Pro,LineA-PRO-00483,2026-06-18,FALSE,
D002769,Line A,Pro,LineA-PRO-00519,2026-06-18,FALSE,
D002809,Line A,Pro,LineA-PRO-00559,2026-06-18,TRUE,screen_dead_pixel
D002837,Line A,Pro,LineA-PRO-00587,2026-06-18,TRUE,component_misalignment
D002917,Line A,Pro,LineA-PRO-00667,2026-06-18,FALSE,
D003283,Line A,Pro,LineA-PRO-01033,2026-06-18,FALSE,
D003351,Line A,Pro,LineA-PRO-01101,2026-06-18,FALSE,
D003544,Line A,Pro,LineA-PRO-01294,2026-06-18,FALSE,
D003612,Line A,Pro,LineA-PRO-01362,2026-06-18,FALSE,
D003673,Line A,Pro,LineA-PRO-01423,2026-06-18,FALSE,
D003883,Line A,Pro,LineA-PRO-01633,2026-06-18,FALSE,
D004003,Line A,Pro,LineA-PRO-01753,2026-06-18,FALSE,
D004139,Line A,Pro,LineA-PRO-01889,2026-06-18,FALSE,
D004232,Line A,Pro,LineA-PRO-01982,2026-06-18,FALSE,
D004295,Line A,Pro,LineA-PRO-02045,2026-06-18,FALSE,
D004395,Line A,Pro,LineA-PRO-02145,2026-06-18,FALSE,
D004396,Line A,Pro,LineA-PRO-02146,2026-06-18,FALSE,
D004479,Line A,Pro,LineA-PRO-02229,2026-06-18,FALSE,
D004740,Line A,Pro,LineA-PRO-02490,2026-06-18,FALSE,
D004833,Line A,Pro,LineA-PRO-02583,2026-06-18,FALSE,
D004895,Line A,Pro,LineA-PRO-02645,2026-06-18,FALSE,
D004944,Line A,Pro,LineA-PRO-02694,2026-06-18,FALSE,
D005056,Line B,Standard,LineB-STA-00056,2026-06-18,FALSE,
D005112,Line B,Standard,LineB-STA-00112,2026-06-18,FALSE,
D005225,Line B,Standard,LineB-STA-00225,2026-06-18,FALSE,
D005233,Line B,Standard,LineB-STA-00233,2026-06-18,FALSE,
D005317,Line B,Standard,LineB-STA-00317,2026-06-18,FALSE,
D005318,Line B,Standard,LineB-STA-00318,2026-06-18,FALSE,
D005453,Line B,Standard,LineB-STA-00453,2026-06-18,FALSE,
D005522,Line B,Standard,LineB-STA-00522,2026-06-18,FALSE,
D005532,Line B,Standard,LineB-STA-00532,2026-06-18,FALSE,
D005610,Line B,Standard,LineB-STA-00610,2026-06-18,FALSE,
D005619,Line B,Standard,LineB-STA-00619,2026-06-18,FALSE,
D005676,Line B,Standard,LineB-STA-00676,2026-06-18,FALSE,
D005725,Line B,Standard,LineB-STA-00725,2026-06-18,FALSE,
D005744,Line B,Standard,LineB-STA-00744,2026-06-18,FALSE,
D005909,Line B,Standard,LineB-STA-00909,2026-06-18,FALSE,
D006015,Line B,Standard,LineB-STA-01015,2026-06-18,FALSE,
D006098,Line B,Standard,LineB-STA-01098,2026-06-18,FALSE,
D006225,Line B,Standard,LineB-STA-01225,2026-06-18,FALSE,
D006348,Line B,Standard,LineB-STA-01348,2026-06-18,FALSE,
D006356,Line B,Standard,LineB-STA-01356,2026-06-18,FALSE,
D006624,Line B,Standard,LineB-STA-01624,2026-06-18,FALSE,
D006684,Line B,Standard,LineB-STA-01684,2026-06-18,FALSE,
D006695,Line B,Standard,LineB-STA-01695,2026-06-18,FALSE,
D006860,Line B,Standard,LineB-STA-01860,2026-06-18,FALSE,
D007073,Line B,Standard,LineB-STA-02073,2026-06-18,FALSE,
D007091,Line B,Standard,LineB-STA-02091,2026-06-18,FALSE,
D007215,Line B,Standard,LineB-STA-02215,2026-06-18,FALSE,
D007236,Line B,Standard,LineB-STA-02236,2026-06-18,FALSE,
D007284,Line B,Standard,LineB-STA-02284,2026-06-18,FALSE,
D007417,Line B,Standard,LineB-STA-02417,2026-06-18,FALSE,
D007475,Line B,Standard,LineB-STA-02475,2026-06-18,TRUE,label_misprint
D007500,Line B,Standard,LineB-STA-02500,2026-06-18,FALSE,
D007603,Line B,Standard,LineB-STA-02603,2026-06-18,FALSE,
D007609,Line B,Standard,LineB-STA-02609,2026-06-18,FALSE,
D007721,Line B,Standard,LineB-STA-02721,2026-06-18,FALSE,
D007776,Line B,Standard,LineB-STA-02776,2026-06-18,FALSE,
D007825,Line B,Standard,LineB-STA-02825,2026-06-18,FALSE,
D007925,Line B,Standard,LineB-STA-02925,2026-06-18,FALSE,
D008012,Line B,Standard,LineB-STA-03012,2026-06-18,FALSE,
D008018,Line B,Standard,LineB-STA-03018,2026-06-18,FALSE,
D008123,Line B,Standard,LineB-STA-03123,2026-06-18,FALSE,
D008124,Line B,Standard,LineB-STA-03124,2026-06-18,FALSE,
D008315,Line B,Standard,LineB-STA-03315,2026-06-18,FALSE,
D008504,Line B,Standard,LineB-STA-03504,2026-06-18,FALSE,
D008543,Line B,Standard,LineB-STA-03543,2026-06-18,FALSE,
D008654,Line B,Standard,LineB-STA-03654,2026-06-18,FALSE,
D008828,Line B,Standard,LineB-STA-03828,2026-06-18,FALSE,
D009068,Line B,Standard,LineB-STA-04068,2026-06-18,FALSE,
D009117,Line B,Standard,LineB-STA-04117,2026-06-18,FALSE,
D009254,Line B,Pro,LineB-PRO-00004,2026-06-18,TRUE,battery_swell
D009256,Line B,Pro,LineB-PRO-00006,2026-06-18,FALSE,
D009369,Line B,Pro,LineB-PRO-00119,2026-06-18,FALSE,
D009387,Line B,Pro,LineB-PRO-00137,2026-06-18,FALSE,
D009388,Line B,Pro,LineB-PRO-00138,2026-06-18,FALSE,
D009503,Line B,Pro,LineB-PRO-00253,2026-06-18,FALSE,
D009694,Line B,Pro,LineB-PRO-00444,2026-06-18,FALSE,
D009707,Line B,Pro,LineB-PRO-00457,2026-06-18,FALSE,
D009846,Line B,Pro,LineB-PRO-00596,2026-06-18,FALSE,
D009936,Line B,Pro,LineB-PRO-00686,2026-06-18,FALSE,
D000011,Line A,Standard,LineA-STA-00011,2026-06-19,FALSE,
D000180,Line A,Standard,LineA-STA-00180,2026-06-19,FALSE,
D000708,Line A,Standard,LineA-STA-00708,2026-06-19,FALSE,
D000738,Line A,Standard,LineA-STA-00738,2026-06-19,FALSE,
D000838,Line A,Standard,LineA-STA-00838,2026-06-19,FALSE,
D000915,Line A,Standard,LineA-STA-00915,2026-06-19,FALSE,
D001113,Line A,Standard,LineA-STA-01113,2026-06-19,FALSE,
D001155,Line A,Standard,LineA-STA-01155,2026-06-19,FALSE,
D001585,Line A,Standard,LineA-STA-01585,2026-06-19,FALSE,
D001747,Line A,Standard,LineA-STA-01747,2026-06-19,FALSE,
D002061,Line A,Standard,LineA-STA-02061,2026-06-19,FALSE,
D002092,Line A,Standard,LineA-STA-02092,2026-06-19,FALSE,
D002248,Line A,Standard,LineA-STA-02248,2026-06-19,FALSE,
D002294,Line A,Pro,LineA-PRO-00044,2026-06-19,FALSE,
D002369,Line A,Pro,LineA-PRO-00119,2026-06-19,FALSE,
D002485,Line A,Pro,LineA-PRO-00235,2026-06-19,FALSE,
D002651,Line A,Pro,LineA-PRO-00401,2026-06-19,FALSE,
D002744,Line A,Pro,LineA-PRO-00494,2026-06-19,FALSE,
D002923,Line A,Pro,LineA-PRO-00673,2026-06-19,FALSE,
D002934,Line A,Pro,LineA-PRO-00684,2026-06-19,FALSE,
D003042,Line A,Pro,LineA-PRO-00792,2026-06-19,FALSE,
D003104,Line A,Pro,LineA-PRO-00854,2026-06-19,TRUE,firmware_flash_fail
D003484,Line A,Pro,LineA-PRO-01234,2026-06-19,FALSE,
D003485,Line A,Pro,LineA-PRO-01235,2026-06-19,FALSE,
D003628,Line A,Pro,LineA-PRO-01378,2026-06-19,FALSE,
D003654,Line A,Pro,LineA-PRO-01404,2026-06-19,FALSE,
D003893,Line A,Pro,LineA-PRO-01643,2026-06-19,FALSE,
D003930,Line A,Pro,LineA-PRO-01680,2026-06-19,FALSE,
D003969,Line A,Pro,LineA-PRO-01719,2026-06-19,FALSE,
D004087,Line A,Pro,LineA-PRO-01837,2026-06-19,FALSE,
D004206,Line A,Pro,LineA-PRO-01956,2026-06-19,TRUE,connector_seating
D004231,Line A,Pro,LineA-PRO-01981,2026-06-19,FALSE,
D004313,Line A,Pro,LineA-PRO-02063,2026-06-19,FALSE,
D004344,Line A,Pro,LineA-PRO-02094,2026-06-19,FALSE,
D004374,Line A,Pro,LineA-PRO-02124,2026-06-19,FALSE,
D004485,Line A,Pro,LineA-PRO-02235,2026-06-19,FALSE,
D004486,Line A,Pro,LineA-PRO-02236,2026-06-19,FALSE,
D004660,Line A,Pro,LineA-PRO-02410,2026-06-19,FALSE,
D004662,Line A,Pro,LineA-PRO-02412,2026-06-19,FALSE,
D004688,Line A,Pro,LineA-PRO-02438,2026-06-19,FALSE,
D004804,Line A,Pro,LineA-PRO-02554,2026-06-19,FALSE,
D005563,Line B,Standard,LineB-STA-00563,2026-06-19,FALSE,
D005582,Line B,Standard,LineB-STA-00582,2026-06-19,FALSE,
D006150,Line B,Standard,LineB-STA-01150,2026-06-19,FALSE,
D006273,Line B,Standard,LineB-STA-01273,2026-06-19,FALSE,
D006276,Line B,Standard,LineB-STA-01276,2026-06-19,FALSE,
D006345,Line B,Standard,LineB-STA-01345,2026-06-19,FALSE,
D006349,Line B,Standard,LineB-STA-01349,2026-06-19,TRUE,battery_swell
D006509,Line B,Standard,LineB-STA-01509,2026-06-19,FALSE,
D006745,Line B,Standard,LineB-STA-01745,2026-06-19,FALSE,
D006883,Line B,Standard,LineB-STA-01883,2026-06-19,FALSE,
D007032,Line B,Standard,LineB-STA-02032,2026-06-19,FALSE,
D007211,Line B,Standard,LineB-STA-02211,2026-06-19,FALSE,
D007427,Line B,Standard,LineB-STA-02427,2026-06-19,FALSE,
D007456,Line B,Standard,LineB-STA-02456,2026-06-19,FALSE,
D007553,Line B,Standard,LineB-STA-02553,2026-06-19,FALSE,
D007683,Line B,Standard,LineB-STA-02683,2026-06-19,FALSE,
D007703,Line B,Standard,LineB-STA-02703,2026-06-19,FALSE,
D007847,Line B,Standard,LineB-STA-02847,2026-06-19,FALSE,
D007981,Line B,Standard,LineB-STA-02981,2026-06-19,FALSE,
D008073,Line B,Standard,LineB-STA-03073,2026-06-19,FALSE,
D008088,Line B,Standard,LineB-STA-03088,2026-06-19,FALSE,
D008145,Line B,Standard,LineB-STA-03145,2026-06-19,FALSE,
D008163,Line B,Standard,LineB-STA-03163,2026-06-19,FALSE,
D008204,Line B,Standard,LineB-STA-03204,2026-06-19,FALSE,
D008220,Line B,Standard,LineB-STA-03220,2026-06-19,FALSE,
D008252,Line B,Standard,LineB-STA-03252,2026-06-19,FALSE,
D008305,Line B,Standard,LineB-STA-03305,2026-06-19,FALSE,
D008395,Line B,Standard,LineB-STA-03395,2026-06-19,FALSE,
D008503,Line B,Standard,LineB-STA-03503,2026-06-19,TRUE,capacitor_leak
D008553,Line B,Standard,LineB-STA-03553,2026-06-19,FALSE,
D008575,Line B,Standard,LineB-STA-03575,2026-06-19,FALSE,
D008756,Line B,Standard,LineB-STA-03756,2026-06-19,FALSE,
D008832,Line B,Standard,LineB-STA-03832,2026-06-19,FALSE,
D009064,Line B,Standard,LineB-STA-04064,2026-06-19,FALSE,
D009087,Line B,Standard,LineB-STA-04087,2026-06-19,FALSE,
D009515,Line B,Pro,LineB-PRO-00265,2026-06-19,FALSE,
D009539,Line B,Pro,LineB-PRO-00289,2026-06-19,TRUE,screen_dead_pixel
D009580,Line B,Pro,LineB-PRO-00330,2026-06-19,FALSE,
D009883,Line B,Pro,LineB-PRO-00633,2026-06-19,FALSE,
D009992,Line B,Pro,LineB-PRO-00742,2026-06-19,FALSE,
D000014,Line A,Standard,LineA-STA-00014,2026-06-20,TRUE,battery_swell
D000165,Line A,Standard,LineA-STA-00165,2026-06-20,FALSE,
D000179,Line A,Standard,LineA-STA-00179,2026-06-20,FALSE,
D000557,Line A,Standard,LineA-STA-00557,2026-06-20,FALSE,
D000697,Line A,Standard,LineA-STA-00697,2026-06-20,FALSE,
D000904,Line A,Standard,LineA-STA-00904,2026-06-20,FALSE,
D001069,Line A,Standard,LineA-STA-01069,2026-06-20,FALSE,
D001220,Line A,Standard,LineA-STA-01220,2026-06-20,FALSE,
D001261,Line A,Standard,LineA-STA-01261,2026-06-20,FALSE,
D001305,Line A,Standard,LineA-STA-01305,2026-06-20,FALSE,
D001330,Line A,Standard,LineA-STA-01330,2026-06-20,FALSE,
D001382,Line A,Standard,LineA-STA-01382,2026-06-20,FALSE,
D001454,Line A,Standard,LineA-STA-01454,2026-06-20,FALSE,
D001522,Line A,Standard,LineA-STA-01522,2026-06-20,FALSE,
D001710,Line A,Standard,LineA-STA-01710,2026-06-20,FALSE,
D001766,Line A,Standard,LineA-STA-01766,2026-06-20,FALSE,
D001996,Line A,Standard,LineA-STA-01996,2026-06-20,FALSE,
D002076,Line A,Standard,LineA-STA-02076,2026-06-20,FALSE,
D002256,Line A,Pro,LineA-PRO-00006,2026-06-20,FALSE,
D002362,Line A,Pro,LineA-PRO-00112,2026-06-20,TRUE,screen_dead_pixel
D002588,Line A,Pro,LineA-PRO-00338,2026-06-20,FALSE,
D002609,Line A,Pro,LineA-PRO-00359,2026-06-20,FALSE,
D002614,Line A,Pro,LineA-PRO-00364,2026-06-20,FALSE,
D002659,Line A,Pro,LineA-PRO-00409,2026-06-20,FALSE,
D002701,Line A,Pro,LineA-PRO-00451,2026-06-20,FALSE,
D002750,Line A,Pro,LineA-PRO-00500,2026-06-20,FALSE,
D002816,Line A,Pro,LineA-PRO-00566,2026-06-20,FALSE,
D002901,Line A,Pro,LineA-PRO-00651,2026-06-20,FALSE,
D002906,Line A,Pro,LineA-PRO-00656,2026-06-20,FALSE,
D002998,Line A,Pro,LineA-PRO-00748,2026-06-20,FALSE,
D003218,Line A,Pro,LineA-PRO-00968,2026-06-20,FALSE,
D003468,Line A,Pro,LineA-PRO-01218,2026-06-20,FALSE,
D003556,Line A,Pro,LineA-PRO-01306,2026-06-20,FALSE,
D003661,Line A,Pro,LineA-PRO-01411,2026-06-20,FALSE,
D003676,Line A,Pro,LineA-PRO-01426,2026-06-20,FALSE,
D003842,Line A,Pro,LineA-PRO-01592,2026-06-20,FALSE,
D003849,Line A,Pro,LineA-PRO-01599,2026-06-20,FALSE,
D003884,Line A,Pro,LineA-PRO-01634,2026-06-20,FALSE,
D004080,Line A,Pro,LineA-PRO-01830,2026-06-20,FALSE,
D004142,Line A,Pro,LineA-PRO-01892,2026-06-20,FALSE,
D004154,Line A,Pro,LineA-PRO-01904,2026-06-20,FALSE,
D004256,Line A,Pro,LineA-PRO-02006,2026-06-20,FALSE,
D004282,Line A,Pro,LineA-PRO-02032,2026-06-20,FALSE,
D004403,Line A,Pro,LineA-PRO-02153,2026-06-20,FALSE,
D004433,Line A,Pro,LineA-PRO-02183,2026-06-20,TRUE,firmware_flash_fail
D004465,Line A,Pro,LineA-PRO-02215,2026-06-20,FALSE,
D004523,Line A,Pro,LineA-PRO-02273,2026-06-20,FALSE,
D004538,Line A,Pro,LineA-PRO-02288,2026-06-20,FALSE,
D004678,Line A,Pro,LineA-PRO-02428,2026-06-20,FALSE,
D004816,Line A,Pro,LineA-PRO-02566,2026-06-20,FALSE,
D004896,Line A,Pro,LineA-PRO-02646,2026-06-20,FALSE,
D004988,Line A,Pro,LineA-PRO-02738,2026-06-20,FALSE,
D004989,Line A,Pro,LineA-PRO-02739,2026-06-20,FALSE,
D004996,Line A,Pro,LineA-PRO-02746,2026-06-20,FALSE,
D005024,Line B,Standard,LineB-STA-00024,2026-06-20,FALSE,
D005063,Line B,Standard,LineB-STA-00063,2026-06-20,FALSE,
D005179,Line B,Standard,LineB-STA-00179,2026-06-20,FALSE,
D005195,Line B,Standard,LineB-STA-00195,2026-06-20,FALSE,
D005198,Line B,Standard,LineB-STA-00198,2026-06-20,FALSE,
D005235,Line B,Standard,LineB-STA-00235,2026-06-20,FALSE,
D005250,Line B,Standard,LineB-STA-00250,2026-06-20,FALSE,
D005365,Line B,Standard,LineB-STA-00365,2026-06-20,FALSE,
D005441,Line B,Standard,LineB-STA-00441,2026-06-20,FALSE,
D005506,Line B,Standard,LineB-STA-00506,2026-06-20,FALSE,
D005573,Line B,Standard,LineB-STA-00573,2026-06-20,FALSE,
D005709,Line B,Standard,LineB-STA-00709,2026-06-20,FALSE,
D005714,Line B,Standard,LineB-STA-00714,2026-06-20,FALSE,
D005797,Line B,Standard,LineB-STA-00797,2026-06-20,FALSE,
D005841,Line B,Standard,LineB-STA-00841,2026-06-20,FALSE,
D005874,Line B,Standard,LineB-STA-00874,2026-06-20,FALSE,
D005890,Line B,Standard,LineB-STA-00890,2026-06-20,FALSE,
D006257,Line B,Standard,LineB-STA-01257,2026-06-20,FALSE,
D006311,Line B,Standard,LineB-STA-01311,2026-06-20,FALSE,
D006360,Line B,Standard,LineB-STA-01360,2026-06-20,FALSE,
D006429,Line B,Standard,LineB-STA-01429,2026-06-20,FALSE,
D006553,Line B,Standard,LineB-STA-01553,2026-06-20,FALSE,
D006632,Line B,Standard,LineB-STA-01632,2026-06-20,FALSE,
D006649,Line B,Standard,LineB-STA-01649,2026-06-20,FALSE,
D007029,Line B,Standard,LineB-STA-02029,2026-06-20,FALSE,
D007115,Line B,Standard,LineB-STA-02115,2026-06-20,FALSE,
D007133,Line B,Standard,LineB-STA-02133,2026-06-20,FALSE,
D007275,Line B,Standard,LineB-STA-02275,2026-06-20,FALSE,
D007293,Line B,Standard,LineB-STA-02293,2026-06-20,FALSE,
D007376,Line B,Standard,LineB-STA-02376,2026-06-20,FALSE,
D007384,Line B,Standard,LineB-STA-02384,2026-06-20,FALSE,
D007512,Line B,Standard,LineB-STA-02512,2026-06-20,FALSE,
D007764,Line B,Standard,LineB-STA-02764,2026-06-20,FALSE,
D007854,Line B,Standard,LineB-STA-02854,2026-06-20,FALSE,
D007871,Line B,Standard,LineB-STA-02871,2026-06-20,FALSE,
D007956,Line B,Standard,LineB-STA-02956,2026-06-20,FALSE,
D007999,Line B,Standard,LineB-STA-02999,2026-06-20,FALSE,
D008049,Line B,Standard,LineB-STA-03049,2026-06-20,FALSE,
D008126,Line B,Standard,LineB-STA-03126,2026-06-20,FALSE,
D008168,Line B,Standard,LineB-STA-03168,2026-06-20,FALSE,
D008309,Line B,Standard,LineB-STA-03309,2026-06-20,FALSE,
D008311,Line B,Standard,LineB-STA-03311,2026-06-20,FALSE,
D008334,Line B,Standard,LineB-STA-03334,2026-06-20,FALSE,
D008497,Line B,Standard,LineB-STA-03497,2026-06-20,FALSE,
D008500,Line B,Standard,LineB-STA-03500,2026-06-20,FALSE,
D008538,Line B,Standard,LineB-STA-03538,2026-06-20,FALSE,
D008616,Line B,Standard,LineB-STA-03616,2026-06-20,FALSE,
D008647,Line B,Standard,LineB-STA-03647,2026-06-20,FALSE,
D008755,Line B,Standard,LineB-STA-03755,2026-06-20,FALSE,
D008800,Line B,Standard,LineB-STA-03800,2026-06-20,FALSE,
D008969,Line B,Standard,LineB-STA-03969,2026-06-20,FALSE,
D008974,Line B,Standard,LineB-STA-03974,2026-06-20,FALSE,
D009102,Line B,Standard,LineB-STA-04102,2026-06-20,FALSE,
D009367,Line B,Pro,LineB-PRO-00117,2026-06-20,FALSE,
D009401,Line B,Pro,LineB-PRO-00151,2026-06-20,FALSE,
D009527,Line B,Pro,LineB-PRO-00277,2026-06-20,FALSE,
D009673,Line B,Pro,LineB-PRO-00423,2026-06-20,FALSE,
D009849,Line B,Pro,LineB-PRO-00599,2026-06-20,FALSE,
D009873,Line B,Pro,LineB-PRO-00623,2026-06-20,FALSE,
D009942,Line B,Pro,LineB-PRO-00692,2026-06-20,FALSE,
D009973,Line B,Pro,LineB-PRO-00723,2026-06-20,FALSE,
D009998,Line B,Pro,LineB-PRO-00748,2026-06-20,FALSE,
D000012,Line A,Standard,LineA-STA-00012,2026-06-21,FALSE,
D000277,Line A,Standard,LineA-STA-00277,2026-06-21,TRUE,firmware_flash_fail
D000346,Line A,Standard,LineA-STA-00346,2026-06-21,FALSE,
D000389,Line A,Standard,LineA-STA-00389,2026-06-21,FALSE,
D000709,Line A,Standard,LineA-STA-00709,2026-06-21,FALSE,
D000764,Line A,Standard,LineA-STA-00764,2026-06-21,FALSE,
D000823,Line A,Standard,LineA-STA-00823,2026-06-21,FALSE,
D000936,Line A,Standard,LineA-STA-00936,2026-06-21,FALSE,
D000963,Line A,Standard,LineA-STA-00963,2026-06-21,FALSE,
D000987,Line A,Standard,LineA-STA-00987,2026-06-21,FALSE,
D001072,Line A,Standard,LineA-STA-01072,2026-06-21,FALSE,
D001102,Line A,Standard,LineA-STA-01102,2026-06-21,FALSE,
D001142,Line A,Standard,LineA-STA-01142,2026-06-21,FALSE,
D001266,Line A,Standard,LineA-STA-01266,2026-06-21,FALSE,
D001280,Line A,Standard,LineA-STA-01280,2026-06-21,FALSE,
D001427,Line A,Standard,LineA-STA-01427,2026-06-21,FALSE,
D001461,Line A,Standard,LineA-STA-01461,2026-06-21,FALSE,
D001477,Line A,Standard,LineA-STA-01477,2026-06-21,FALSE,
D001601,Line A,Standard,LineA-STA-01601,2026-06-21,FALSE,
D001630,Line A,Standard,LineA-STA-01630,2026-06-21,FALSE,
D001865,Line A,Standard,LineA-STA-01865,2026-06-21,FALSE,
D001896,Line A,Standard,LineA-STA-01896,2026-06-21,FALSE,
D001906,Line A,Standard,LineA-STA-01906,2026-06-21,FALSE,
D001910,Line A,Standard,LineA-STA-01910,2026-06-21,FALSE,
D002004,Line A,Standard,LineA-STA-02004,2026-06-21,FALSE,
D002189,Line A,Standard,LineA-STA-02189,2026-06-21,FALSE,
D002336,Line A,Pro,LineA-PRO-00086,2026-06-21,FALSE,
D002406,Line A,Pro,LineA-PRO-00156,2026-06-21,FALSE,
D002442,Line A,Pro,LineA-PRO-00192,2026-06-21,TRUE,housing_crack
D002510,Line A,Pro,LineA-PRO-00260,2026-06-21,FALSE,
D002556,Line A,Pro,LineA-PRO-00306,2026-06-21,FALSE,
D002721,Line A,Pro,LineA-PRO-00471,2026-06-21,FALSE,
D002836,Line A,Pro,LineA-PRO-00586,2026-06-21,FALSE,
D002904,Line A,Pro,LineA-PRO-00654,2026-06-21,FALSE,
D003170,Line A,Pro,LineA-PRO-00920,2026-06-21,TRUE,connector_seating
D003195,Line A,Pro,LineA-PRO-00945,2026-06-21,TRUE,screen_dead_pixel
D003242,Line A,Pro,LineA-PRO-00992,2026-06-21,FALSE,
D003248,Line A,Pro,LineA-PRO-00998,2026-06-21,FALSE,
D003618,Line A,Pro,LineA-PRO-01368,2026-06-21,FALSE,
D003671,Line A,Pro,LineA-PRO-01421,2026-06-21,FALSE,
D003691,Line A,Pro,LineA-PRO-01441,2026-06-21,FALSE,
D003797,Line A,Pro,LineA-PRO-01547,2026-06-21,FALSE,
D004014,Line A,Pro,LineA-PRO-01764,2026-06-21,FALSE,
D004509,Line A,Pro,LineA-PRO-02259,2026-06-21,FALSE,
D004584,Line A,Pro,LineA-PRO-02334,2026-06-21,FALSE,
D004652,Line A,Pro,LineA-PRO-02402,2026-06-21,FALSE,
D004773,Line A,Pro,LineA-PRO-02523,2026-06-21,FALSE,
D004790,Line A,Pro,LineA-PRO-02540,2026-06-21,FALSE,
D004838,Line A,Pro,LineA-PRO-02588,2026-06-21,FALSE,
D004911,Line A,Pro,LineA-PRO-02661,2026-06-21,FALSE,
D005197,Line B,Standard,LineB-STA-00197,2026-06-21,FALSE,
D005216,Line B,Standard,LineB-STA-00216,2026-06-21,FALSE,
D005238,Line B,Standard,LineB-STA-00238,2026-06-21,FALSE,
D005307,Line B,Standard,LineB-STA-00307,2026-06-21,FALSE,
D005569,Line B,Standard,LineB-STA-00569,2026-06-21,FALSE,
D005654,Line B,Standard,LineB-STA-00654,2026-06-21,FALSE,
D005735,Line B,Standard,LineB-STA-00735,2026-06-21,FALSE,
D005775,Line B,Standard,LineB-STA-00775,2026-06-21,FALSE,
D005802,Line B,Standard,LineB-STA-00802,2026-06-21,TRUE,housing_crack
D006073,Line B,Standard,LineB-STA-01073,2026-06-21,FALSE,
D006129,Line B,Standard,LineB-STA-01129,2026-06-21,FALSE,
D006143,Line B,Standard,LineB-STA-01143,2026-06-21,FALSE,
D006166,Line B,Standard,LineB-STA-01166,2026-06-21,FALSE,
D006215,Line B,Standard,LineB-STA-01215,2026-06-21,FALSE,
D006231,Line B,Standard,LineB-STA-01231,2026-06-21,FALSE,
D006343,Line B,Standard,LineB-STA-01343,2026-06-21,FALSE,
D006480,Line B,Standard,LineB-STA-01480,2026-06-21,FALSE,
D006494,Line B,Standard,LineB-STA-01494,2026-06-21,FALSE,
D006544,Line B,Standard,LineB-STA-01544,2026-06-21,FALSE,
D006598,Line B,Standard,LineB-STA-01598,2026-06-21,FALSE,
D006623,Line B,Standard,LineB-STA-01623,2026-06-21,FALSE,
D006667,Line B,Standard,LineB-STA-01667,2026-06-21,FALSE,
D006771,Line B,Standard,LineB-STA-01771,2026-06-21,FALSE,
D006847,Line B,Standard,LineB-STA-01847,2026-06-21,FALSE,
D007062,Line B,Standard,LineB-STA-02062,2026-06-21,FALSE,
D007121,Line B,Standard,LineB-STA-02121,2026-06-21,FALSE,
D007209,Line B,Standard,LineB-STA-02209,2026-06-21,FALSE,
D007210,Line B,Standard,LineB-STA-02210,2026-06-21,FALSE,
D007269,Line B,Standard,LineB-STA-02269,2026-06-21,FALSE,
D007316,Line B,Standard,LineB-STA-02316,2026-06-21,FALSE,
D007321,Line B,Standard,LineB-STA-02321,2026-06-21,FALSE,
D007403,Line B,Standard,LineB-STA-02403,2026-06-21,FALSE,
D007424,Line B,Standard,LineB-STA-02424,2026-06-21,FALSE,
D007429,Line B,Standard,LineB-STA-02429,2026-06-21,FALSE,
D007653,Line B,Standard,LineB-STA-02653,2026-06-21,FALSE,
D007682,Line B,Standard,LineB-STA-02682,2026-06-21,FALSE,
D007824,Line B,Standard,LineB-STA-02824,2026-06-21,FALSE,
D007882,Line B,Standard,LineB-STA-02882,2026-06-21,TRUE,cosmetic_scratch
D008021,Line B,Standard,LineB-STA-03021,2026-06-21,FALSE,
D008031,Line B,Standard,LineB-STA-03031,2026-06-21,FALSE,
D008212,Line B,Standard,LineB-STA-03212,2026-06-21,FALSE,
D008371,Line B,Standard,LineB-STA-03371,2026-06-21,FALSE,
D008527,Line B,Standard,LineB-STA-03527,2026-06-21,FALSE,
D008571,Line B,Standard,LineB-STA-03571,2026-06-21,FALSE,
D008721,Line B,Standard,LineB-STA-03721,2026-06-21,FALSE,
D008862,Line B,Standard,LineB-STA-03862,2026-06-21,FALSE,
D008937,Line B,Standard,LineB-STA-03937,2026-06-21,FALSE,
D009015,Line B,Standard,LineB-STA-04015,2026-06-21,FALSE,
D009034,Line B,Standard,LineB-STA-04034,2026-06-21,FALSE,
D009067,Line B,Standard,LineB-STA-04067,2026-06-21,FALSE,
D009192,Line B,Standard,LineB-STA-04192,2026-06-21,FALSE,
D009438,Line B,Pro,LineB-PRO-00188,2026-06-21,FALSE,
D009484,Line B,Pro,LineB-PRO-00234,2026-06-21,FALSE,
D009582,Line B,Pro,LineB-PRO-00332,2026-06-21,FALSE,
D009766,Line B,Pro,LineB-PRO-00516,2026-06-21,FALSE,
D000004,Line A,Standard,LineA-STA-00004,2026-06-22,FALSE,
D000016,Line A,Standard,LineA-STA-00016,2026-06-22,FALSE,
D000222,Line A,Standard,LineA-STA-00222,2026-06-22,FALSE,
D000298,Line A,Standard,LineA-STA-00298,2026-06-22,FALSE,
D000322,Line A,Standard,LineA-STA-00322,2026-06-22,FALSE,
D000335,Line A,Standard,LineA-STA-00335,2026-06-22,FALSE,
D000471,Line A,Standard,LineA-STA-00471,2026-06-22,FALSE,
D000472,Line A,Standard,LineA-STA-00472,2026-06-22,FALSE,
D000564,Line A,Standard,LineA-STA-00564,2026-06-22,FALSE,
D000595,Line A,Standard,LineA-STA-00595,2026-06-22,FALSE,
D000676,Line A,Standard,LineA-STA-00676,2026-06-22,FALSE,
D000687,Line A,Standard,LineA-STA-00687,2026-06-22,FALSE,
D000771,Line A,Standard,LineA-STA-00771,2026-06-22,FALSE,
D000995,Line A,Standard,LineA-STA-00995,2026-06-22,FALSE,
D000999,Line A,Standard,LineA-STA-00999,2026-06-22,FALSE,
D001001,Line A,Standard,LineA-STA-01001,2026-06-22,FALSE,
D001054,Line A,Standard,LineA-STA-01054,2026-06-22,FALSE,
D001145,Line A,Standard,LineA-STA-01145,2026-06-22,FALSE,
D001370,Line A,Standard,LineA-STA-01370,2026-06-22,FALSE,
D001400,Line A,Standard,LineA-STA-01400,2026-06-22,FALSE,
D001419,Line A,Standard,LineA-STA-01419,2026-06-22,FALSE,
D001480,Line A,Standard,LineA-STA-01480,2026-06-22,FALSE,
D001711,Line A,Standard,LineA-STA-01711,2026-06-22,FALSE,
D001720,Line A,Standard,LineA-STA-01720,2026-06-22,FALSE,
D001750,Line A,Standard,LineA-STA-01750,2026-06-22,FALSE,
D001763,Line A,Standard,LineA-STA-01763,2026-06-22,FALSE,
D002152,Line A,Standard,LineA-STA-02152,2026-06-22,FALSE,
D002216,Line A,Standard,LineA-STA-02216,2026-06-22,FALSE,
D002236,Line A,Standard,LineA-STA-02236,2026-06-22,FALSE,
D002280,Line A,Pro,LineA-PRO-00030,2026-06-22,TRUE,solder_joint
D002288,Line A,Pro,LineA-PRO-00038,2026-06-22,FALSE,
D002412,Line A,Pro,LineA-PRO-00162,2026-06-22,FALSE,
D002499,Line A,Pro,LineA-PRO-00249,2026-06-22,FALSE,
D002533,Line A,Pro,LineA-PRO-00283,2026-06-22,FALSE,
D002541,Line A,Pro,LineA-PRO-00291,2026-06-22,FALSE,
D002589,Line A,Pro,LineA-PRO-00339,2026-06-22,FALSE,
D002597,Line A,Pro,LineA-PRO-00347,2026-06-22,FALSE,
D002625,Line A,Pro,LineA-PRO-00375,2026-06-22,FALSE,
D002884,Line A,Pro,LineA-PRO-00634,2026-06-22,FALSE,
D002939,Line A,Pro,LineA-PRO-00689,2026-06-22,FALSE,
D003008,Line A,Pro,LineA-PRO-00758,2026-06-22,FALSE,
D003016,Line A,Pro,LineA-PRO-00766,2026-06-22,FALSE,
D003085,Line A,Pro,LineA-PRO-00835,2026-06-22,TRUE,connector_seating
D003110,Line A,Pro,LineA-PRO-00860,2026-06-22,FALSE,
D003204,Line A,Pro,LineA-PRO-00954,2026-06-22,FALSE,
D003450,Line A,Pro,LineA-PRO-01200,2026-06-22,FALSE,
D003569,Line A,Pro,LineA-PRO-01319,2026-06-22,FALSE,
D003696,Line A,Pro,LineA-PRO-01446,2026-06-22,FALSE,
D003715,Line A,Pro,LineA-PRO-01465,2026-06-22,TRUE,solder_joint
D003725,Line A,Pro,LineA-PRO-01475,2026-06-22,FALSE,
D003788,Line A,Pro,LineA-PRO-01538,2026-06-22,FALSE,
D003816,Line A,Pro,LineA-PRO-01566,2026-06-22,FALSE,
D003840,Line A,Pro,LineA-PRO-01590,2026-06-22,FALSE,
D003841,Line A,Pro,LineA-PRO-01591,2026-06-22,TRUE,component_misalignment
D003844,Line A,Pro,LineA-PRO-01594,2026-06-22,FALSE,
D003882,Line A,Pro,LineA-PRO-01632,2026-06-22,FALSE,
D003936,Line A,Pro,LineA-PRO-01686,2026-06-22,FALSE,
D004094,Line A,Pro,LineA-PRO-01844,2026-06-22,FALSE,
D004150,Line A,Pro,LineA-PRO-01900,2026-06-22,FALSE,
D004155,Line A,Pro,LineA-PRO-01905,2026-06-22,FALSE,
D004308,Line A,Pro,LineA-PRO-02058,2026-06-22,FALSE,
D004314,Line A,Pro,LineA-PRO-02064,2026-06-22,FALSE,
D004413,Line A,Pro,LineA-PRO-02163,2026-06-22,FALSE,
D004461,Line A,Pro,LineA-PRO-02211,2026-06-22,FALSE,
D004482,Line A,Pro,LineA-PRO-02232,2026-06-22,FALSE,
D004673,Line A,Pro,LineA-PRO-02423,2026-06-22,FALSE,
D004682,Line A,Pro,LineA-PRO-02432,2026-06-22,FALSE,
D004684,Line A,Pro,LineA-PRO-02434,2026-06-22,FALSE,
D004854,Line A,Pro,LineA-PRO-02604,2026-06-22,FALSE,
D004951,Line A,Pro,LineA-PRO-02701,2026-06-22,FALSE,
D005437,Line B,Standard,LineB-STA-00437,2026-06-22,FALSE,
D005587,Line B,Standard,LineB-STA-00587,2026-06-22,FALSE,
D005603,Line B,Standard,LineB-STA-00603,2026-06-22,FALSE,
D005699,Line B,Standard,LineB-STA-00699,2026-06-22,FALSE,
D005701,Line B,Standard,LineB-STA-00701,2026-06-22,FALSE,
D005719,Line B,Standard,LineB-STA-00719,2026-06-22,FALSE,
D005808,Line B,Standard,LineB-STA-00808,2026-06-22,FALSE,
D005838,Line B,Standard,LineB-STA-00838,2026-06-22,FALSE,
D005854,Line B,Standard,LineB-STA-00854,2026-06-22,FALSE,
D005898,Line B,Standard,LineB-STA-00898,2026-06-22,FALSE,
D006019,Line B,Standard,LineB-STA-01019,2026-06-22,FALSE,
D006395,Line B,Standard,LineB-STA-01395,2026-06-22,FALSE,
D006417,Line B,Standard,LineB-STA-01417,2026-06-22,FALSE,
D006512,Line B,Standard,LineB-STA-01512,2026-06-22,FALSE,
D006521,Line B,Standard,LineB-STA-01521,2026-06-22,FALSE,
D006620,Line B,Standard,LineB-STA-01620,2026-06-22,FALSE,
D006639,Line B,Standard,LineB-STA-01639,2026-06-22,TRUE,connector_seating
D006724,Line B,Standard,LineB-STA-01724,2026-06-22,FALSE,
D006826,Line B,Standard,LineB-STA-01826,2026-06-22,FALSE,
D006871,Line B,Standard,LineB-STA-01871,2026-06-22,FALSE,
D006988,Line B,Standard,LineB-STA-01988,2026-06-22,FALSE,
D006993,Line B,Standard,LineB-STA-01993,2026-06-22,FALSE,
D007162,Line B,Standard,LineB-STA-02162,2026-06-22,FALSE,
D007247,Line B,Standard,LineB-STA-02247,2026-06-22,FALSE,
D007354,Line B,Standard,LineB-STA-02354,2026-06-22,FALSE,
D007369,Line B,Standard,LineB-STA-02369,2026-06-22,FALSE,
D007409,Line B,Standard,LineB-STA-02409,2026-06-22,FALSE,
D007450,Line B,Standard,LineB-STA-02450,2026-06-22,FALSE,
D007493,Line B,Standard,LineB-STA-02493,2026-06-22,FALSE,
D007546,Line B,Standard,LineB-STA-02546,2026-06-22,FALSE,
D007652,Line B,Standard,LineB-STA-02652,2026-06-22,FALSE,
D007756,Line B,Standard,LineB-STA-02756,2026-06-22,FALSE,
D007792,Line B,Standard,LineB-STA-02792,2026-06-22,FALSE,
D007946,Line B,Standard,LineB-STA-02946,2026-06-22,FALSE,
D008008,Line B,Standard,LineB-STA-03008,2026-06-22,FALSE,
D008078,Line B,Standard,LineB-STA-03078,2026-06-22,FALSE,
D008113,Line B,Standard,LineB-STA-03113,2026-06-22,FALSE,
D008586,Line B,Standard,LineB-STA-03586,2026-06-22,FALSE,
D008609,Line B,Standard,LineB-STA-03609,2026-06-22,FALSE,
D008649,Line B,Standard,LineB-STA-03649,2026-06-22,FALSE,
D008656,Line B,Standard,LineB-STA-03656,2026-06-22,FALSE,
D008688,Line B,Standard,LineB-STA-03688,2026-06-22,FALSE,
D008702,Line B,Standard,LineB-STA-03702,2026-06-22,FALSE,
D008707,Line B,Standard,LineB-STA-03707,2026-06-22,FALSE,
D008799,Line B,Standard,LineB-STA-03799,2026-06-22,FALSE,
D008845,Line B,Standard,LineB-STA-03845,2026-06-22,FALSE,
D008961,Line B,Standard,LineB-STA-03961,2026-06-22,FALSE,
D009016,Line B,Standard,LineB-STA-04016,2026-06-22,FALSE,
D009263,Line B,Pro,LineB-PRO-00013,2026-06-22,FALSE,
D009311,Line B,Pro,LineB-PRO-00061,2026-06-22,FALSE,
D009462,Line B,Pro,LineB-PRO-00212,2026-06-22,FALSE,
D009549,Line B,Pro,LineB-PRO-00299,2026-06-22,FALSE,
D009712,Line B,Pro,LineB-PRO-00462,2026-06-22,FALSE,
D009753,Line B,Pro,LineB-PRO-00503,2026-06-22,FALSE,
D009805,Line B,Pro,LineB-PRO-00555,2026-06-22,FALSE,
D009819,Line B,Pro,LineB-PRO-00569,2026-06-22,FALSE,
D009823,Line B,Pro,LineB-PRO-00573,2026-06-22,FALSE,
D009929,Line B,Pro,LineB-PRO-00679,2026-06-22,FALSE,
D000007,Line A,Standard,LineA-STA-00007,2026-06-23,FALSE,
D000084,Line A,Standard,LineA-STA-00084,2026-06-23,FALSE,
D000170,Line A,Standard,LineA-STA-00170,2026-06-23,FALSE,
D000258,Line A,Standard,LineA-STA-00258,2026-06-23,FALSE,
D000290,Line A,Standard,LineA-STA-00290,2026-06-23,FALSE,
D000293,Line A,Standard,LineA-STA-00293,2026-06-23,FALSE,
D000301,Line A,Standard,LineA-STA-00301,2026-06-23,FALSE,
D000372,Line A,Standard,LineA-STA-00372,2026-06-23,FALSE,
D000484,Line A,Standard,LineA-STA-00484,2026-06-23,FALSE,
D000637,Line A,Standard,LineA-STA-00637,2026-06-23,FALSE,
D000671,Line A,Standard,LineA-STA-00671,2026-06-23,FALSE,
D000755,Line A,Standard,LineA-STA-00755,2026-06-23,FALSE,
D000756,Line A,Standard,LineA-STA-00756,2026-06-23,FALSE,
D000921,Line A,Standard,LineA-STA-00921,2026-06-23,FALSE,
D001165,Line A,Standard,LineA-STA-01165,2026-06-23,FALSE,
D001204,Line A,Standard,LineA-STA-01204,2026-06-23,FALSE,
D001248,Line A,Standard,LineA-STA-01248,2026-06-23,FALSE,
D001317,Line A,Standard,LineA-STA-01317,2026-06-23,FALSE,
D001322,Line A,Standard,LineA-STA-01322,2026-06-23,FALSE,
D001335,Line A,Standard,LineA-STA-01335,2026-06-23,FALSE,
D001377,Line A,Standard,LineA-STA-01377,2026-06-23,FALSE,
D001478,Line A,Standard,LineA-STA-01478,2026-06-23,FALSE,
D001552,Line A,Standard,LineA-STA-01552,2026-06-23,TRUE,capacitor_leak
D001867,Line A,Standard,LineA-STA-01867,2026-06-23,FALSE,
D001936,Line A,Standard,LineA-STA-01936,2026-06-23,FALSE,
D001963,Line A,Standard,LineA-STA-01963,2026-06-23,FALSE,
D002113,Line A,Standard,LineA-STA-02113,2026-06-23,FALSE,
D002221,Line A,Standard,LineA-STA-02221,2026-06-23,FALSE,
D002445,Line A,Pro,LineA-PRO-00195,2026-06-23,FALSE,
D002452,Line A,Pro,LineA-PRO-00202,2026-06-23,FALSE,
D002555,Line A,Pro,LineA-PRO-00305,2026-06-23,FALSE,
D002637,Line A,Pro,LineA-PRO-00387,2026-06-23,FALSE,
D002648,Line A,Pro,LineA-PRO-00398,2026-06-23,FALSE,
D002655,Line A,Pro,LineA-PRO-00405,2026-06-23,FALSE,
D002713,Line A,Pro,LineA-PRO-00463,2026-06-23,FALSE,
D002950,Line A,Pro,LineA-PRO-00700,2026-06-23,FALSE,
D003197,Line A,Pro,LineA-PRO-00947,2026-06-23,FALSE,
D003642,Line A,Pro,LineA-PRO-01392,2026-06-23,FALSE,
D003858,Line A,Pro,LineA-PRO-01608,2026-06-23,FALSE,
D004086,Line A,Pro,LineA-PRO-01836,2026-06-23,FALSE,
D004222,Line A,Pro,LineA-PRO-01972,2026-06-23,FALSE,
D004251,Line A,Pro,LineA-PRO-02001,2026-06-23,FALSE,
D004253,Line A,Pro,LineA-PRO-02003,2026-06-23,FALSE,
D004340,Line A,Pro,LineA-PRO-02090,2026-06-23,FALSE,
D004487,Line A,Pro,LineA-PRO-02237,2026-06-23,TRUE,screen_dead_pixel
D004490,Line A,Pro,LineA-PRO-02240,2026-06-23,FALSE,
D004528,Line A,Pro,LineA-PRO-02278,2026-06-23,FALSE,
D004783,Line A,Pro,LineA-PRO-02533,2026-06-23,FALSE,
D004806,Line A,Pro,LineA-PRO-02556,2026-06-23,FALSE,
D004866,Line A,Pro,LineA-PRO-02616,2026-06-23,FALSE,
D004867,Line A,Pro,LineA-PRO-02617,2026-06-23,FALSE,
D004953,Line A,Pro,LineA-PRO-02703,2026-06-23,FALSE,
D005080,Line B,Standard,LineB-STA-00080,2026-06-23,TRUE,screen_dead_pixel
D005332,Line B,Standard,LineB-STA-00332,2026-06-23,FALSE,
D005372,Line B,Standard,LineB-STA-00372,2026-06-23,FALSE,
D005402,Line B,Standard,LineB-STA-00402,2026-06-23,FALSE,
D005480,Line B,Standard,LineB-STA-00480,2026-06-23,FALSE,
D005525,Line B,Standard,LineB-STA-00525,2026-06-23,FALSE,
D005667,Line B,Standard,LineB-STA-00667,2026-06-23,FALSE,
D005743,Line B,Standard,LineB-STA-00743,2026-06-23,FALSE,
D006031,Line B,Standard,LineB-STA-01031,2026-06-23,FALSE,
D006053,Line B,Standard,LineB-STA-01053,2026-06-23,FALSE,
D006065,Line B,Standard,LineB-STA-01065,2026-06-23,FALSE,
D006173,Line B,Standard,LineB-STA-01173,2026-06-23,FALSE,
D006332,Line B,Standard,LineB-STA-01332,2026-06-23,FALSE,
D006338,Line B,Standard,LineB-STA-01338,2026-06-23,FALSE,
D006367,Line B,Standard,LineB-STA-01367,2026-06-23,FALSE,
D006430,Line B,Standard,LineB-STA-01430,2026-06-23,FALSE,
D006570,Line B,Standard,LineB-STA-01570,2026-06-23,FALSE,
D006701,Line B,Standard,LineB-STA-01701,2026-06-23,FALSE,
D006861,Line B,Standard,LineB-STA-01861,2026-06-23,FALSE,
D006897,Line B,Standard,LineB-STA-01897,2026-06-23,FALSE,
D006982,Line B,Standard,LineB-STA-01982,2026-06-23,FALSE,
D006987,Line B,Standard,LineB-STA-01987,2026-06-23,FALSE,
D007143,Line B,Standard,LineB-STA-02143,2026-06-23,FALSE,
D007564,Line B,Standard,LineB-STA-02564,2026-06-23,FALSE,
D007620,Line B,Standard,LineB-STA-02620,2026-06-23,FALSE,
D007857,Line B,Standard,LineB-STA-02857,2026-06-23,FALSE,
D008005,Line B,Standard,LineB-STA-03005,2026-06-23,FALSE,
D008085,Line B,Standard,LineB-STA-03085,2026-06-23,FALSE,
D008234,Line B,Standard,LineB-STA-03234,2026-06-23,FALSE,
D008384,Line B,Standard,LineB-STA-03384,2026-06-23,FALSE,
D008608,Line B,Standard,LineB-STA-03608,2026-06-23,FALSE,
D008773,Line B,Standard,LineB-STA-03773,2026-06-23,TRUE,connector_seating
D008778,Line B,Standard,LineB-STA-03778,2026-06-23,FALSE,
D008852,Line B,Standard,LineB-STA-03852,2026-06-23,FALSE,
D008913,Line B,Standard,LineB-STA-03913,2026-06-23,FALSE,
D009137,Line B,Standard,LineB-STA-04137,2026-06-23,TRUE,solder_joint
D009161,Line B,Standard,LineB-STA-04161,2026-06-23,FALSE,
D009281,Line B,Pro,LineB-PRO-00031,2026-06-23,FALSE,
D009320,Line B,Pro,LineB-PRO-00070,2026-06-23,FALSE,
D009414,Line B,Pro,LineB-PRO-00164,2026-06-23,FALSE,
D009457,Line B,Pro,LineB-PRO-00207,2026-06-23,FALSE,
D009562,Line B,Pro,LineB-PRO-00312,2026-06-23,FALSE,
D009669,Line B,Pro,LineB-PRO-00419,2026-06-23,FALSE,
D009742,Line B,Pro,LineB-PRO-00492,2026-06-23,FALSE,
D000209,Line A,Standard,LineA-STA-00209,2026-06-24,FALSE,
D000481,Line A,Standard,LineA-STA-00481,2026-06-24,FALSE,
D000511,Line A,Standard,LineA-STA-00511,2026-06-24,FALSE,
D000547,Line A,Standard,LineA-STA-00547,2026-06-24,FALSE,
D000713,Line A,Standard,LineA-STA-00713,2026-06-24,FALSE,
D000835,Line A,Standard,LineA-STA-00835,2026-06-24,FALSE,
D000967,Line A,Standard,LineA-STA-00967,2026-06-24,FALSE,
D000991,Line A,Standard,LineA-STA-00991,2026-06-24,FALSE,
D001073,Line A,Standard,LineA-STA-01073,2026-06-24,FALSE,
D001410,Line A,Standard,LineA-STA-01410,2026-06-24,FALSE,
D001495,Line A,Standard,LineA-STA-01495,2026-06-24,FALSE,
D001606,Line A,Standard,LineA-STA-01606,2026-06-24,FALSE,
D001637,Line A,Standard,LineA-STA-01637,2026-06-24,FALSE,
D001796,Line A,Standard,LineA-STA-01796,2026-06-24,FALSE,
D001856,Line A,Standard,LineA-STA-01856,2026-06-24,FALSE,
D001978,Line A,Standard,LineA-STA-01978,2026-06-24,FALSE,
D001995,Line A,Standard,LineA-STA-01995,2026-06-24,FALSE,
D002013,Line A,Standard,LineA-STA-02013,2026-06-24,FALSE,
D002264,Line A,Pro,LineA-PRO-00014,2026-06-24,FALSE,
D002283,Line A,Pro,LineA-PRO-00033,2026-06-24,FALSE,
D002367,Line A,Pro,LineA-PRO-00117,2026-06-24,FALSE,
D002389,Line A,Pro,LineA-PRO-00139,2026-06-24,FALSE,
D002489,Line A,Pro,LineA-PRO-00239,2026-06-24,FALSE,
D002498,Line A,Pro,LineA-PRO-00248,2026-06-24,FALSE,
D002508,Line A,Pro,LineA-PRO-00258,2026-06-24,FALSE,
D002603,Line A,Pro,LineA-PRO-00353,2026-06-24,FALSE,
D002751,Line A,Pro,LineA-PRO-00501,2026-06-24,FALSE,
D003325,Line A,Pro,LineA-PRO-01075,2026-06-24,FALSE,
D003488,Line A,Pro,LineA-PRO-01238,2026-06-24,FALSE,
D003493,Line A,Pro,LineA-PRO-01243,2026-06-24,FALSE,
D003516,Line A,Pro,LineA-PRO-01266,2026-06-24,FALSE,
D003530,Line A,Pro,LineA-PRO-01280,2026-06-24,FALSE,
D003565,Line A,Pro,LineA-PRO-01315,2026-06-24,FALSE,
D003584,Line A,Pro,LineA-PRO-01334,2026-06-24,FALSE,
D003647,Line A,Pro,LineA-PRO-01397,2026-06-24,FALSE,
D003668,Line A,Pro,LineA-PRO-01418,2026-06-24,FALSE,
D003722,Line A,Pro,LineA-PRO-01472,2026-06-24,FALSE,
D004013,Line A,Pro,LineA-PRO-01763,2026-06-24,FALSE,
D004049,Line A,Pro,LineA-PRO-01799,2026-06-24,FALSE,
D004077,Line A,Pro,LineA-PRO-01827,2026-06-24,FALSE,
D004083,Line A,Pro,LineA-PRO-01833,2026-06-24,FALSE,
D004183,Line A,Pro,LineA-PRO-01933,2026-06-24,FALSE,
D004193,Line A,Pro,LineA-PRO-01943,2026-06-24,TRUE,screen_dead_pixel
D004227,Line A,Pro,LineA-PRO-01977,2026-06-24,FALSE,
D004333,Line A,Pro,LineA-PRO-02083,2026-06-24,FALSE,
D004460,Line A,Pro,LineA-PRO-02210,2026-06-24,FALSE,
D004466,Line A,Pro,LineA-PRO-02216,2026-06-24,FALSE,
D004698,Line A,Pro,LineA-PRO-02448,2026-06-24,FALSE,
D004844,Line A,Pro,LineA-PRO-02594,2026-06-24,FALSE,
D004921,Line A,Pro,LineA-PRO-02671,2026-06-24,FALSE,
D005194,Line B,Standard,LineB-STA-00194,2026-06-24,FALSE,
D005242,Line B,Standard,LineB-STA-00242,2026-06-24,FALSE,
D005265,Line B,Standard,LineB-STA-00265,2026-06-24,FALSE,
D005271,Line B,Standard,LineB-STA-00271,2026-06-24,FALSE,
D005588,Line B,Standard,LineB-STA-00588,2026-06-24,FALSE,
D005873,Line B,Standard,LineB-STA-00873,2026-06-24,FALSE,
D005884,Line B,Standard,LineB-STA-00884,2026-06-24,FALSE,
D005946,Line B,Standard,LineB-STA-00946,2026-06-24,FALSE,
D005957,Line B,Standard,LineB-STA-00957,2026-06-24,FALSE,
D006209,Line B,Standard,LineB-STA-01209,2026-06-24,FALSE,
D006442,Line B,Standard,LineB-STA-01442,2026-06-24,FALSE,
D006696,Line B,Standard,LineB-STA-01696,2026-06-24,FALSE,
D006732,Line B,Standard,LineB-STA-01732,2026-06-24,FALSE,
D006758,Line B,Standard,LineB-STA-01758,2026-06-24,FALSE,
D006797,Line B,Standard,LineB-STA-01797,2026-06-24,FALSE,
D006921,Line B,Standard,LineB-STA-01921,2026-06-24,FALSE,
D007010,Line B,Standard,LineB-STA-02010,2026-06-24,FALSE,
D007070,Line B,Standard,LineB-STA-02070,2026-06-24,FALSE,
D007086,Line B,Standard,LineB-STA-02086,2026-06-24,FALSE,
D007110,Line B,Standard,LineB-STA-02110,2026-06-24,FALSE,
D007153,Line B,Standard,LineB-STA-02153,2026-06-24,FALSE,
D007279,Line B,Standard,LineB-STA-02279,2026-06-24,FALSE,
D007463,Line B,Standard,LineB-STA-02463,2026-06-24,FALSE,
D007585,Line B,Standard,LineB-STA-02585,2026-06-24,FALSE,
D007742,Line B,Standard,LineB-STA-02742,2026-06-24,FALSE,
D007835,Line B,Standard,LineB-STA-02835,2026-06-24,FALSE,
D007878,Line B,Standard,LineB-STA-02878,2026-06-24,FALSE,
D007931,Line B,Standard,LineB-STA-02931,2026-06-24,FALSE,
D007959,Line B,Standard,LineB-STA-02959,2026-06-24,FALSE,
D008072,Line B,Standard,LineB-STA-03072,2026-06-24,FALSE,
D008096,Line B,Standard,LineB-STA-03096,2026-06-24,FALSE,
D008175,Line B,Standard,LineB-STA-03175,2026-06-24,TRUE,component_misalignment
D008244,Line B,Standard,LineB-STA-03244,2026-06-24,FALSE,
D008246,Line B,Standard,LineB-STA-03246,2026-06-24,FALSE,
D008449,Line B,Standard,LineB-STA-03449,2026-06-24,FALSE,
D008899,Line B,Standard,LineB-STA-03899,2026-06-24,FALSE,
D008931,Line B,Standard,LineB-STA-03931,2026-06-24,FALSE,
D009006,Line B,Standard,LineB-STA-04006,2026-06-24,FALSE,
D009052,Line B,Standard,LineB-STA-04052,2026-06-24,FALSE,
D009220,Line B,Standard,LineB-STA-04220,2026-06-24,FALSE,
D009227,Line B,Standard,LineB-STA-04227,2026-06-24,FALSE,
D009334,Line B,Pro,LineB-PRO-00084,2026-06-24,FALSE,
D009343,Line B,Pro,LineB-PRO-00093,2026-06-24,FALSE,
D009381,Line B,Pro,LineB-PRO-00131,2026-06-24,FALSE,
D009441,Line B,Pro,LineB-PRO-00191,2026-06-24,FALSE,
D009447,Line B,Pro,LineB-PRO-00197,2026-06-24,FALSE,
D009469,Line B,Pro,LineB-PRO-00219,2026-06-24,FALSE,
D009543,Line B,Pro,LineB-PRO-00293,2026-06-24,FALSE,
D009640,Line B,Pro,LineB-PRO-00390,2026-06-24,FALSE,
D009648,Line B,Pro,LineB-PRO-00398,2026-06-24,TRUE,housing_crack
D009759,Line B,Pro,LineB-PRO-00509,2026-06-24,FALSE,
D009764,Line B,Pro,LineB-PRO-00514,2026-06-24,FALSE,
D009773,Line B,Pro,LineB-PRO-00523,2026-06-24,FALSE,
D009833,Line B,Pro,LineB-PRO-00583,2026-06-24,FALSE,
D009949,Line B,Pro,LineB-PRO-00699,2026-06-24,FALSE,
D009989,Line B,Pro,LineB-PRO-00739,2026-06-24,FALSE,
D000274,Line A,Standard,LineA-STA-00274,2026-06-25,FALSE,
D000353,Line A,Standard,LineA-STA-00353,2026-06-25,FALSE,
D000377,Line A,Standard,LineA-STA-00377,2026-06-25,FALSE,
D000405,Line A,Standard,LineA-STA-00405,2026-06-25,FALSE,
D000565,Line A,Standard,LineA-STA-00565,2026-06-25,FALSE,
D000612,Line A,Standard,LineA-STA-00612,2026-06-25,FALSE,
D000692,Line A,Standard,LineA-STA-00692,2026-06-25,FALSE,
D000710,Line A,Standard,LineA-STA-00710,2026-06-25,FALSE,
D000992,Line A,Standard,LineA-STA-00992,2026-06-25,FALSE,
D001099,Line A,Standard,LineA-STA-01099,2026-06-25,FALSE,
D001281,Line A,Standard,LineA-STA-01281,2026-06-25,FALSE,
D001327,Line A,Standard,LineA-STA-01327,2026-06-25,TRUE,component_misalignment
D001494,Line A,Standard,LineA-STA-01494,2026-06-25,FALSE,
D001876,Line A,Standard,LineA-STA-01876,2026-06-25,FALSE,
D001909,Line A,Standard,LineA-STA-01909,2026-06-25,FALSE,
D002035,Line A,Standard,LineA-STA-02035,2026-06-25,FALSE,
D002275,Line A,Pro,LineA-PRO-00025,2026-06-25,FALSE,
D002515,Line A,Pro,LineA-PRO-00265,2026-06-25,FALSE,
D002559,Line A,Pro,LineA-PRO-00309,2026-06-25,FALSE,
D002638,Line A,Pro,LineA-PRO-00388,2026-06-25,TRUE,battery_swell
D002888,Line A,Pro,LineA-PRO-00638,2026-06-25,FALSE,
D003023,Line A,Pro,LineA-PRO-00773,2026-06-25,FALSE,
D003050,Line A,Pro,LineA-PRO-00800,2026-06-25,FALSE,
D003066,Line A,Pro,LineA-PRO-00816,2026-06-25,FALSE,
D003089,Line A,Pro,LineA-PRO-00839,2026-06-25,FALSE,
D003121,Line A,Pro,LineA-PRO-00871,2026-06-25,FALSE,
D003132,Line A,Pro,LineA-PRO-00882,2026-06-25,FALSE,
D003198,Line A,Pro,LineA-PRO-00948,2026-06-25,FALSE,
D003341,Line A,Pro,LineA-PRO-01091,2026-06-25,FALSE,
D003454,Line A,Pro,LineA-PRO-01204,2026-06-25,FALSE,
D003609,Line A,Pro,LineA-PRO-01359,2026-06-25,FALSE,
D003657,Line A,Pro,LineA-PRO-01407,2026-06-25,FALSE,
D003744,Line A,Pro,LineA-PRO-01494,2026-06-25,FALSE,
D003792,Line A,Pro,LineA-PRO-01542,2026-06-25,FALSE,
D003962,Line A,Pro,LineA-PRO-01712,2026-06-25,FALSE,
D003973,Line A,Pro,LineA-PRO-01723,2026-06-25,FALSE,
D004123,Line A,Pro,LineA-PRO-01873,2026-06-25,FALSE,
D004204,Line A,Pro,LineA-PRO-01954,2026-06-25,FALSE,
D004349,Line A,Pro,LineA-PRO-02099,2026-06-25,FALSE,
D004389,Line A,Pro,LineA-PRO-02139,2026-06-25,FALSE,
D004539,Line A,Pro,LineA-PRO-02289,2026-06-25,FALSE,
D004546,Line A,Pro,LineA-PRO-02296,2026-06-25,FALSE,
D004655,Line A,Pro,LineA-PRO-02405,2026-06-25,FALSE,
D004661,Line A,Pro,LineA-PRO-02411,2026-06-25,FALSE,
D004670,Line A,Pro,LineA-PRO-02420,2026-06-25,FALSE,
D004870,Line A,Pro,LineA-PRO-02620,2026-06-25,FALSE,
D005009,Line B,Standard,LineB-STA-00009,2026-06-25,FALSE,
D005130,Line B,Standard,LineB-STA-00130,2026-06-25,FALSE,
D005167,Line B,Standard,LineB-STA-00167,2026-06-25,FALSE,
D005247,Line B,Standard,LineB-STA-00247,2026-06-25,FALSE,
D005611,Line B,Standard,LineB-STA-00611,2026-06-25,FALSE,
D005632,Line B,Standard,LineB-STA-00632,2026-06-25,FALSE,
D005673,Line B,Standard,LineB-STA-00673,2026-06-25,FALSE,
D005755,Line B,Standard,LineB-STA-00755,2026-06-25,FALSE,
D005758,Line B,Standard,LineB-STA-00758,2026-06-25,FALSE,
D005759,Line B,Standard,LineB-STA-00759,2026-06-25,FALSE,
D005984,Line B,Standard,LineB-STA-00984,2026-06-25,FALSE,
D006005,Line B,Standard,LineB-STA-01005,2026-06-25,FALSE,
D006066,Line B,Standard,LineB-STA-01066,2026-06-25,FALSE,
D006196,Line B,Standard,LineB-STA-01196,2026-06-25,FALSE,
D006313,Line B,Standard,LineB-STA-01313,2026-06-25,FALSE,
D006529,Line B,Standard,LineB-STA-01529,2026-06-25,FALSE,
D006550,Line B,Standard,LineB-STA-01550,2026-06-25,FALSE,
D006898,Line B,Standard,LineB-STA-01898,2026-06-25,FALSE,
D007019,Line B,Standard,LineB-STA-02019,2026-06-25,FALSE,
D007074,Line B,Standard,LineB-STA-02074,2026-06-25,FALSE,
D007100,Line B,Standard,LineB-STA-02100,2026-06-25,FALSE,
D007155,Line B,Standard,LineB-STA-02155,2026-06-25,FALSE,
D007233,Line B,Standard,LineB-STA-02233,2026-06-25,FALSE,
D007310,Line B,Standard,LineB-STA-02310,2026-06-25,FALSE,
D007325,Line B,Standard,LineB-STA-02325,2026-06-25,FALSE,
D007338,Line B,Standard,LineB-STA-02338,2026-06-25,FALSE,
D007349,Line B,Standard,LineB-STA-02349,2026-06-25,FALSE,
D007378,Line B,Standard,LineB-STA-02378,2026-06-25,FALSE,
D007484,Line B,Standard,LineB-STA-02484,2026-06-25,FALSE,
D007727,Line B,Standard,LineB-STA-02727,2026-06-25,FALSE,
D007848,Line B,Standard,LineB-STA-02848,2026-06-25,FALSE,
D008062,Line B,Standard,LineB-STA-03062,2026-06-25,FALSE,
D008107,Line B,Standard,LineB-STA-03107,2026-06-25,FALSE,
D008195,Line B,Standard,LineB-STA-03195,2026-06-25,FALSE,
D008210,Line B,Standard,LineB-STA-03210,2026-06-25,FALSE,
D008285,Line B,Standard,LineB-STA-03285,2026-06-25,FALSE,
D008287,Line B,Standard,LineB-STA-03287,2026-06-25,FALSE,
D008313,Line B,Standard,LineB-STA-03313,2026-06-25,FALSE,
D008478,Line B,Standard,LineB-STA-03478,2026-06-25,FALSE,
D008722,Line B,Standard,LineB-STA-03722,2026-06-25,FALSE,
D008729,Line B,Standard,LineB-STA-03729,2026-06-25,FALSE,
D008779,Line B,Standard,LineB-STA-03779,2026-06-25,FALSE,
D008825,Line B,Standard,LineB-STA-03825,2026-06-25,FALSE,
D008906,Line B,Standard,LineB-STA-03906,2026-06-25,FALSE,
D008993,Line B,Standard,LineB-STA-03993,2026-06-25,FALSE,
D009206,Line B,Standard,LineB-STA-04206,2026-06-25,FALSE,
D009248,Line B,Standard,LineB-STA-04248,2026-06-25,FALSE,
D009275,Line B,Pro,LineB-PRO-00025,2026-06-25,TRUE,component_misalignment
D009286,Line B,Pro,LineB-PRO-00036,2026-06-25,FALSE,
D009312,Line B,Pro,LineB-PRO-00062,2026-06-25,FALSE,
D009313,Line B,Pro,LineB-PRO-00063,2026-06-25,FALSE,
D009417,Line B,Pro,LineB-PRO-00167,2026-06-25,FALSE,
D009471,Line B,Pro,LineB-PRO-00221,2026-06-25,FALSE,
D009502,Line B,Pro,LineB-PRO-00252,2026-06-25,FALSE,
D009560,Line B,Pro,LineB-PRO-00310,2026-06-25,FALSE,
D009592,Line B,Pro,LineB-PRO-00342,2026-06-25,FALSE,
D009695,Line B,Pro,LineB-PRO-00445,2026-06-25,TRUE,capacitor_leak
D009726,Line B,Pro,LineB-PRO-00476,2026-06-25,FALSE,
D009772,Line B,Pro,LineB-PRO-00522,2026-06-25,FALSE,
D009844,Line B,Pro,LineB-PRO-00594,2026-06-25,FALSE,
D009875,Line B,Pro,LineB-PRO-00625,2026-06-25,FALSE,
D009975,Line B,Pro,LineB-PRO-00725,2026-06-25,FALSE,
D000085,Line A,Standard,LineA-STA-00085,2026-06-26,FALSE,
D000159,Line A,Standard,LineA-STA-00159,2026-06-26,FALSE,
D000220,Line A,Standard,LineA-STA-00220,2026-06-26,FALSE,
D000247,Line A,Standard,LineA-STA-00247,2026-06-26,FALSE,
D000342,Line A,Standard,LineA-STA-00342,2026-06-26,FALSE,
D000448,Line A,Standard,LineA-STA-00448,2026-06-26,FALSE,
D000497,Line A,Standard,LineA-STA-00497,2026-06-26,FALSE,
D000523,Line A,Standard,LineA-STA-00523,2026-06-26,FALSE,
D000542,Line A,Standard,LineA-STA-00542,2026-06-26,FALSE,
D000558,Line A,Standard,LineA-STA-00558,2026-06-26,FALSE,
D000605,Line A,Standard,LineA-STA-00605,2026-06-26,FALSE,
D000729,Line A,Standard,LineA-STA-00729,2026-06-26,FALSE,
D000803,Line A,Standard,LineA-STA-00803,2026-06-26,FALSE,
D001000,Line A,Standard,LineA-STA-01000,2026-06-26,FALSE,
D001019,Line A,Standard,LineA-STA-01019,2026-06-26,FALSE,
D001056,Line A,Standard,LineA-STA-01056,2026-06-26,FALSE,
D001115,Line A,Standard,LineA-STA-01115,2026-06-26,FALSE,
D001121,Line A,Standard,LineA-STA-01121,2026-06-26,FALSE,
D001242,Line A,Standard,LineA-STA-01242,2026-06-26,FALSE,
D001256,Line A,Standard,LineA-STA-01256,2026-06-26,FALSE,
D001371,Line A,Standard,LineA-STA-01371,2026-06-26,TRUE,component_misalignment
D001537,Line A,Standard,LineA-STA-01537,2026-06-26,FALSE,
D001564,Line A,Standard,LineA-STA-01564,2026-06-26,FALSE,
D001688,Line A,Standard,LineA-STA-01688,2026-06-26,TRUE,connector_seating
D002060,Line A,Standard,LineA-STA-02060,2026-06-26,FALSE,
D002218,Line A,Standard,LineA-STA-02218,2026-06-26,FALSE,
D002246,Line A,Standard,LineA-STA-02246,2026-06-26,FALSE,
D002437,Line A,Pro,LineA-PRO-00187,2026-06-26,TRUE,housing_crack
D002456,Line A,Pro,LineA-PRO-00206,2026-06-26,FALSE,
D002458,Line A,Pro,LineA-PRO-00208,2026-06-26,FALSE,
D002462,Line A,Pro,LineA-PRO-00212,2026-06-26,FALSE,
D002468,Line A,Pro,LineA-PRO-00218,2026-06-26,FALSE,
D002640,Line A,Pro,LineA-PRO-00390,2026-06-26,FALSE,
D002789,Line A,Pro,LineA-PRO-00539,2026-06-26,FALSE,
D002927,Line A,Pro,LineA-PRO-00677,2026-06-26,FALSE,
D002973,Line A,Pro,LineA-PRO-00723,2026-06-26,TRUE,battery_swell
D002977,Line A,Pro,LineA-PRO-00727,2026-06-26,FALSE,
D003098,Line A,Pro,LineA-PRO-00848,2026-06-26,FALSE,
D003120,Line A,Pro,LineA-PRO-00870,2026-06-26,FALSE,
D003376,Line A,Pro,LineA-PRO-01126,2026-06-26,FALSE,
D003417,Line A,Pro,LineA-PRO-01167,2026-06-26,FALSE,
D003421,Line A,Pro,LineA-PRO-01171,2026-06-26,FALSE,
D003423,Line A,Pro,LineA-PRO-01173,2026-06-26,FALSE,
D003475,Line A,Pro,LineA-PRO-01225,2026-06-26,FALSE,
D003480,Line A,Pro,LineA-PRO-01230,2026-06-26,FALSE,
D003528,Line A,Pro,LineA-PRO-01278,2026-06-26,FALSE,
D003545,Line A,Pro,LineA-PRO-01295,2026-06-26,FALSE,
D003604,Line A,Pro,LineA-PRO-01354,2026-06-26,FALSE,
D003905,Line A,Pro,LineA-PRO-01655,2026-06-26,FALSE,
D003920,Line A,Pro,LineA-PRO-01670,2026-06-26,FALSE,
D004059,Line A,Pro,LineA-PRO-01809,2026-06-26,FALSE,
D004148,Line A,Pro,LineA-PRO-01898,2026-06-26,FALSE,
D004213,Line A,Pro,LineA-PRO-01963,2026-06-26,FALSE,
D004235,Line A,Pro,LineA-PRO-01985,2026-06-26,FALSE,
D004237,Line A,Pro,LineA-PRO-01987,2026-06-26,FALSE,
D004296,Line A,Pro,LineA-PRO-02046,2026-06-26,FALSE,
D004339,Line A,Pro,LineA-PRO-02089,2026-06-26,FALSE,
D004366,Line A,Pro,LineA-PRO-02116,2026-06-26,FALSE,
D004548,Line A,Pro,LineA-PRO-02298,2026-06-26,FALSE,
D004574,Line A,Pro,LineA-PRO-02324,2026-06-26,FALSE,
D004737,Line A,Pro,LineA-PRO-02487,2026-06-26,FALSE,
D004779,Line A,Pro,LineA-PRO-02529,2026-06-26,FALSE,
D004872,Line A,Pro,LineA-PRO-02622,2026-06-26,FALSE,
D004923,Line A,Pro,LineA-PRO-02673,2026-06-26,FALSE,
D004939,Line A,Pro,LineA-PRO-02689,2026-06-26,FALSE,
D004942,Line A,Pro,LineA-PRO-02692,2026-06-26,FALSE,
D004952,Line A,Pro,LineA-PRO-02702,2026-06-26,FALSE,
D005007,Line B,Standard,LineB-STA-00007,2026-06-26,FALSE,
D005079,Line B,Standard,LineB-STA-00079,2026-06-26,FALSE,
D005181,Line B,Standard,LineB-STA-00181,2026-06-26,FALSE,
D005205,Line B,Standard,LineB-STA-00205,2026-06-26,FALSE,
D005294,Line B,Standard,LineB-STA-00294,2026-06-26,FALSE,
D005518,Line B,Standard,LineB-STA-00518,2026-06-26,FALSE,
D005747,Line B,Standard,LineB-STA-00747,2026-06-26,FALSE,
D005922,Line B,Standard,LineB-STA-00922,2026-06-26,FALSE,
D005997,Line B,Standard,LineB-STA-00997,2026-06-26,FALSE,
D006038,Line B,Standard,LineB-STA-01038,2026-06-26,FALSE,
D006088,Line B,Standard,LineB-STA-01088,2026-06-26,FALSE,
D006116,Line B,Standard,LineB-STA-01116,2026-06-26,FALSE,
D006201,Line B,Standard,LineB-STA-01201,2026-06-26,FALSE,
D006251,Line B,Standard,LineB-STA-01251,2026-06-26,FALSE,
D006269,Line B,Standard,LineB-STA-01269,2026-06-26,FALSE,
D006406,Line B,Standard,LineB-STA-01406,2026-06-26,FALSE,
D006484,Line B,Standard,LineB-STA-01484,2026-06-26,FALSE,
D006645,Line B,Standard,LineB-STA-01645,2026-06-26,FALSE,
D006662,Line B,Standard,LineB-STA-01662,2026-06-26,FALSE,
D006687,Line B,Standard,LineB-STA-01687,2026-06-26,FALSE,
D006819,Line B,Standard,LineB-STA-01819,2026-06-26,FALSE,
D006893,Line B,Standard,LineB-STA-01893,2026-06-26,FALSE,
D007261,Line B,Standard,LineB-STA-02261,2026-06-26,FALSE,
D007266,Line B,Standard,LineB-STA-02266,2026-06-26,FALSE,
D007362,Line B,Standard,LineB-STA-02362,2026-06-26,FALSE,
D007590,Line B,Standard,LineB-STA-02590,2026-06-26,FALSE,
D008128,Line B,Standard,LineB-STA-03128,2026-06-26,FALSE,
D008206,Line B,Standard,LineB-STA-03206,2026-06-26,FALSE,
D008264,Line B,Standard,LineB-STA-03264,2026-06-26,FALSE,
D008346,Line B,Standard,LineB-STA-03346,2026-06-26,FALSE,
D008398,Line B,Standard,LineB-STA-03398,2026-06-26,FALSE,
D008400,Line B,Standard,LineB-STA-03400,2026-06-26,FALSE,
D008408,Line B,Standard,LineB-STA-03408,2026-06-26,FALSE,
D008792,Line B,Standard,LineB-STA-03792,2026-06-26,FALSE,
D008887,Line B,Standard,LineB-STA-03887,2026-06-26,FALSE,
D008948,Line B,Standard,LineB-STA-03948,2026-06-26,FALSE,
D008950,Line B,Standard,LineB-STA-03950,2026-06-26,FALSE,
D009071,Line B,Standard,LineB-STA-04071,2026-06-26,FALSE,
D009124,Line B,Standard,LineB-STA-04124,2026-06-26,FALSE,
D000020,Line A,Standard,LineA-STA-00020,2026-06-27,FALSE,
D000112,Line A,Standard,LineA-STA-00112,2026-06-27,FALSE,
D000183,Line A,Standard,LineA-STA-00183,2026-06-27,FALSE,
D000221,Line A,Standard,LineA-STA-00221,2026-06-27,FALSE,
D000284,Line A,Standard,LineA-STA-00284,2026-06-27,FALSE,
D000383,Line A,Standard,LineA-STA-00383,2026-06-27,FALSE,
D000408,Line A,Standard,LineA-STA-00408,2026-06-27,FALSE,
D000431,Line A,Standard,LineA-STA-00431,2026-06-27,FALSE,
D000480,Line A,Standard,LineA-STA-00480,2026-06-27,FALSE,
D000672,Line A,Standard,LineA-STA-00672,2026-06-27,FALSE,
D000753,Line A,Standard,LineA-STA-00753,2026-06-27,FALSE,
D000785,Line A,Standard,LineA-STA-00785,2026-06-27,FALSE,
D000833,Line A,Standard,LineA-STA-00833,2026-06-27,FALSE,
D000884,Line A,Standard,LineA-STA-00884,2026-06-27,FALSE,
D000951,Line A,Standard,LineA-STA-00951,2026-06-27,FALSE,
D001168,Line A,Standard,LineA-STA-01168,2026-06-27,FALSE,
D001301,Line A,Standard,LineA-STA-01301,2026-06-27,FALSE,
D001347,Line A,Standard,LineA-STA-01347,2026-06-27,FALSE,
D001385,Line A,Standard,LineA-STA-01385,2026-06-27,FALSE,
D001439,Line A,Standard,LineA-STA-01439,2026-06-27,FALSE,
D001479,Line A,Standard,LineA-STA-01479,2026-06-27,FALSE,
D001673,Line A,Standard,LineA-STA-01673,2026-06-27,FALSE,
D001709,Line A,Standard,LineA-STA-01709,2026-06-27,FALSE,
D001735,Line A,Standard,LineA-STA-01735,2026-06-27,FALSE,
D001937,Line A,Standard,LineA-STA-01937,2026-06-27,FALSE,
D002047,Line A,Standard,LineA-STA-02047,2026-06-27,FALSE,
D002073,Line A,Standard,LineA-STA-02073,2026-06-27,FALSE,
D002124,Line A,Standard,LineA-STA-02124,2026-06-27,FALSE,
D002142,Line A,Standard,LineA-STA-02142,2026-06-27,FALSE,
D002191,Line A,Standard,LineA-STA-02191,2026-06-27,FALSE,
D002225,Line A,Standard,LineA-STA-02225,2026-06-27,FALSE,
D002335,Line A,Pro,LineA-PRO-00085,2026-06-27,FALSE,
D002425,Line A,Pro,LineA-PRO-00175,2026-06-27,FALSE,
D002439,Line A,Pro,LineA-PRO-00189,2026-06-27,FALSE,
D002476,Line A,Pro,LineA-PRO-00226,2026-06-27,FALSE,
D002585,Line A,Pro,LineA-PRO-00335,2026-06-27,FALSE,
D002678,Line A,Pro,LineA-PRO-00428,2026-06-27,FALSE,
D002758,Line A,Pro,LineA-PRO-00508,2026-06-27,FALSE,
D002921,Line A,Pro,LineA-PRO-00671,2026-06-27,FALSE,
D002960,Line A,Pro,LineA-PRO-00710,2026-06-27,FALSE,
D003001,Line A,Pro,LineA-PRO-00751,2026-06-27,FALSE,
D003219,Line A,Pro,LineA-PRO-00969,2026-06-27,FALSE,
D003258,Line A,Pro,LineA-PRO-01008,2026-06-27,FALSE,
D003261,Line A,Pro,LineA-PRO-01011,2026-06-27,FALSE,
D003408,Line A,Pro,LineA-PRO-01158,2026-06-27,FALSE,
D003532,Line A,Pro,LineA-PRO-01282,2026-06-27,FALSE,
D003685,Line A,Pro,LineA-PRO-01435,2026-06-27,FALSE,
D003699,Line A,Pro,LineA-PRO-01449,2026-06-27,FALSE,
D003779,Line A,Pro,LineA-PRO-01529,2026-06-27,FALSE,
D003800,Line A,Pro,LineA-PRO-01550,2026-06-27,FALSE,
D003861,Line A,Pro,LineA-PRO-01611,2026-06-27,FALSE,
D003935,Line A,Pro,LineA-PRO-01685,2026-06-27,FALSE,
D003945,Line A,Pro,LineA-PRO-01695,2026-06-27,FALSE,
D004064,Line A,Pro,LineA-PRO-01814,2026-06-27,FALSE,
D004065,Line A,Pro,LineA-PRO-01815,2026-06-27,FALSE,
D004119,Line A,Pro,LineA-PRO-01869,2026-06-27,FALSE,
D004151,Line A,Pro,LineA-PRO-01901,2026-06-27,FALSE,
D004166,Line A,Pro,LineA-PRO-01916,2026-06-27,FALSE,
D004330,Line A,Pro,LineA-PRO-02080,2026-06-27,FALSE,
D004444,Line A,Pro,LineA-PRO-02194,2026-06-27,FALSE,
D004471,Line A,Pro,LineA-PRO-02221,2026-06-27,FALSE,
D004813,Line A,Pro,LineA-PRO-02563,2026-06-27,FALSE,
D004836,Line A,Pro,LineA-PRO-02586,2026-06-27,FALSE,
D004890,Line A,Pro,LineA-PRO-02640,2026-06-27,FALSE,
D004924,Line A,Pro,LineA-PRO-02674,2026-06-27,FALSE,
D004946,Line A,Pro,LineA-PRO-02696,2026-06-27,FALSE,
D005282,Line B,Standard,LineB-STA-00282,2026-06-27,FALSE,
D005530,Line B,Standard,LineB-STA-00530,2026-06-27,FALSE,
D005663,Line B,Standard,LineB-STA-00663,2026-06-27,FALSE,
D005807,Line B,Standard,LineB-STA-00807,2026-06-27,FALSE,
D005842,Line B,Standard,LineB-STA-00842,2026-06-27,FALSE,
D005855,Line B,Standard,LineB-STA-00855,2026-06-27,FALSE,
D005970,Line B,Standard,LineB-STA-00970,2026-06-27,FALSE,
D005979,Line B,Standard,LineB-STA-00979,2026-06-27,FALSE,
D006045,Line B,Standard,LineB-STA-01045,2026-06-27,FALSE,
D006051,Line B,Standard,LineB-STA-01051,2026-06-27,FALSE,
D006061,Line B,Standard,LineB-STA-01061,2026-06-27,FALSE,
D006111,Line B,Standard,LineB-STA-01111,2026-06-27,FALSE,
D006314,Line B,Standard,LineB-STA-01314,2026-06-27,TRUE,housing_crack
D006334,Line B,Standard,LineB-STA-01334,2026-06-27,FALSE,
D006362,Line B,Standard,LineB-STA-01362,2026-06-27,FALSE,
D006389,Line B,Standard,LineB-STA-01389,2026-06-27,FALSE,
D006405,Line B,Standard,LineB-STA-01405,2026-06-27,FALSE,
D006668,Line B,Standard,LineB-STA-01668,2026-06-27,FALSE,
D006682,Line B,Standard,LineB-STA-01682,2026-06-27,FALSE,
D006864,Line B,Standard,LineB-STA-01864,2026-06-27,TRUE,capacitor_leak
D007185,Line B,Standard,LineB-STA-02185,2026-06-27,FALSE,
D007207,Line B,Standard,LineB-STA-02207,2026-06-27,FALSE,
D007393,Line B,Standard,LineB-STA-02393,2026-06-27,FALSE,
D007571,Line B,Standard,LineB-STA-02571,2026-06-27,FALSE,
D007599,Line B,Standard,LineB-STA-02599,2026-06-27,FALSE,
D007629,Line B,Standard,LineB-STA-02629,2026-06-27,FALSE,
D007664,Line B,Standard,LineB-STA-02664,2026-06-27,FALSE,
D007690,Line B,Standard,LineB-STA-02690,2026-06-27,FALSE,
D007711,Line B,Standard,LineB-STA-02711,2026-06-27,FALSE,
D007781,Line B,Standard,LineB-STA-02781,2026-06-27,FALSE,
D007803,Line B,Standard,LineB-STA-02803,2026-06-27,FALSE,
D007810,Line B,Standard,LineB-STA-02810,2026-06-27,FALSE,
D007851,Line B,Standard,LineB-STA-02851,2026-06-27,FALSE,
D007892,Line B,Standard,LineB-STA-02892,2026-06-27,FALSE,
D007975,Line B,Standard,LineB-STA-02975,2026-06-27,FALSE,
D007988,Line B,Standard,LineB-STA-02988,2026-06-27,FALSE,
D008011,Line B,Standard,LineB-STA-03011,2026-06-27,FALSE,
D008016,Line B,Standard,LineB-STA-03016,2026-06-27,FALSE,
D008110,Line B,Standard,LineB-STA-03110,2026-06-27,FALSE,
D008327,Line B,Standard,LineB-STA-03327,2026-06-27,FALSE,
D008385,Line B,Standard,LineB-STA-03385,2026-06-27,FALSE,
D008406,Line B,Standard,LineB-STA-03406,2026-06-27,FALSE,
D008502,Line B,Standard,LineB-STA-03502,2026-06-27,FALSE,
D008703,Line B,Standard,LineB-STA-03703,2026-06-27,FALSE,
D008863,Line B,Standard,LineB-STA-03863,2026-06-27,FALSE,
D008965,Line B,Standard,LineB-STA-03965,2026-06-27,FALSE,
D008996,Line B,Standard,LineB-STA-03996,2026-06-27,FALSE,
D009044,Line B,Standard,LineB-STA-04044,2026-06-27,FALSE,
D009089,Line B,Standard,LineB-STA-04089,2026-06-27,FALSE,
D009121,Line B,Standard,LineB-STA-04121,2026-06-27,FALSE,
D009152,Line B,Standard,LineB-STA-04152,2026-06-27,FALSE,
D009169,Line B,Standard,LineB-STA-04169,2026-06-27,FALSE,
D009380,Line B,Pro,LineB-PRO-00130,2026-06-27,FALSE,
D009460,Line B,Pro,LineB-PRO-00210,2026-06-27,TRUE,capacitor_leak
D009683,Line B,Pro,LineB-PRO-00433,2026-06-27,FALSE,
D009734,Line B,Pro,LineB-PRO-00484,2026-06-27,FALSE,
D009761,Line B,Pro,LineB-PRO-00511,2026-06-27,FALSE,
D009913,Line B,Pro,LineB-PRO-00663,2026-06-27,FALSE,
D010000,Line B,Pro,LineB-PRO-00750,2026-06-27,FALSE,
D010014,Line B,Pro,LineB-PRO-00764,2026-06-27,FALSE,
D000025,Line A,Standard,LineA-STA-00025,2026-06-28,FALSE,
D000164,Line A,Standard,LineA-STA-00164,2026-06-28,FALSE,
D000196,Line A,Standard,LineA-STA-00196,2026-06-28,FALSE,
D000223,Line A,Standard,LineA-STA-00223,2026-06-28,FALSE,
D000237,Line A,Standard,LineA-STA-00237,2026-06-28,FALSE,
D000374,Line A,Standard,LineA-STA-00374,2026-06-28,FALSE,
D000387,Line A,Standard,LineA-STA-00387,2026-06-28,FALSE,
D000779,Line A,Standard,LineA-STA-00779,2026-06-28,FALSE,
D000808,Line A,Standard,LineA-STA-00808,2026-06-28,FALSE,
D000927,Line A,Standard,LineA-STA-00927,2026-06-28,FALSE,
D000935,Line A,Standard,LineA-STA-00935,2026-06-28,FALSE,
D000959,Line A,Standard,LineA-STA-00959,2026-06-28,FALSE,
D000979,Line A,Standard,LineA-STA-00979,2026-06-28,FALSE,
D001012,Line A,Standard,LineA-STA-01012,2026-06-28,FALSE,
D001021,Line A,Standard,LineA-STA-01021,2026-06-28,FALSE,
D001130,Line A,Standard,LineA-STA-01130,2026-06-28,FALSE,
D001144,Line A,Standard,LineA-STA-01144,2026-06-28,FALSE,
D001216,Line A,Standard,LineA-STA-01216,2026-06-28,FALSE,
D001271,Line A,Standard,LineA-STA-01271,2026-06-28,FALSE,
D001315,Line A,Standard,LineA-STA-01315,2026-06-28,FALSE,
D001355,Line A,Standard,LineA-STA-01355,2026-06-28,FALSE,
D001408,Line A,Standard,LineA-STA-01408,2026-06-28,FALSE,
D001602,Line A,Standard,LineA-STA-01602,2026-06-28,FALSE,
D001872,Line A,Standard,LineA-STA-01872,2026-06-28,FALSE,
D001881,Line A,Standard,LineA-STA-01881,2026-06-28,FALSE,
D001917,Line A,Standard,LineA-STA-01917,2026-06-28,FALSE,
D002125,Line A,Standard,LineA-STA-02125,2026-06-28,FALSE,
D002130,Line A,Standard,LineA-STA-02130,2026-06-28,FALSE,
D002206,Line A,Standard,LineA-STA-02206,2026-06-28,FALSE,
D002322,Line A,Pro,LineA-PRO-00072,2026-06-28,FALSE,
D002356,Line A,Pro,LineA-PRO-00106,2026-06-28,FALSE,
D002463,Line A,Pro,LineA-PRO-00213,2026-06-28,FALSE,
D002514,Line A,Pro,LineA-PRO-00264,2026-06-28,FALSE,
D002578,Line A,Pro,LineA-PRO-00328,2026-06-28,FALSE,
D002610,Line A,Pro,LineA-PRO-00360,2026-06-28,FALSE,
D002717,Line A,Pro,LineA-PRO-00467,2026-06-28,TRUE,screen_dead_pixel
D002718,Line A,Pro,LineA-PRO-00468,2026-06-28,FALSE,
D002729,Line A,Pro,LineA-PRO-00479,2026-06-28,FALSE,
D002823,Line A,Pro,LineA-PRO-00573,2026-06-28,FALSE,
D002877,Line A,Pro,LineA-PRO-00627,2026-06-28,FALSE,
D002909,Line A,Pro,LineA-PRO-00659,2026-06-28,FALSE,
D002978,Line A,Pro,LineA-PRO-00728,2026-06-28,FALSE,
D003049,Line A,Pro,LineA-PRO-00799,2026-06-28,FALSE,
D003094,Line A,Pro,LineA-PRO-00844,2026-06-28,TRUE,cosmetic_scratch
D003203,Line A,Pro,LineA-PRO-00953,2026-06-28,FALSE,
D003221,Line A,Pro,LineA-PRO-00971,2026-06-28,FALSE,
D003234,Line A,Pro,LineA-PRO-00984,2026-06-28,FALSE,
D003263,Line A,Pro,LineA-PRO-01013,2026-06-28,FALSE,
D003284,Line A,Pro,LineA-PRO-01034,2026-06-28,TRUE,battery_swell
D003295,Line A,Pro,LineA-PRO-01045,2026-06-28,FALSE,
D003308,Line A,Pro,LineA-PRO-01058,2026-06-28,FALSE,
D003316,Line A,Pro,LineA-PRO-01066,2026-06-28,FALSE,
D003431,Line A,Pro,LineA-PRO-01181,2026-06-28,FALSE,
D003573,Line A,Pro,LineA-PRO-01323,2026-06-28,FALSE,
D003603,Line A,Pro,LineA-PRO-01353,2026-06-28,FALSE,
D003791,Line A,Pro,LineA-PRO-01541,2026-06-28,FALSE,
D003837,Line A,Pro,LineA-PRO-01587,2026-06-28,FALSE,
D003943,Line A,Pro,LineA-PRO-01693,2026-06-28,FALSE,
D004225,Line A,Pro,LineA-PRO-01975,2026-06-28,FALSE,
D004234,Line A,Pro,LineA-PRO-01984,2026-06-28,FALSE,
D004236,Line A,Pro,LineA-PRO-01986,2026-06-28,FALSE,
D004347,Line A,Pro,LineA-PRO-02097,2026-06-28,FALSE,
D004387,Line A,Pro,LineA-PRO-02137,2026-06-28,TRUE,battery_swell
D004586,Line A,Pro,LineA-PRO-02336,2026-06-28,FALSE,
D004600,Line A,Pro,LineA-PRO-02350,2026-06-28,FALSE,
D004852,Line A,Pro,LineA-PRO-02602,2026-06-28,FALSE,
D004941,Line A,Pro,LineA-PRO-02691,2026-06-28,FALSE,
D004979,Line A,Pro,LineA-PRO-02729,2026-06-28,FALSE,
D005039,Line B,Standard,LineB-STA-00039,2026-06-28,TRUE,component_misalignment
D005184,Line B,Standard,LineB-STA-00184,2026-06-28,FALSE,
D005231,Line B,Standard,LineB-STA-00231,2026-06-28,FALSE,
D005366,Line B,Standard,LineB-STA-00366,2026-06-28,FALSE,
D005467,Line B,Standard,LineB-STA-00467,2026-06-28,FALSE,
D005473,Line B,Standard,LineB-STA-00473,2026-06-28,FALSE,
D005556,Line B,Standard,LineB-STA-00556,2026-06-28,FALSE,
D005661,Line B,Standard,LineB-STA-00661,2026-06-28,FALSE,
D005913,Line B,Standard,LineB-STA-00913,2026-06-28,TRUE,capacitor_leak
D006149,Line B,Standard,LineB-STA-01149,2026-06-28,FALSE,
D006184,Line B,Standard,LineB-STA-01184,2026-06-28,FALSE,
D006192,Line B,Standard,LineB-STA-01192,2026-06-28,FALSE,
D006458,Line B,Standard,LineB-STA-01458,2026-06-28,FALSE,
D006487,Line B,Standard,LineB-STA-01487,2026-06-28,FALSE,
D006569,Line B,Standard,LineB-STA-01569,2026-06-28,FALSE,
D006573,Line B,Standard,LineB-STA-01573,2026-06-28,FALSE,
D006760,Line B,Standard,LineB-STA-01760,2026-06-28,FALSE,
D006802,Line B,Standard,LineB-STA-01802,2026-06-28,FALSE,
D006876,Line B,Standard,LineB-STA-01876,2026-06-28,FALSE,
D007004,Line B,Standard,LineB-STA-02004,2026-06-28,FALSE,
D007201,Line B,Standard,LineB-STA-02201,2026-06-28,FALSE,
D007299,Line B,Standard,LineB-STA-02299,2026-06-28,FALSE,
D007488,Line B,Standard,LineB-STA-02488,2026-06-28,FALSE,
D007527,Line B,Standard,LineB-STA-02527,2026-06-28,FALSE,
D007830,Line B,Standard,LineB-STA-02830,2026-06-28,FALSE,
D007860,Line B,Standard,LineB-STA-02860,2026-06-28,FALSE,
D007872,Line B,Standard,LineB-STA-02872,2026-06-28,FALSE,
D007879,Line B,Standard,LineB-STA-02879,2026-06-28,FALSE,
D007893,Line B,Standard,LineB-STA-02893,2026-06-28,FALSE,
D007921,Line B,Standard,LineB-STA-02921,2026-06-28,FALSE,
D008103,Line B,Standard,LineB-STA-03103,2026-06-28,FALSE,
D008172,Line B,Standard,LineB-STA-03172,2026-06-28,FALSE,
D008186,Line B,Standard,LineB-STA-03186,2026-06-28,FALSE,
D008263,Line B,Standard,LineB-STA-03263,2026-06-28,FALSE,
D008427,Line B,Standard,LineB-STA-03427,2026-06-28,FALSE,
D008511,Line B,Standard,LineB-STA-03511,2026-06-28,FALSE,
D008524,Line B,Standard,LineB-STA-03524,2026-06-28,FALSE,
D008690,Line B,Standard,LineB-STA-03690,2026-06-28,FALSE,
D008791,Line B,Standard,LineB-STA-03791,2026-06-28,FALSE,
D008873,Line B,Standard,LineB-STA-03873,2026-06-28,FALSE,
D008882,Line B,Standard,LineB-STA-03882,2026-06-28,FALSE,
D008910,Line B,Standard,LineB-STA-03910,2026-06-28,FALSE,
D008979,Line B,Standard,LineB-STA-03979,2026-06-28,FALSE,
D009012,Line B,Standard,LineB-STA-04012,2026-06-28,FALSE,
D009019,Line B,Standard,LineB-STA-04019,2026-06-28,FALSE,
D009027,Line B,Standard,LineB-STA-04027,2026-06-28,FALSE,
D009085,Line B,Standard,LineB-STA-04085,2026-06-28,FALSE,
D009190,Line B,Standard,LineB-STA-04190,2026-06-28,FALSE,
D009270,Line B,Pro,LineB-PRO-00020,2026-06-28,FALSE,
D009276,Line B,Pro,LineB-PRO-00026,2026-06-28,FALSE,
D009304,Line B,Pro,LineB-PRO-00054,2026-06-28,TRUE,housing_crack
D009482,Line B,Pro,LineB-PRO-00232,2026-06-28,FALSE,
D009523,Line B,Pro,LineB-PRO-00273,2026-06-28,FALSE,
D009636,Line B,Pro,LineB-PRO-00386,2026-06-28,FALSE,
D009721,Line B,Pro,LineB-PRO-00471,2026-06-28,FALSE,
D009830,Line B,Pro,LineB-PRO-00580,2026-06-28,FALSE,
D009856,Line B,Pro,LineB-PRO-00606,2026-06-28,FALSE,
D009899,Line B,Pro,LineB-PRO-00649,2026-06-28,FALSE,
D009945,Line B,Pro,LineB-PRO-00695,2026-06-28,FALSE,
D010003,Line B,Pro,LineB-PRO-00753,2026-06-28,FALSE,
D000187,Line A,Standard,LineA-STA-00187,2026-06-29,FALSE,
D000266,Line A,Standard,LineA-STA-00266,2026-06-29,FALSE,
D000401,Line A,Standard,LineA-STA-00401,2026-06-29,FALSE,
D000460,Line A,Standard,LineA-STA-00460,2026-06-29,FALSE,
D000569,Line A,Standard,LineA-STA-00569,2026-06-29,FALSE,
D000625,Line A,Standard,LineA-STA-00625,2026-06-29,FALSE,
D000728,Line A,Standard,LineA-STA-00728,2026-06-29,FALSE,
D000750,Line A,Standard,LineA-STA-00750,2026-06-29,FALSE,
D000766,Line A,Standard,LineA-STA-00766,2026-06-29,FALSE,
D000984,Line A,Standard,LineA-STA-00984,2026-06-29,FALSE,
D001044,Line A,Standard,LineA-STA-01044,2026-06-29,FALSE,
D001250,Line A,Standard,LineA-STA-01250,2026-06-29,FALSE,
D001282,Line A,Standard,LineA-STA-01282,2026-06-29,FALSE,
D001332,Line A,Standard,LineA-STA-01332,2026-06-29,FALSE,
D001351,Line A,Standard,LineA-STA-01351,2026-06-29,FALSE,
D001458,Line A,Standard,LineA-STA-01458,2026-06-29,FALSE,
D001482,Line A,Standard,LineA-STA-01482,2026-06-29,FALSE,
D001501,Line A,Standard,LineA-STA-01501,2026-06-29,FALSE,
D001623,Line A,Standard,LineA-STA-01623,2026-06-29,FALSE,
D001644,Line A,Standard,LineA-STA-01644,2026-06-29,FALSE,
D001676,Line A,Standard,LineA-STA-01676,2026-06-29,FALSE,
D001810,Line A,Standard,LineA-STA-01810,2026-06-29,FALSE,
D001815,Line A,Standard,LineA-STA-01815,2026-06-29,FALSE,
D001886,Line A,Standard,LineA-STA-01886,2026-06-29,FALSE,
D001974,Line A,Standard,LineA-STA-01974,2026-06-29,FALSE,
D002033,Line A,Standard,LineA-STA-02033,2026-06-29,TRUE,cosmetic_scratch
D002091,Line A,Standard,LineA-STA-02091,2026-06-29,FALSE,
D002141,Line A,Standard,LineA-STA-02141,2026-06-29,FALSE,
D002253,Line A,Pro,LineA-PRO-00003,2026-06-29,FALSE,
D002291,Line A,Pro,LineA-PRO-00041,2026-06-29,FALSE,
D002394,Line A,Pro,LineA-PRO-00144,2026-06-29,FALSE,
D002503,Line A,Pro,LineA-PRO-00253,2026-06-29,FALSE,
D002563,Line A,Pro,LineA-PRO-00313,2026-06-29,FALSE,
D002606,Line A,Pro,LineA-PRO-00356,2026-06-29,FALSE,
D002654,Line A,Pro,LineA-PRO-00404,2026-06-29,FALSE,
D002691,Line A,Pro,LineA-PRO-00441,2026-06-29,FALSE,
D002870,Line A,Pro,LineA-PRO-00620,2026-06-29,FALSE,
D002916,Line A,Pro,LineA-PRO-00666,2026-06-29,FALSE,
D002953,Line A,Pro,LineA-PRO-00703,2026-06-29,FALSE,
D002992,Line A,Pro,LineA-PRO-00742,2026-06-29,FALSE,
D003024,Line A,Pro,LineA-PRO-00774,2026-06-29,FALSE,
D003262,Line A,Pro,LineA-PRO-01012,2026-06-29,FALSE,
D003287,Line A,Pro,LineA-PRO-01037,2026-06-29,FALSE,
D003372,Line A,Pro,LineA-PRO-01122,2026-06-29,FALSE,
D003590,Line A,Pro,LineA-PRO-01340,2026-06-29,FALSE,
D003773,Line A,Pro,LineA-PRO-01523,2026-06-29,FALSE,
D003798,Line A,Pro,LineA-PRO-01548,2026-06-29,FALSE,
D003827,Line A,Pro,LineA-PRO-01577,2026-06-29,FALSE,
D003890,Line A,Pro,LineA-PRO-01640,2026-06-29,TRUE,component_misalignment
D004246,Line A,Pro,LineA-PRO-01996,2026-06-29,FALSE,
D004317,Line A,Pro,LineA-PRO-02067,2026-06-29,FALSE,
D004472,Line A,Pro,LineA-PRO-02222,2026-06-29,FALSE,
D004488,Line A,Pro,LineA-PRO-02238,2026-06-29,FALSE,
D004827,Line A,Pro,LineA-PRO-02577,2026-06-29,FALSE,
D004861,Line A,Pro,LineA-PRO-02611,2026-06-29,FALSE,
D004880,Line A,Pro,LineA-PRO-02630,2026-06-29,FALSE,
D005048,Line B,Standard,LineB-STA-00048,2026-06-29,FALSE,
D005068,Line B,Standard,LineB-STA-00068,2026-06-29,FALSE,
D005274,Line B,Standard,LineB-STA-00274,2026-06-29,FALSE,
D005415,Line B,Standard,LineB-STA-00415,2026-06-29,FALSE,
D005491,Line B,Standard,LineB-STA-00491,2026-06-29,FALSE,
D005553,Line B,Standard,LineB-STA-00553,2026-06-29,FALSE,
D005705,Line B,Standard,LineB-STA-00705,2026-06-29,FALSE,
D005785,Line B,Standard,LineB-STA-00785,2026-06-29,FALSE,
D005829,Line B,Standard,LineB-STA-00829,2026-06-29,FALSE,
D005851,Line B,Standard,LineB-STA-00851,2026-06-29,FALSE,
D005859,Line B,Standard,LineB-STA-00859,2026-06-29,FALSE,
D005888,Line B,Standard,LineB-STA-00888,2026-06-29,FALSE,
D005940,Line B,Standard,LineB-STA-00940,2026-06-29,FALSE,
D005981,Line B,Standard,LineB-STA-00981,2026-06-29,FALSE,
D006249,Line B,Standard,LineB-STA-01249,2026-06-29,FALSE,
D006462,Line B,Standard,LineB-STA-01462,2026-06-29,FALSE,
D006806,Line B,Standard,LineB-STA-01806,2026-06-29,FALSE,
D006985,Line B,Standard,LineB-STA-01985,2026-06-29,FALSE,
D007312,Line B,Standard,LineB-STA-02312,2026-06-29,FALSE,
D007402,Line B,Standard,LineB-STA-02402,2026-06-29,FALSE,
D007449,Line B,Standard,LineB-STA-02449,2026-06-29,FALSE,
D007457,Line B,Standard,LineB-STA-02457,2026-06-29,FALSE,
D007530,Line B,Standard,LineB-STA-02530,2026-06-29,FALSE,
D007545,Line B,Standard,LineB-STA-02545,2026-06-29,FALSE,
D007589,Line B,Standard,LineB-STA-02589,2026-06-29,FALSE,
D007628,Line B,Standard,LineB-STA-02628,2026-06-29,FALSE,
D007633,Line B,Standard,LineB-STA-02633,2026-06-29,FALSE,
D007751,Line B,Standard,LineB-STA-02751,2026-06-29,FALSE,
D007782,Line B,Standard,LineB-STA-02782,2026-06-29,FALSE,
D007811,Line B,Standard,LineB-STA-02811,2026-06-29,FALSE,
D007875,Line B,Standard,LineB-STA-02875,2026-06-29,FALSE,
D008170,Line B,Standard,LineB-STA-03170,2026-06-29,FALSE,
D008236,Line B,Standard,LineB-STA-03236,2026-06-29,FALSE,
D008266,Line B,Standard,LineB-STA-03266,2026-06-29,FALSE,
D008361,Line B,Standard,LineB-STA-03361,2026-06-29,FALSE,
D008363,Line B,Standard,LineB-STA-03363,2026-06-29,FALSE,
D008405,Line B,Standard,LineB-STA-03405,2026-06-29,FALSE,
D008534,Line B,Standard,LineB-STA-03534,2026-06-29,FALSE,
D008600,Line B,Standard,LineB-STA-03600,2026-06-29,FALSE,
D008708,Line B,Standard,LineB-STA-03708,2026-06-29,FALSE,
D008730,Line B,Standard,LineB-STA-03730,2026-06-29,FALSE,
D008744,Line B,Standard,LineB-STA-03744,2026-06-29,FALSE,
D008878,Line B,Standard,LineB-STA-03878,2026-06-29,FALSE,
D008917,Line B,Standard,LineB-STA-03917,2026-06-29,FALSE,
D009055,Line B,Standard,LineB-STA-04055,2026-06-29,FALSE,
D009079,Line B,Standard,LineB-STA-04079,2026-06-29,FALSE,
D009133,Line B,Standard,LineB-STA-04133,2026-06-29,FALSE,
D009140,Line B,Standard,LineB-STA-04140,2026-06-29,FALSE,
D009174,Line B,Standard,LineB-STA-04174,2026-06-29,FALSE,
D009185,Line B,Standard,LineB-STA-04185,2026-06-29,FALSE,
D009201,Line B,Standard,LineB-STA-04201,2026-06-29,FALSE,
D009239,Line B,Standard,LineB-STA-04239,2026-06-29,FALSE,
D009264,Line B,Pro,LineB-PRO-00014,2026-06-29,FALSE,
D009346,Line B,Pro,LineB-PRO-00096,2026-06-29,FALSE,
D009541,Line B,Pro,LineB-PRO-00291,2026-06-29,FALSE,
D009594,Line B,Pro,LineB-PRO-00344,2026-06-29,FALSE,
D009671,Line B,Pro,LineB-PRO-00421,2026-06-29,FALSE,
D009745,Line B,Pro,LineB-PRO-00495,2026-06-29,FALSE,
D009869,Line B,Pro,LineB-PRO-00619,2026-06-29,FALSE,
D009950,Line B,Pro,LineB-PRO-00700,2026-06-29,TRUE,solder_joint
D009964,Line B,Pro,LineB-PRO-00714,2026-06-29,FALSE,
D009969,Line B,Pro,LineB-PRO-00719,2026-06-29,FALSE,
D000152,Line A,Standard,LineA-STA-00152,2026-06-30,FALSE,
D000203,Line A,Standard,LineA-STA-00203,2026-06-30,FALSE,
D000235,Line A,Standard,LineA-STA-00235,2026-06-30,FALSE,
D000238,Line A,Standard,LineA-STA-00238,2026-06-30,FALSE,
D000385,Line A,Standard,LineA-STA-00385,2026-06-30,FALSE,
D000414,Line A,Standard,LineA-STA-00414,2026-06-30,FALSE,
D000524,Line A,Standard,LineA-STA-00524,2026-06-30,FALSE,
D000580,Line A,Standard,LineA-STA-00580,2026-06-30,FALSE,
D000627,Line A,Standard,LineA-STA-00627,2026-06-30,FALSE,
D000700,Line A,Standard,LineA-STA-00700,2026-06-30,FALSE,
D000955,Line A,Standard,LineA-STA-00955,2026-06-30,FALSE,
D001050,Line A,Standard,LineA-STA-01050,2026-06-30,FALSE,
D001084,Line A,Standard,LineA-STA-01084,2026-06-30,FALSE,
D001087,Line A,Standard,LineA-STA-01087,2026-06-30,FALSE,
D001116,Line A,Standard,LineA-STA-01116,2026-06-30,FALSE,
D001171,Line A,Standard,LineA-STA-01171,2026-06-30,FALSE,
D001218,Line A,Standard,LineA-STA-01218,2026-06-30,FALSE,
D001236,Line A,Standard,LineA-STA-01236,2026-06-30,FALSE,
D001337,Line A,Standard,LineA-STA-01337,2026-06-30,FALSE,
D001499,Line A,Standard,LineA-STA-01499,2026-06-30,FALSE,
D001675,Line A,Standard,LineA-STA-01675,2026-06-30,FALSE,
D001814,Line A,Standard,LineA-STA-01814,2026-06-30,FALSE,
D001848,Line A,Standard,LineA-STA-01848,2026-06-30,FALSE,
D001855,Line A,Standard,LineA-STA-01855,2026-06-30,FALSE,
D001870,Line A,Standard,LineA-STA-01870,2026-06-30,FALSE,
D001908,Line A,Standard,LineA-STA-01908,2026-06-30,FALSE,
D001960,Line A,Standard,LineA-STA-01960,2026-06-30,FALSE,
D002166,Line A,Standard,LineA-STA-02166,2026-06-30,FALSE,
D002182,Line A,Standard,LineA-STA-02182,2026-06-30,FALSE,
D002235,Line A,Standard,LineA-STA-02235,2026-06-30,FALSE,
D002317,Line A,Pro,LineA-PRO-00067,2026-06-30,FALSE,
D002426,Line A,Pro,LineA-PRO-00176,2026-06-30,FALSE,
D002492,Line A,Pro,LineA-PRO-00242,2026-06-30,FALSE,
D002569,Line A,Pro,LineA-PRO-00319,2026-06-30,FALSE,
D002712,Line A,Pro,LineA-PRO-00462,2026-06-30,FALSE,
D002897,Line A,Pro,LineA-PRO-00647,2026-06-30,FALSE,
D002903,Line A,Pro,LineA-PRO-00653,2026-06-30,FALSE,
D002941,Line A,Pro,LineA-PRO-00691,2026-06-30,FALSE,
D002943,Line A,Pro,LineA-PRO-00693,2026-06-30,FALSE,
D002972,Line A,Pro,LineA-PRO-00722,2026-06-30,TRUE,battery_swell
D003048,Line A,Pro,LineA-PRO-00798,2026-06-30,FALSE,
D003064,Line A,Pro,LineA-PRO-00814,2026-06-30,FALSE,
D003175,Line A,Pro,LineA-PRO-00925,2026-06-30,FALSE,
D003302,Line A,Pro,LineA-PRO-01052,2026-06-30,FALSE,
D003369,Line A,Pro,LineA-PRO-01119,2026-06-30,FALSE,
D003395,Line A,Pro,LineA-PRO-01145,2026-06-30,FALSE,
D003518,Line A,Pro,LineA-PRO-01268,2026-06-30,FALSE,
D003662,Line A,Pro,LineA-PRO-01412,2026-06-30,FALSE,
D003948,Line A,Pro,LineA-PRO-01698,2026-06-30,FALSE,
D003964,Line A,Pro,LineA-PRO-01714,2026-06-30,FALSE,
D003988,Line A,Pro,LineA-PRO-01738,2026-06-30,FALSE,
D004025,Line A,Pro,LineA-PRO-01775,2026-06-30,FALSE,
D004033,Line A,Pro,LineA-PRO-01783,2026-06-30,FALSE,
D004076,Line A,Pro,LineA-PRO-01826,2026-06-30,FALSE,
D004199,Line A,Pro,LineA-PRO-01949,2026-06-30,FALSE,
D004408,Line A,Pro,LineA-PRO-02158,2026-06-30,TRUE,screen_dead_pixel
D004596,Line A,Pro,LineA-PRO-02346,2026-06-30,FALSE,
D004675,Line A,Pro,LineA-PRO-02425,2026-06-30,FALSE,
D004679,Line A,Pro,LineA-PRO-02429,2026-06-30,FALSE,
D004704,Line A,Pro,LineA-PRO-02454,2026-06-30,FALSE,
D004840,Line A,Pro,LineA-PRO-02590,2026-06-30,FALSE,
D004862,Line A,Pro,LineA-PRO-02612,2026-06-30,FALSE,
D004891,Line A,Pro,LineA-PRO-02641,2026-06-30,FALSE,
D004905,Line A,Pro,LineA-PRO-02655,2026-06-30,FALSE,
D004906,Line A,Pro,LineA-PRO-02656,2026-06-30,FALSE,
D005158,Line B,Standard,LineB-STA-00158,2026-06-30,FALSE,
D005183,Line B,Standard,LineB-STA-00183,2026-06-30,FALSE,
D005189,Line B,Standard,LineB-STA-00189,2026-06-30,FALSE,
D005227,Line B,Standard,LineB-STA-00227,2026-06-30,FALSE,
D005276,Line B,Standard,LineB-STA-00276,2026-06-30,FALSE,
D005327,Line B,Standard,LineB-STA-00327,2026-06-30,FALSE,
D005380,Line B,Standard,LineB-STA-00380,2026-06-30,FALSE,
D005484,Line B,Standard,LineB-STA-00484,2026-06-30,FALSE,
D005643,Line B,Standard,LineB-STA-00643,2026-06-30,FALSE,
D005706,Line B,Standard,LineB-STA-00706,2026-06-30,FALSE,
D005727,Line B,Standard,LineB-STA-00727,2026-06-30,FALSE,
D005736,Line B,Standard,LineB-STA-00736,2026-06-30,FALSE,
D005749,Line B,Standard,LineB-STA-00749,2026-06-30,FALSE,
D005814,Line B,Standard,LineB-STA-00814,2026-06-30,FALSE,
D005987,Line B,Standard,LineB-STA-00987,2026-06-30,FALSE,
D006093,Line B,Standard,LineB-STA-01093,2026-06-30,FALSE,
D006221,Line B,Standard,LineB-STA-01221,2026-06-30,FALSE,
D006452,Line B,Standard,LineB-STA-01452,2026-06-30,FALSE,
D006729,Line B,Standard,LineB-STA-01729,2026-06-30,FALSE,
D006761,Line B,Standard,LineB-STA-01761,2026-06-30,FALSE,
D006820,Line B,Standard,LineB-STA-01820,2026-06-30,FALSE,
D007098,Line B,Standard,LineB-STA-02098,2026-06-30,FALSE,
D007231,Line B,Standard,LineB-STA-02231,2026-06-30,FALSE,
D007298,Line B,Standard,LineB-STA-02298,2026-06-30,FALSE,
D007341,Line B,Standard,LineB-STA-02341,2026-06-30,FALSE,
D007363,Line B,Standard,LineB-STA-02363,2026-06-30,FALSE,
D007434,Line B,Standard,LineB-STA-02434,2026-06-30,FALSE,
D007516,Line B,Standard,LineB-STA-02516,2026-06-30,FALSE,
D007537,Line B,Standard,LineB-STA-02537,2026-06-30,FALSE,
D007568,Line B,Standard,LineB-STA-02568,2026-06-30,FALSE,
D007581,Line B,Standard,LineB-STA-02581,2026-06-30,FALSE,
D007641,Line B,Standard,LineB-STA-02641,2026-06-30,FALSE,
D007697,Line B,Standard,LineB-STA-02697,2026-06-30,FALSE,
D007743,Line B,Standard,LineB-STA-02743,2026-06-30,FALSE,
D007853,Line B,Standard,LineB-STA-02853,2026-06-30,FALSE,
D008044,Line B,Standard,LineB-STA-03044,2026-06-30,FALSE,
D008151,Line B,Standard,LineB-STA-03151,2026-06-30,FALSE,
D008273,Line B,Standard,LineB-STA-03273,2026-06-30,FALSE,
D008318,Line B,Standard,LineB-STA-03318,2026-06-30,FALSE,
D008339,Line B,Standard,LineB-STA-03339,2026-06-30,FALSE,
D008342,Line B,Standard,LineB-STA-03342,2026-06-30,FALSE,
D008484,Line B,Standard,LineB-STA-03484,2026-06-30,FALSE,
D008541,Line B,Standard,LineB-STA-03541,2026-06-30,FALSE,
D008628,Line B,Standard,LineB-STA-03628,2026-06-30,FALSE,
D008997,Line B,Standard,LineB-STA-03997,2026-06-30,FALSE,
D009114,Line B,Standard,LineB-STA-04114,2026-06-30,FALSE,
D009188,Line B,Standard,LineB-STA-04188,2026-06-30,FALSE,
D009282,Line B,Pro,LineB-PRO-00032,2026-06-30,FALSE,
D009291,Line B,Pro,LineB-PRO-00041,2026-06-30,TRUE,component_misalignment
D009317,Line B,Pro,LineB-PRO-00067,2026-06-30,FALSE,
D009336,Line B,Pro,LineB-PRO-00086,2026-06-30,FALSE,
D009341,Line B,Pro,LineB-PRO-00091,2026-06-30,FALSE,
D009677,Line B,Pro,LineB-PRO-00427,2026-06-30,FALSE,
D009709,Line B,Pro,LineB-PRO-00459,2026-06-30,FALSE,
